day,E_kWh,P_peak_W,Load_factor,peak_sin,peak_cos,ratio_day_night
2024-10-01,15.361,5398.0,0.11857014943806347,0.22707626303437328,-0.9738769792773336,10.0
2024-10-02,9.098,5240.0,0.0723441475826972,-0.849202181526579,-0.5280678506503678,10.0
2024-10-03,10.9815,4842.0,0.0944986575795126,-0.683592302022871,-0.7298640726978359,10.0
2024-10-04,11.792,5390.0,0.09115646258503401,-0.8819212643483549,-0.47139673682599786,10.0
2024-10-05,22.08,5622.0,0.16364283173247954,-0.22707626303437303,-0.9738769792773336,10.0
2024-10-07,10.3035,7286.0,0.05892293439472962,-0.7730104533627367,-0.6343932841636459,10.0
2024-10-08,26.26,8770.0,0.12476244773850248,-0.09801714032956059,-0.9951847266721969,10.0
2024-10-09,20.838,7838.0,0.1107744322531258,0.5280678506503681,-0.8492021815265788,10.0
2024-10-10,21.053,6780.0,0.12938176007866273,-0.9569403357322088,-0.29028467725446244,10.0
2024-10-11,20.494,8574.0,0.09959373299121374,0.032719082821776005,-0.9994645874763657,10.0
2024-10-12,21.7555,8818.0,0.1027987260905723,-0.9359059267573255,-0.35225004792123393,10.0
2024-10-16,27.918,6184.0,0.18810640362225098,-0.9108638249211759,-0.41270702980439467,10.0
2024-10-17,17.471,6190.0,0.11760231556273561,-0.7730104533627367,-0.6343932841636459,10.0
2024-10-18,14.7635,6852.0,0.08977609943568789,-0.9108638249211759,-0.41270702980439467,10.0
2024-10-19,19.353,6254.0,0.12893748001279182,0.22707626303437328,-0.9738769792773336,10.0
2024-10-20,25.31475,6456.0,0.16337999535315986,0.1628954733945889,-0.986643332084879,10.0
2024-10-21,9.564,6564.0,0.06070993296770262,-0.8128466845916151,-0.5824776968678023,10.0
2024-10-22,8.3525,5906.0,0.05892665650750649,-0.8819212643483549,-0.47139673682599786,10.0
2024-10-23,12.1765,5612.0,0.09040523283440248,-0.03271908282177576,-0.9994645874763657,10.0
2024-10-24,10.799,4914.0,0.09156661239994573,-0.849202181526579,-0.5280678506503678,10.0
2024-10-25,19.404,5466.0,0.14791437980241492,-0.7730104533627367,-0.6343932841636459,10.0
2024-10-26,21.873,5100.0,0.17870098039215687,-0.683592302022871,-0.7298640726978359,10.0
2024-10-27,15.2485,4626.0,0.13734417783542296,-0.5280678506503679,-0.8492021815265789,10.0
2024-10-28,7.4715,4954.0,0.06284063383124748,-0.03271908282177576,-0.9994645874763657,10.0
2024-10-29,3.9995,4948.0,0.03367943276744813,-0.03271908282177576,-0.9994645874763657,10.0
2024-10-30,3.5615,4132.0,0.03591380283962569,0.47139673682599786,-0.8819212643483549,10.0
2024-11-01,5.28,4292.0,0.05125815470643057,-0.9108638249211759,-0.41270702980439467,10.0
2024-11-02,3.981,4406.0,0.037647526100771676,-0.29028467725446255,-0.9569403357322088,10.0
2024-11-03,7.183,4398.0,0.06805176595422162,-0.9951847266721968,-0.09801714032956134,10.0
2024-11-04,14.8585,5796.0,0.10681576374511156,0.4127070298043946,-0.9108638249211759,10.0
2024-11-05,17.0575,5226.0,0.13599869243525958,0.09801714032956083,-0.9951847266721968,3.0959298835394407
2024-11-06,5.0025,5890.0,0.0353883701188455,0.1628954733945889,-0.986643332084879,10.0
2024-11-11,6.0575,4378.0,0.05765094411451196,-0.5824776968678024,-0.812846684591615,10.0
2024-11-13,3.5575,3432.0,0.043190316627816625,-0.9951847266721968,-0.09801714032956134,3.827001356852103
2024-11-14,11.2505,4190.0,0.11187848050914877,-0.849202181526579,-0.5280678506503678,10.0
2024-11-15,6.767,5462.0,0.051621811302331254,-0.9738769792773337,-0.22707626303437292,7.232360097323601
2024-11-16,13.1535,6458.0,0.08486567048621864,0.35225004792123343,-0.9359059267573258,10.0
2024-11-17,12.8445,6856.0,0.07806118728121353,-0.9994645874763657,0.032719082821776144,5.92799352750809
2024-11-18,15.492,6624.0,0.09744867149758454,0.6343932841636455,-0.773010453362737,10.0
2024-11-19,11.901,6118.0,0.0810518143184047,-0.7730104533627367,-0.6343932841636459,10.0
2024-11-20,10.9825,6578.0,0.06956585081585082,-0.5824776968678024,-0.812846684591615,10.0
2024-11-21,13.959,4928.0,0.11802455357142858,0.5824776968678022,-0.8128466845916151,10.0
2025-01-22,2.872,2106.0,0.05682177904400127,-0.9738769792773337,-0.22707626303437292,3.344931921331316
2025-01-24,6.2295,2454.0,0.10577118989405053,0.4127070298043946,-0.9108638249211759,5.738236884802596
2025-01-28,6.74375,2170.0,0.12948828725038403,0.7298640726978356,-0.6835923020228714,10.0
2025-01-29,3.707,2016.0,0.07661623677248677,0.5824776968678022,-0.8128466845916151,10.0
2025-01-30,3.173,2190.0,0.060369101978691025,0.35225004792123343,-0.9359059267573258,10.0
2025-01-31,7.5415,2400.0,0.13092881944444446,0.8128466845916152,-0.582477696867802,1.6267850923023337
2025-02-01,4.3715,3186.0,0.05717069470600544,0.7730104533627371,-0.6343932841636454,9.649208282582217
2025-02-03,3.459,2506.0,0.057511971268954507,0.2902846772544628,-0.9569403357322087,0.6738446648923301
2025-02-09,13.039,4306.0,0.126170846880322,-0.03271908282177576,-0.9994645874763657,10.0
2025-02-10,4.782,2710.0,0.0735239852398524,-0.5824776968678024,-0.812846684591615,3.1456436931079326
2025-02-11,2.953,2734.0,0.04500426725188979,-0.9738769792773339,0.22707626303437256,1.2935922330097087
2025-02-12,4.586,2574.0,0.07423594923594924,-0.22707626303437303,-0.9738769792773336,2.9483426603529916
2025-02-13,4.5845,2774.0,0.0688611511655852,0.032719082821776005,-0.9994645874763657,6.418284789644013
2025-02-14,7.925,2692.0,0.12266282813273897,-0.9569403357322088,-0.29028467725446244,2.198143664245359
2025-02-15,5.60425,2500.0,0.09340416666666666,-0.9738769792773339,0.22707626303437256,3.0087625178826896
2025-02-17,3.4175,2874.0,0.049546218974715846,-0.881921264348355,0.4713967368259976,1.8949597628123676
2025-02-18,3.3325,2538.0,0.05471007354872603,0.6835923020228716,-0.7298640726978354,4.332
2025-02-19,7.9775,2730.0,0.1217567155067155,0.6835923020228716,-0.7298640726978354,1.2653698707936958
2025-02-20,6.4215,3076.0,0.08698390767230169,-0.9951847266721968,-0.09801714032956134,2.345402448554311
2025-02-21,4.0065,3168.0,0.05269491792929293,0.032719082821776005,-0.9994645874763657,3.2441737288135593
2025-02-22,4.7035,3128.0,0.0626531862745098,0.032719082821776005,-0.9994645874763657,10.0
2025-02-23,9.90475,3082.0,0.13390587821760763,0.6835923020228716,-0.7298640726978354,1.9377873350140886
2025-02-25,13.7785,3288.0,0.1746058901054339,0.5824776968678022,-0.8128466845916151,1.4756984996855629
2025-02-26,13.535,3368.0,0.1674460609659541,0.6343932841636455,-0.773010453362737,2.658108108108108
2025-02-27,7.292,2914.0,0.10426675817890642,-0.9738769792773339,0.22707626303437256,0.757531935406122
2025-02-28,3.1895,2076.0,0.0640153339755941,0.22707626303437328,-0.9738769792773336,2.691550925925926
2025-03-01,7.4945,3136.0,0.09957615858843537,-0.47139673682599764,-0.881921264348355,1.5426632739609838
2025-03-02,9.7495,3484.0,0.1165984978951397,-0.47139673682599764,-0.881921264348355,5.4353135313531356
2025-03-03,3.4255,2808.0,0.05082947530864197,0.7298640726978356,-0.6835923020228714,1.3829565217391304
2025-03-04,7.727,3216.0,0.10011142205638474,-0.9569403357322088,-0.29028467725446244,2.6891859632370494
2025-03-05,7.0315,3484.0,0.0840927573670111,0.1628954733945889,-0.986643332084879,7.740211311373524
2025-03-06,8.22,2720.0,0.12591911764705882,-0.9994645874763657,-0.03271908282177651,10.0
2025-03-07,7.8455,3110.0,0.10511120042872454,-0.9994645874763657,0.032719082821776144,5.4705154639175255
2025-03-08,5.9555,3234.0,0.0767303133374562,0.1628954733945889,-0.986643332084879,10.0
2025-03-09,9.0985,3748.0,0.10114839025257916,0.5280678506503681,-0.8492021815265788,2.540272373540856
2025-03-10,6.9035,3450.0,0.08337560386473429,-0.9994645874763657,0.032719082821776144,0.9351086194814295
2025-03-12,2.609,2890.0,0.037615340253748554,-0.9994645874763657,-0.03271908282177651,2.5961405926946934
2025-03-13,8.9225,2718.0,0.13678102771645817,-0.9569403357322088,-0.29028467725446244,4.314175104228708
2025-03-16,9.4985,3056.0,0.1295061627399651,0.8128466845916152,-0.582477696867802,1.1239937388193202
2025-03-17,2.94,2556.0,0.047926447574334896,0.7298640726978356,-0.6835923020228714,1.3834616943656262
2025-03-18,12.2215,4226.0,0.12049909291686386,-0.683592302022871,-0.7298640726978359,6.225243866390778
2025-03-19,6.3575,2894.0,0.09153276894724717,-0.881921264348355,0.4713967368259976,0.4192432191092756
2025-03-20,5.7675,3288.0,0.07308774330900243,-0.03271908282177576,-0.9994645874763657,10.0
2025-03-21,7.6865,3772.0,0.08490743195475432,-0.29028467725446255,-0.9569403357322088,10.0
2025-03-22,9.3755,3398.0,0.11496345889739061,0.09801714032956083,-0.9951847266721968,3.1084574934268185
2025-03-23,8.4755,3524.0,0.10021164396519107,-0.986643332084879,-0.16289547339458896,6.513741134751773
2025-03-25,8.208,2830.0,0.12084805653710247,-0.8819212643483549,-0.47139673682599786,2.8826868495742666
2025-03-27,16.04,2960.0,0.2257882882882883,-0.9994645874763657,0.032719082821776144,0.30976197280855755
2025-03-29,7.4805,3026.0,0.1030031394580304,-0.9951847266721968,0.09801714032956096,4.878585461689587
2025-03-31,5.652,3014.0,0.07813536828135369,-0.986643332084879,0.1628954733945886,1.1054200037250885
2025-04-03,10.516,3712.0,0.11804058908045978,0.7730104533627371,-0.6343932841636454,1.0166842458529102
2025-04-04,5.987,2848.0,0.08759070692883895,-0.7730104533627367,-0.6343932841636459,2.2886569623729747
2025-04-05,12.443,3526.0,0.14703866515409342,-0.03271908282177576,-0.9994645874763657,2.2813818565400843
2025-04-06,18.895,4034.0,0.19516402247562387,-0.5280678506503679,-0.8492021815265789,3.577277131782946
2025-04-07,11.1795,3710.0,0.12555592991913747,0.7298640726978356,-0.6835923020228714,1.381150159744409
2025-04-08,5.1405,2666.0,0.08034039759939984,0.8492021815265789,-0.528067850650368,1.685035257247323
2025-04-09,7.621,2948.0,0.10771426956128449,0.032719082821776005,-0.9994645874763657,1.8452492066455106
2025-04-10,8.7225,3270.0,0.11114296636085627,-0.986643332084879,-0.16289547339458896,5.633079847908745
2025-04-12,13.059,3132.0,0.1737308429118774,-0.16289547339458865,-0.986643332084879,1.638714891897353
2025-04-13,12.6475,3250.0,0.16214743589743588,0.47139673682599786,-0.8819212643483549,2.4480643402399127
2025-04-14,6.7555,2982.0,0.09439274536105523,-0.9359059267573256,0.35225004792123354,1.2814927389395474
2025-04-15,8.979,3490.0,0.10719914040114613,-0.6835923020228714,0.7298640726978356,1.2181324110671936
2025-04-16,8.762,3426.0,0.106562560809496,0.09801714032956083,-0.9951847266721968,1.0277713492247165
2025-04-17,7.3855,3510.0,0.0876721272554606,-0.986643332084879,-0.16289547339458896,2.9159597030752917
2025-04-18,10.107,3804.0,0.11070583596214512,0.4127070298043946,-0.9108638249211759,2.35279482501244
2025-04-19,13.9005,3528.0,0.1641687925170068,-0.9569403357322088,-0.29028467725446244,2.8601777284087753
2025-04-20,14.8365,4330.0,0.14276847575057736,-0.9738769792773339,0.22707626303437256,1.306131965493122
2025-04-21,10.888,3972.0,0.11421617992614971,-0.8128466845916151,-0.5824776968678023,0.5155902004454342
2025-04-22,6.4935,3136.0,0.08627630739795919,0.35225004792123343,-0.9359059267573258,10.0
2025-04-23,9.8375,3388.0,0.12098460251869342,-0.47139673682599764,-0.881921264348355,0.9018849685838569
2025-04-24,8.431,3308.0,0.10619457879887143,-0.5824776968678024,-0.812846684591615,1.292590074779062
2025-04-26,11.0045,3840.0,0.11940646701388888,-0.9738769792773337,-0.22707626303437292,1.4386703601108033
2025-04-27,7.1625,3424.0,0.08716048481308411,-0.7730104533627367,-0.6343932841636459,1.093380096448926
2025-04-28,11.46,2964.0,0.16109986504723348,0.032719082821776005,-0.9994645874763657,2.9979068550497123
2025-04-29,7.45,2938.0,0.10565577490356252,-0.8128466845916154,0.5824776968678019,1.766431489045674
2025-04-30,6.16,3248.0,0.07902298850574713,-0.9994645874763657,-0.03271908282177651,10.0
2025-05-01,11.982,3526.0,0.14159103800340328,0.5280678506503681,-0.8492021815265788,3.740652818991098
2025-05-02,4.446,2946.0,0.06288187372708758,-0.8819212643483549,-0.47139673682599786,6.996402877697841
2025-05-03,6.805,3100.0,0.09146505376344087,-0.8128466845916154,0.5824776968678019,2.1316152784169353
2025-05-04,13.676,3634.0,0.1568060906255733,-0.910863824921176,0.41270702980439433,1.1201457251375861
2025-05-06,12.2155,3692.0,0.13786001263994221,-0.8128466845916151,-0.5824776968678023,0.8702442011789022
2025-05-07,6.21,3424.0,0.07556950934579439,-0.9738769792773337,-0.22707626303437292,10.0
2025-05-08,8.926,3706.0,0.10035527972656953,0.8128466845916152,-0.582477696867802,6.583687340696686
2025-05-09,8.507,3228.0,0.10980741429161503,-0.9569403357322088,-0.29028467725446244,1.7561963388951887
2025-05-10,8.0545,3336.0,0.10060076938449242,0.032719082821776005,-0.9994645874763657,3.8115292712066906
2025-05-11,10.5845,3708.0,0.11893765731751169,-0.910863824921176,0.41270702980439433,2.43262526349927
2025-05-12,16.417,3878.0,0.1763903214715489,0.8492021815265789,-0.528067850650368,0.78058568329718
2025-05-13,6.61,2674.0,0.10299800548491649,-0.9951847266721968,0.09801714032956096,0.6290819470117067
2025-05-14,13.916,3206.0,0.18085880640465796,-0.9994645874763657,0.032719082821776144,1.8081929169609525
2025-05-15,5.16,3226.0,0.0666460012399256,0.7730104533627371,-0.6343932841636454,4.142002989536622
2025-05-16,8.8125,3704.0,0.09913269438444924,-0.03271908282177576,-0.9994645874763657,0.8947538163835734
2025-05-17,8.881,3442.0,0.1075077474336626,-0.8819212643483549,-0.47139673682599786,8.867777777777778
2025-05-18,14.7875,3896.0,0.15814831451060918,-0.9951847266721968,-0.09801714032956134,3.4194560669456067
2025-05-19,11.4295,3756.0,0.1267915779197728,-0.6343932841636453,-0.7730104533627371,1.443767372247167
2025-05-20,6.647,3014.0,0.0918906215439062,-0.9569403357322089,0.29028467725446205,2.0365463682046596
2025-05-21,10.457,3474.0,0.12541978507004414,0.7730104533627371,-0.6343932841636454,2.2642422350554083
2025-05-22,7.6455,4078.0,0.07811733692986758,-0.9108638249211759,-0.41270702980439467,4.998823067869753
2025-05-23,11.406,3774.0,0.12592739798622152,0.7730104533627371,-0.6343932841636454,5.848393875712999
2025-05-24,9.2965,3624.0,0.1068858075791023,-0.8128466845916154,0.5824776968678019,1.7668154761904762
2025-05-25,6.1845,3688.0,0.06987188177874186,-0.683592302022871,-0.7298640726978359,1.7462255772646536
2025-05-26,8.5855,3432.0,0.10423344017094018,-0.9994645874763657,0.032719082821776144,0.5863821138211383
2025-05-27,6.377,3594.0,0.07393108885179002,-0.6343932841636459,0.7730104533627367,1.207720270036351
2025-05-28,12.4975,4380.0,0.11888793759512936,-0.5824776968678024,-0.812846684591615,4.177091963545982
2025-05-29,8.5,3088.0,0.1146912780656304,-0.9108638249211759,-0.41270702980439467,2.502987842571605
2025-05-30,9.336,3610.0,0.1077562326869806,-0.9569403357322089,0.29028467725446205,1.0362050163576881
2025-05-31,3.503,3172.0,0.046014606977721736,-0.986643332084879,-0.16289547339458896,5.9229249011857705
2025-06-01,10.121,3716.0,0.11348448152134911,-0.9951847266721968,0.09801714032956096,1.089173289297141
2025-06-02,11.483,3556.0,0.13454958755155605,-0.986643332084879,-0.16289547339458896,1.545273190734789
2025-06-03,10.049,3588.0,0.11669685990338163,-0.9951847266721968,-0.09801714032956134,10.0
2025-06-04,8.076,3600.0,0.09347222222222222,-0.8128466845916151,-0.5824776968678023,2.313230769230769
2025-06-05,9.092,3892.0,0.0973364165810209,-0.9994645874763657,-0.03271908282177651,1.1491549462238506
2025-06-08,7.302,3698.0,0.0822742022714981,-0.910863824921176,0.41270702980439433,0.43697727049099677
2025-06-09,7.6305,3974.0,0.0800044036235531,-0.9359059267573255,-0.35225004792123393,5.483007646559049
2025-06-10,13.1975,3928.0,0.13999384758995248,-0.881921264348355,0.4713967368259976,0.6902535860655737
2025-06-11,6.2865,3576.0,0.07324874161073826,-0.9994645874763657,-0.03271908282177651,5.145161290322581
2025-06-12,6.051,3450.0,0.07307971014492753,0.7730104533627371,-0.6343932841636454,0.8578446423088733
2025-06-13,8.148,3580.0,0.09483240223463688,-0.849202181526579,-0.5280678506503678,1.8154803040774015
2025-06-14,6.879,3606.0,0.07948557958957293,-0.910863824921176,0.41270702980439433,2.976300578034682
2025-06-15,16.884,3938.0,0.17864398171660742,-0.9569403357322089,0.29028467725446205,1.1153918436384138
2025-06-16,4.7645,3486.0,0.05694803021610251,-0.9569403357322088,-0.29028467725446244,3.5462786259541983
2025-06-17,10.259,3648.0,0.11717607821637427,0.032719082821776005,-0.9994645874763657,2.1149233338393807
2025-06-18,11.5805,3632.0,0.13285265234948604,-0.8492021815265792,0.5280678506503674,0.38580745527433735
2025-06-19,6.129,3450.0,0.07402173913043478,-0.9951847266721968,0.09801714032956096,0.8957624497370863
2025-06-20,4.8455,3446.0,0.05858846005029987,-0.9569403357322088,-0.29028467725446244,1.9286793593230582
2025-06-21,6.625,4016.0,0.06873547476759628,0.7730104533627371,-0.6343932841636454,10.0
2025-06-22,7.8045,3592.0,0.09053104120267261,-0.9994645874763657,-0.03271908282177651,10.0
2025-06-23,10.905,4064.0,0.1118048720472441,-0.986643332084879,-0.16289547339458896,1.7562239352963478
2025-06-24,6.6365,3324.0,0.08318917970316887,0.5280678506503681,-0.8492021815265788,4.2986027944111775
2025-06-25,9.955,4466.0,0.0928776683087028,-0.986643332084879,0.1628954733945886,0.4159732593698883
2025-06-26,3.148,2810.0,0.0466785290628707,-0.9994645874763657,0.032719082821776144,0.3316412859560068
2025-06-28,6.651,3604.0,0.07689372918978912,-0.9108638249211759,-0.41270702980439467,3.4251497005988023
2025-06-29,10.5445,4366.0,0.10063082149946558,-0.9359059267573255,-0.35225004792123393,2.690759537976899
2025-06-30,5.465,3076.0,0.07402741655830082,-0.881921264348355,0.4713967368259976,0.555650441218332
2025-07-01,6.8345,3376.0,0.08435155015797788,-0.986643332084879,0.1628954733945886,0.9856188262638002
2025-07-02,6.1035,3300.0,0.07706439393939393,0.7730104533627371,-0.6343932841636454,10.0
2025-07-03,5.3655,3786.0,0.05904978869519282,-0.910863824921176,0.41270702980439433,1.213490099009901
2025-07-04,8.2525,3850.0,0.08931277056277057,-0.910863824921176,0.41270702980439433,0.4645075421472937
2025-07-05,7.266,3342.0,0.09058946738479952,-0.881921264348355,0.4713967368259976,1.316594930655189
2025-07-06,2.293,3294.0,0.029004756122242462,0.2902846772544628,-0.9569403357322087,10.0
2025-07-09,8.635,3102.0,0.11598699763593381,-0.9569403357322089,0.29028467725446205,0.4977018471945191
2025-07-10,5.461,3084.0,0.07378134457414613,-0.8128466845916154,0.5824776968678019,0.6836750423924772
2025-07-11,4.2705,2868.0,0.0620423640167364,-0.9994645874763657,-0.03271908282177651,1.1883166794773252
2025-07-14,8.534,3356.0,0.10595450933651171,-0.9108638249211759,-0.41270702980439467,0.5704821494295178
2025-07-15,6.357,3116.0,0.08500481386392811,-0.9359059267573256,0.35225004792123354,0.612428662016487
2025-07-16,6.351,3512.0,0.07534880410022779,-0.9738769792773337,-0.22707626303437292,3.757303370786517
2025-07-17,3.3075,2862.0,0.04815251572327044,-0.9569403357322088,-0.29028467725446244,2.537433155080214
2025-07-18,7.559,3394.0,0.09279856609703398,-0.9108638249211759,-0.41270702980439467,4.803454894433782
2025-07-19,7.327,3152.0,0.0968564932318105,-0.9951847266721968,0.09801714032956096,0.886700141624823
2025-07-21,6.3425,2956.0,0.08940149977447,-0.9951847266721968,0.09801714032956096,2.456403269754768
2025-07-22,13.229,3458.0,0.15940090611143243,-0.03271908282177576,-0.9994645874763657,5.046160877513711
2025-07-23,16.555,3658.0,0.18857071259340258,-0.910863824921176,0.41270702980439433,2.172671521655807
2025-07-24,12.4685,3452.0,0.1504985032831209,-0.8128466845916154,0.5824776968678019,1.8532036613272311
2025-07-25,14.70875,1784.0,0.3435339592675635,0.35225004792123343,-0.9359059267573258,1.029983093537591
2025-07-27,5.2095,1352.0,0.16054918639053253,0.9569403357322089,-0.29028467725446216,0.5755330409798881
2025-07-30,4.77,3158.0,0.06293540215326156,-0.22707626303437303,-0.9738769792773336,10.0
2025-08-03,9.973,3248.0,0.12793770525451562,-0.9738769792773337,-0.22707626303437292,8.561840843720038
2025-08-07,3.667,3400.0,0.04493872549019608,-0.9108638249211759,-0.41270702980439467,10.0
2025-08-11,3.171,2850.0,0.04635964912280702,-0.9569403357322088,-0.29028467725446244,1.9266266728195662
2025-08-12,4.4795,2940.0,0.06348497732426304,-0.9359059267573256,0.35225004792123354,0.22057220708446867
2025-08-13,3.2535,2986.0,0.04539936369725385,-0.986643332084879,-0.16289547339458896,7.5058823529411764
2025-08-14,3.6485,3092.0,0.049165858128503666,-0.8492021815265792,0.5280678506503674,1.4964078002052685
2025-08-15,6.417,3218.0,0.08308732131758856,-0.9951847266721968,-0.09801714032956134,1.9564616447823082
2025-08-16,4.418,3474.0,0.05298886969871426,-0.986643332084879,0.1628954733945886,1.2773195876288659
2025-08-17,6.4105,3712.0,0.07195694145114943,-0.9951847266721968,-0.09801714032956134,1.7232370433305013
2025-08-18,4.8825,3454.0,0.05889910248986682,0.2902846772544628,-0.9569403357322087,0.48494525547445255
2025-08-19,3.1805,3642.0,0.036386829580816404,-0.9951847266721968,-0.09801714032956134,10.0
2025-08-20,3.012,2758.0,0.045503988397389415,-0.910863824921176,0.41270702980439433,0.14896051878695404
2025-08-22,8.077,3472.0,0.09693020353302612,-0.9994645874763657,-0.03271908282177651,1.3513828238719068
2025-08-23,2.6525,3174.0,0.03482067842890149,0.7298640726978356,-0.6835923020228714,1.5628019323671498
2025-08-24,3.9795,3098.0,0.05352243382827631,-0.881921264348355,0.4713967368259976,0.17841279241930708
2025-08-25,4.391,2968.0,0.061643643306379156,-0.9994645874763657,0.032719082821776144,1.3282078472958643
2025-08-27,4.8215,3658.0,0.05491958264989977,-0.4127070298043944,-0.910863824921176,3.326155226558995
2025-08-28,3.499,3360.0,0.04339037698412698,-0.986643332084879,-0.16289547339458896,1.1212488632919067
2025-08-29,6.2585,3308.0,0.07883036074163643,0.8128466845916152,-0.582477696867802,3.0785272075594654
2025-08-30,3.867,3060.0,0.052655228758169935,-0.9994645874763657,-0.03271908282177651,9.697095435684647
2025-08-31,7.6595,3138.0,0.10170357977480347,-0.5280678506503679,-0.8492021815265789,1.0532100254657553
2025-09-01,5.5595,3488.0,0.06641222285932721,-0.9994645874763657,0.032719082821776144,0.9534434293745608
2025-09-02,2.9735,2886.0,0.042929949179949176,-0.881921264348355,0.4713967368259976,0.13168411037107516
2025-09-03,4.117,2876.0,0.05964592025961984,-0.9994645874763657,-0.03271908282177651,7.427840327533265
2025-09-04,6.5275,3494.0,0.07784177637855372,-0.986643332084879,-0.16289547339458896,2.6640471512770136
2025-09-05,2.6885,3150.0,0.03556216931216931,-0.8819212643483549,-0.47139673682599786,4.2509765625
2025-09-06,5.2615,3386.0,0.06474576688324472,-0.9994645874763657,-0.03271908282177651,0.5840734607857896
2025-09-07,8.2635,3170.0,0.10861593059936908,-0.986643332084879,0.1628954733945886,1.8847966486297782
2025-09-08,2.7245,2916.0,0.03893032693187014,-0.986643332084879,0.1628954733945886,1.8694049499736705
2025-09-12,5.612,3378.0,0.06922241957765937,-0.9994645874763657,0.032719082821776144,0.8781793842034806
2025-09-14,5.1605,3758.0,0.05721682632605996,-0.849202181526579,-0.5280678506503678,4.4321052631578945
2025-09-15,4.74,3492.0,0.056557846506300115,-0.9951847266721968,-0.09801714032956134,0.5344771770799611
2025-09-16,5.26,3338.0,0.06565807868983423,-0.9569403357322089,0.29028467725446205,0.6152310763089206
2025-09-17,10.299,3886.0,0.11042846114256305,-0.9738769792773337,-0.22707626303437292,1.4742342342342343
2025-09-19,3.033,3364.0,0.03756688466111772,-0.986643332084879,0.1628954733945886,0.1703646536754775
2025-09-20,5.402,3432.0,0.06558372183372184,-0.9994645874763657,0.032719082821776144,1.9665019220208677
2025-09-21,9.6785,3464.0,0.11641767705927636,-0.5824776968678024,-0.812846684591615,1.0025863852679495
2025-09-22,3.336,3314.0,0.041943270971635485,-0.9359059267573256,0.35225004792123354,0.09971979561562551
2025-09-23,3.637,3166.0,0.047865340071594015,-0.9738769792773337,-0.22707626303437292,1.1889858561540776
2025-09-27,7.466,3050.0,0.10199453551912567,-0.9569403357322089,0.29028467725446205,0.64467452362595
2025-09-28,8.44,3036.0,0.1158322353974528,0.4127070298043946,-0.9108638249211759,2.751944876639253
2025-09-29,5.0605,2912.0,0.07240871108058608,-0.22707626303437303,-0.9738769792773336,10.0
2025-09-30,4.6755,3538.0,0.05506288863764839,-0.5824776968678024,-0.812846684591615,7.110147441457069
2025-10-01,3.515,2850.0,0.051388888888888894,-0.7298640726978357,-0.6835923020228712,10.0
2025-10-02,6.889,2860.0,0.10036421911421912,-0.9738769792773337,-0.22707626303437292,1.0650479616306954
2025-10-03,7.091,2870.0,0.1029471544715447,0.35225004792123343,-0.9359059267573258,1.9744127516778522
2025-10-04,7.2645,3248.0,0.09319196428571429,-0.8819212643483549,-0.47139673682599786,10.0
2025-10-05,4.201,2808.0,0.062336775878442545,-0.6343932841636453,-0.7730104533627371,2.668995633187773
2025-10-06,2.26,3060.0,0.030773420479302833,-0.9738769792773339,0.22707626303437256,0.3480465254995526
2025-10-07,5.301,3142.0,0.07029758115849777,-0.9108638249211759,-0.41270702980439467,4.174231332357247
2025-10-08,2.582,2650.0,0.04059748427672956,-0.9994645874763657,-0.03271908282177651,0.9182763744427934
2025-10-10,5.811,3138.0,0.07715901848311026,-0.986643332084879,0.1628954733945886,0.7951807228915663
2025-10-12,11.129,2668.0,0.1738037231384308,-0.9994645874763657,0.032719082821776144,0.8621266627624864
2025-10-13,6.0215,2932.0,0.08557156662119145,-0.9994645874763657,-0.03271908282177651,1.2607471372254553
2025-10-15,8.9415,2940.0,0.12672193877551022,-0.881921264348355,0.4713967368259976,0.8923809523809524
2025-10-17,3.4765,2550.0,0.056805555555555554,-0.9994645874763657,0.032719082821776144,0.3355743373031118
2025-10-18,5.4485,3056.0,0.07428692190226877,-0.9994645874763657,-0.03271908282177651,1.1163332685958438
2025-10-19,6.299,2672.0,0.0982254241516966,-0.6343932841636453,-0.7730104533627371,4.523016220955721
2025-10-20,4.6985,2938.0,0.06663404810528704,-0.9994645874763657,-0.03271908282177651,2.0850295469468154
2025-10-21,5.9775,2924.0,0.08517869357045144,-0.9951847266721968,0.09801714032956096,0.9974937343358395
2025-10-22,2.58,2866.0,0.03750872295882764,-0.9359059267573256,0.35225004792123354,0.40945096968041517
2025-10-23,4.376,2610.0,0.0698595146871009,-0.9738769792773339,0.22707626303437256,0.9588182632050134
2025-10-25,3.5515,2906.0,0.05092194310621702,-0.9359059267573255,-0.35225004792123393,10.0
2025-10-26,10.206,2804.0,0.15165834522111268,-0.29028467725446255,-0.9569403357322088,2.8939336131247617
2025-10-27,5.0755,3066.0,0.06897559252011307,0.47139673682599786,-0.8819212643483549,4.833908045977012
2025-10-29,5.17,2870.0,0.07505807200929152,-0.986643332084879,0.1628954733945886,1.4843825084094187
2025-10-31,2.962,2488.0,0.049604769560557344,-0.7730104533627374,0.6343932841636449,0.8110669520024457
2025-11-01,5.8665,3106.0,0.07869848679974244,-0.986643332084879,-0.16289547339458896,1.522683293915287
2025-11-02,8.1125,3080.0,0.10974702380952381,-0.9951847266721968,0.09801714032956096,4.17049075844487
2025-11-03,3.718,2966.0,0.052230838390649584,-0.9569403357322089,0.29028467725446205,0.8387734915924827
2025-11-04,2.759,3042.0,0.03779037913653298,0.6835923020228716,-0.7298640726978354,0.8572871087176035
2025-11-09,2.775,2748.0,0.04207605531295488,0.9569403357322089,-0.29028467725446216,0.4971675209063933
2025-11-10,2.338,2710.0,0.03594710947109471,-0.9738769792773337,-0.22707626303437292,10.0
2025-11-11,6.5815,2846.0,0.09635599672054346,0.5280678506503681,-0.8492021815265788,1.5058062059775366
2025-11-13,3.581,2976.0,0.05013720878136201,-0.9994645874763657,-0.03271908282177651,0.28789786009710483
2025-11-15,3.4495,2574.0,0.055838837088837086,-0.8819212643483549,-0.47139673682599786,10.0
2025-11-16,4.08125,2580.0,0.06591166020671835,0.881921264348355,-0.4713967368259977,10.0
2025-11-18,2.343,2016.0,0.04842509920634921,-0.910863824921176,0.41270702980439433,0.3618134263295554
2025-11-21,3.0405,2454.0,0.05162489812550937,-0.9569403357322089,0.29028467725446205,0.53444360333081
2025-11-23,7.122,2638.0,0.11249052312357846,-0.9359059267573256,0.35225004792123354,1.034566490501357
2025-11-25,2.435,2384.0,0.04255802572706935,-0.9951847266721968,0.09801714032956096,1.0090759075907592
2025-11-28,5.207,2586.0,0.08389726733694251,-0.9994645874763657,0.032719082821776144,2.8499075785582253
2025-11-30,4.4345,2714.0,0.06808063129452223,0.1628954733945889,-0.986643332084879,10.0
