nom,client,fam,mois,jours,verdict,manques,NRMSE,FFT,E,fc
0016GBO__Avril,0016GBO,grain_milling,Avril,26,non verifiable,2,13.43988531703002,8.23585783554305,3.7834334502888467,15
0016GBO__Decembre,0016GBO,grain_milling,Decembre,23,non verifiable,2,14.049068221610867,13.451515295258096,1.1355410072219736,15
0016GBO__Fevrier,0016GBO,grain_milling,Fevrier,17,non verifiable,0,11.531305837627187,10.278902071073446,0.9047440541250557,15
0016GBO__Janvier,0016GBO,grain_milling,Janvier,21,rejetee,1,11.208315936071395,7.588761949454101,0.254097877036773,15
0016GBO__Juin,0016GBO,grain_milling,Juin,26,non verifiable,2,11.355847545166384,18.120885558050706,1.8327230329197883,15
0016GBO__Mai,0016GBO,grain_milling,Mai,29,non verifiable,2,11.277503632058302,15.9770550489202,1.4115675239854406,15
0016GBO__Mars,0016GBO,grain_milling,Mars,19,non verifiable,0,8.195048957732395,17.205731571141143,2.927624728371772,15
0017SAM__Aout_avant_2025-09-25,0017SAM,cold_chain,Aout,25,non verifiable,2,9.661478627426016,28.154642575796963,3.1427509847522606,15
0017SAM__Avril_avant_2025-09-25,0017SAM,cold_chain,Avril,29,non verifiable,3,8.967911670767318,35.091757043905545,4.126857788352978,15
0017SAM__Avril_depuis_2025-09-25,0017SAM,cold_chain,Avril,26,non verifiable,3,10.18032934619846,29.353238963695233,1.6995372444938952,15
0017SAM__Decembre_avant_2025-09-25,0017SAM,cold_chain,Decembre,30,non verifiable,1,6.8500938914683385,9.119186984327149,3.3695182081649437,15
0017SAM__Decembre_depuis_2025-09-25,0017SAM,cold_chain,Decembre,10,non verifiable,0,4.688387502486811,7.445146912191872,2.2831693737960475,15
0017SAM__Fevrier_depuis_2025-09-25,0017SAM,cold_chain,Fevrier,20,non verifiable,3,10.491384723946023,22.829263870372998,2.0368072564436592,15
0017SAM__Janvier_depuis_2025-09-25,0017SAM,cold_chain,Janvier,30,non verifiable,2,9.87979320457311,21.73664488858943,0.8947029273205208,15
0017SAM__Juillet_avant_2025-09-25,0017SAM,cold_chain,Juillet,24,non verifiable,3,10.693321413211375,20.048315614386343,3.6538512305461244,15
0017SAM__Juin_avant_2025-09-25,0017SAM,cold_chain,Juin,30,non verifiable,1,7.876303231882352,11.433303578892549,0.06008968609906124,30
0017SAM__Mai_avant_2025-09-25,0017SAM,cold_chain,Mai,31,non verifiable,0,12.029765448728371,9.850629277574486,5.3644553909958645,30
0017SAM__Mars_avant_2025-09-25,0017SAM,cold_chain,Mars,12,non verifiable,1,11.264723059707695,17.449811616298568,0.24456039577866795,15
0017SAM__Mars_depuis_2025-09-25,0017SAM,cold_chain,Mars,26,non verifiable,2,6.8715907843165684,28.787789062493257,4.292114717790512,15
0017SAM__Novembre_depuis_2025-09-25,0017SAM,cold_chain,Novembre,23,non verifiable,1,8.984549171850933,15.710237178492603,3.0767050227607764,15
0017SAM__Octobre_depuis_2025-09-25,0017SAM,cold_chain,Octobre,26,non verifiable,5,7.626034193778473,21.922145837245647,3.293565716424971,15
0018SAM__Avril_avant_2025-10-02,0018SAM,cold_chain,Avril,29,non verifiable,4,10.834879286061476,43.87783187355975,1.7393211714831258,30
0018SAM__Avril_depuis_2025-10-02,0018SAM,cold_chain,Avril,27,non verifiable,3,5.4450313609655225,9.866209937037295,0.060697310095506114,30
0018SAM__Decembre_depuis_2025-10-02,0018SAM,cold_chain,Decembre,10,non verifiable,2,15.628232698024652,47.46975206904814,3.4526978227438376,30
0018SAM__Fevrier_avant_2025-10-02,0018SAM,cold_chain,Fevrier,33,non verifiable,2,10.355501977465616,26.869970969593414,2.1988112482037887,15
0018SAM__Fevrier_depuis_2025-10-02,0018SAM,cold_chain,Fevrier,20,non verifiable,2,7.522303984439977,8.846450272439718,0.7789483032812315,15
0018SAM__Janvier_avant_2025-10-02,0018SAM,cold_chain,Janvier,14,non verifiable,2,7.92959129400838,17.593347733683355,2.71566710387139,30
0018SAM__Janvier_depuis_2025-10-02,0018SAM,cold_chain,Janvier,30,non verifiable,4,10.877274818914385,20.738940438251994,1.8117195653427574,30
0018SAM__Mars_avant_2025-10-02,0018SAM,cold_chain,Mars,30,non verifiable,1,8.541772591231066,18.84344360769546,1.9698427055170276,30
0018SAM__Mars_depuis_2025-10-02,0018SAM,cold_chain,Mars,26,non verifiable,3,11.543793921495322,18.797434135577582,0.10041103935286766,15
0018SAM__Novembre_depuis_2025-10-02,0018SAM,cold_chain,Novembre,24,non verifiable,3,7.24919894670612,29.304044233923225,0.8660910815125128,30
0018SAM__Octobre_depuis_2025-10-02,0018SAM,cold_chain,Octobre,26,non verifiable,3,11.147273400408148,34.55731335543947,1.5499763952107577,30
0035SAM__Avril,0035SAM,cold_chain,Avril,54,non verifiable,2,7.845630986415849,22.48877861025796,2.4795261930469032,15
0035SAM__Decembre,0035SAM,cold_chain,Decembre,18,non verifiable,3,8.771365043214347,29.526215850667697,0.15994548048525092,15
0035SAM__Fevrier,0035SAM,cold_chain,Fevrier,25,non verifiable,2,9.61999151809158,21.410114817716284,3.342218876014869,15
0035SAM__Janvier,0035SAM,cold_chain,Janvier,31,non verifiable,4,16.863363138590913,21.395883901117188,5.803234106338287,15
0035SAM__Juillet,0035SAM,cold_chain,Juillet,26,rejetee,2,10.0560647147412,16.54844216842345,1.7458451753102904,15
0035SAM__Juin,0035SAM,cold_chain,Juin,27,rejetee,4,10.126476461128787,26.347623738283378,4.9399684937177435,60
0035SAM__Mai,0035SAM,cold_chain,Mai,31,rejetee,3,7.583259556814979,19.812020417920536,1.0215854469812566,60
0035SAM__Mars,0035SAM,cold_chain,Mars,56,rejetee,2,5.381856017115403,11.109514635144318,3.2444734306046104,15
0035SAM__Novembre,0035SAM,cold_chain,Novembre,25,non verifiable,5,15.263124850948714,31.473611395777528,2.5800744150407207,15
0035SAM__Octobre,0035SAM,cold_chain,Octobre,30,non verifiable,3,10.663798767392187,18.23189400823276,5.371950678611867,15
0043SAM__Aout,0043SAM,grain_milling,Aout,27,non verifiable,1,8.046076559244243,20.893924177850455,0.32483439556115,15
0043SAM__Avril,0043SAM,grain_milling,Avril,26,rejetee,1,6.180682923571035,14.191993651185191,1.6066491691658535,15
0043SAM__Decembre,0043SAM,grain_milling,Decembre,10,non verifiable,1,6.921131584844472,14.403168113975855,0.9685398750307324,15
0043SAM__Fevrier,0043SAM,grain_milling,Fevrier,22,non verifiable,4,11.910427170898354,24.96829151213071,0.7173185857888441,15
0043SAM__Janvier,0043SAM,grain_milling,Janvier,30,non verifiable,1,9.514349349780739,12.825890705359447,4.690524285816737,15
0043SAM__Juillet,0043SAM,grain_milling,Juillet,20,non verifiable,1,7.485928965681472,11.453652181076,3.3044211433894386,15
0043SAM__Juin,0043SAM,grain_milling,Juin,27,non verifiable,1,9.849713522219822,8.447404019343331,0.5083428144772477,15
0043SAM__Mai,0043SAM,grain_milling,Mai,33,non verifiable,1,9.38746458383242,14.87706827839349,3.1706530651336275,15
0043SAM__Mars,0043SAM,grain_milling,Mars,51,non verifiable,1,5.922793967671145,13.56413037657657,0.5648571138538585,15
0043SAM__Novembre,0043SAM,grain_milling,Novembre,24,non verifiable,2,8.882582925894095,10.589432070801914,4.0391559871038565,15
0043SAM__Septembre,0043SAM,grain_milling,Septembre,24,rejetee,1,6.929371214225035,5.591769493167777,1.286510366380688,15
0097SAM__Aout,0097SAM,grain_milling,Aout,28,rejetee,1,7.154702342145387,9.8311208181251,1.7193891535451562,15
0097SAM__Avril,0097SAM,grain_milling,Avril,54,rejetee,1,7.372781277327876,12.622280582736096,0.7757113976370461,15
0097SAM__Decembre,0097SAM,grain_milling,Decembre,10,rejetee,4,10.375513682449029,12.660733864135262,3.303052035513941,15
0097SAM__Fevrier,0097SAM,grain_milling,Fevrier,40,rejetee,1,6.525565497868864,14.407170909870132,2.4631344099417114,15
0097SAM__Janvier,0097SAM,grain_milling,Janvier,30,rejetee,1,5.6734986023098966,13.269320654815658,0.9432421341666885,15
0097SAM__Juillet,0097SAM,grain_milling,Juillet,32,rejetee,1,7.801322048081801,18.851754385018268,1.3142510232160463,15
0097SAM__Juin,0097SAM,grain_milling,Juin,40,rejetee,1,6.277277960678421,10.690607981603845,0.09109864690431702,15
0097SAM__Mai,0097SAM,grain_milling,Mai,40,rejetee,2,6.801457672743054,20.73425818704667,0.4827293410918032,10
0097SAM__Mars,0097SAM,grain_milling,Mars,54,rejetee,2,6.149405500793121,26.670191503147205,0.007092381967746795,15
0097SAM__Novembre,0097SAM,grain_milling,Novembre,24,rejetee,2,9.021088292564736,21.983037234960328,2.981143792441263,15
0097SAM__Octobre,0097SAM,grain_milling,Octobre,24,rejetee,3,8.401417160271658,24.26506592381486,0.3576988019083529,15
0097SAM__Septembre,0097SAM,grain_milling,Septembre,23,rejetee,2,8.542760195762215,22.70692508450634,0.6652498838707579,15
0151GBO__Avril_avant_2025-09-17,0151GBO,cold_chain,Avril,23,non verifiable,5,13.85502086641127,24.28255088894213,2.13149940641497,5
0151GBO__Avril_depuis_2025-09-17,0151GBO,cold_chain,Avril,20,non verifiable,2,9.46376850153932,31.06544382042679,0.22948410845326062,15
0151GBO__Decembre_depuis_2025-09-17,0151GBO,cold_chain,Decembre,11,non verifiable,2,16.534500834189718,23.586546605682994,0.8415203954820204,15
0151GBO__Fevrier_depuis_2025-09-17,0151GBO,cold_chain,Fevrier,19,rejetee,4,10.603954149192031,25.537545590212318,0.5249910127144438,15
0151GBO__Janvier_depuis_2025-09-17,0151GBO,cold_chain,Janvier,16,rejetee,3,7.127145190634747,24.19984447570102,0.42382694495260465,15
0151GBO__Juillet_avant_2025-09-17,0151GBO,cold_chain,Juillet,21,non verifiable,0,5.606619340768737,13.759782697343775,0.8266609864445974,15
0151GBO__Juillet_depuis_2025-09-17,0151GBO,cold_chain,Juillet,23,non verifiable,2,7.268330087294649,34.24489973178057,1.9814625286957355,15
0151GBO__Juin_avant_2025-09-17,0151GBO,cold_chain,Juin,26,non verifiable,1,7.044447087222147,22.548495788333124,1.501729543824708,15
0151GBO__Juin_depuis_2025-09-17,0151GBO,cold_chain,Juin,29,non verifiable,1,6.19545000939029,11.298033389196549,0.5130613123793202,15
0151GBO__Mai_avant_2025-09-17,0151GBO,cold_chain,Mai,28,rejetee,1,8.303820795214847,25.130569077017878,0.0013558318119245324,10
0151GBO__Mai_depuis_2025-09-17,0151GBO,cold_chain,Mai,20,non verifiable,0,8.352384345852414,19.985040725233613,0.7575810847236871,15
0151GBO__Mars_avant_2025-09-17,0151GBO,cold_chain,Mars,10,non verifiable,5,14.344480249367322,81.84870986247685,1.629923151162928,5
0151GBO__Mars_depuis_2025-09-17,0151GBO,cold_chain,Mars,22,rejetee,1,10.207409812094985,16.854538875529098,2.830027116400149,15
0151GBO__Novembre_depuis_2025-09-17,0151GBO,cold_chain,Novembre,30,non verifiable,2,7.081383834562908,26.512176769855273,1.6269796388263755,15
0151GBO__Octobre_depuis_2025-09-17,0151GBO,cold_chain,Octobre,30,rejetee,2,8.069668925779297,22.235476323557872,0.5554289586533792,15
0151GBO__Septembre_avant_2025-09-17,0151GBO,cold_chain,Septembre,11,non verifiable,0,6.997334678310237,6.958725582206336,0.1790657490461694,15
0152GBO__Avril_active,0152GBO,poultry_incubation,Avril,24,rejetee,1,8.601400364656579,12.114239952209338,1.1869017274244147,15
0152GBO__Fevrier_active,0152GBO,poultry_incubation,Fevrier,14,non verifiable,2,10.24167574350312,28.398304656531227,0.7699784019550496,15
0152GBO__Janvier_active,0152GBO,poultry_incubation,Janvier,22,validee,0,6.562738866852369,19.392808521270084,0.5496317665102987,15
0152GBO__Juin_active,0152GBO,poultry_incubation,Juin,11,non verifiable,2,9.10779767869394,28.342082674841464,0.09454146024836652,15
0152GBO__Mai_active,0152GBO,poultry_incubation,Mai,25,non verifiable,0,9.532638094467233,12.490065146259521,0.1317611531427655,5
0152GBO__Mars_active,0152GBO,poultry_incubation,Mars,15,validee,0,8.623095581915512,18.19513888283611,0.41289497439389516,15
0154GBO__Aout,0154GBO,grain_milling,Aout,21,rejetee,2,10.167752176393426,9.905641506822382,5.458733601297474,15
0154GBO__Avril,0154GBO,grain_milling,Avril,46,rejetee,2,7.718582581697767,22.166928264558805,0.3406627229975051,15
0154GBO__Fevrier,0154GBO,grain_milling,Fevrier,38,rejetee,1,8.885590754085197,15.59871216708683,0.908612556299285,30
0154GBO__Janvier,0154GBO,grain_milling,Janvier,21,rejetee,1,9.353876933180025,11.462959912550884,0.36486971556374165,30
0154GBO__Juillet,0154GBO,grain_milling,Juillet,44,validee,0,8.16775821986412,9.991871023023219,2.477432344804614,15
0154GBO__Juin,0154GBO,grain_milling,Juin,49,validee,0,5.989912743583395,9.510696884862483,1.82206908800215,15
0154GBO__Mai,0154GBO,grain_milling,Mai,36,rejetee,2,7.2864428689400365,10.594971232624232,0.940752424900256,15
0154GBO__Mars,0154GBO,grain_milling,Mars,41,rejetee,1,8.476431886290051,19.15253600038047,1.1280438483753112,15
0154GBO__Novembre,0154GBO,grain_milling,Novembre,30,rejetee,1,6.112359574376994,7.0555900065031,0.13832015755188293,30
0154GBO__Octobre,0154GBO,grain_milling,Octobre,29,validee,0,5.862839479863838,10.292917639597707,3.2234134040476836,15
0154GBO__Septembre,0154GBO,grain_milling,Septembre,22,rejetee,2,7.735907980609394,20.01973388586516,0.7804664711965467,15
