mois,jours_calendaires,jours_propres,jours_actifs,energie_kWh,creneaux_en_coupure,occasional_use,signale_mois_pauvre,client,famille
2025-02,4,2,2,0.0475,0,1.0,True,0043SAM,grain_milling
2025-03,31,30,22,220.5925,0,0.7333333333333333,False,0043SAM,grain_milling
2025-04,30,27,12,0.0605,0,0.4444444444444444,False,0043SAM,grain_milling
2025-05,31,31,23,196.303,0,0.7419354838709677,False,0043SAM,grain_milling
2025-06,30,27,24,461.736,0,0.8888888888888888,False,0043SAM,grain_milling
2025-07,31,21,19,596.4662500000001,0,0.9047619047619048,False,0043SAM,grain_milling
2025-08,31,28,28,431.6705,0,1.0,False,0043SAM,grain_milling
2025-09,30,24,23,875.2205,0,0.9583333333333334,False,0043SAM,grain_milling
2025-10,31,26,7,84.93675,4,0.2692307692307692,False,0043SAM,grain_milling
2025-11,30,24,24,362.18975,0,1.0,False,0043SAM,grain_milling
2025-12,31,10,9,87.19524999999999,0,0.9,False,0043SAM,grain_milling
2026-01,31,30,23,159.7175,0,0.7666666666666667,False,0043SAM,grain_milling
2026-02,28,20,11,184.9745,0,0.55,False,0043SAM,grain_milling
2026-03,31,26,26,839.9795,0,1.0,False,0043SAM,grain_milling
2026-04,30,27,27,679.72675,2,1.0,False,0043SAM,grain_milling
2026-05,31,4,4,351.676,0,1.0,True,0043SAM,grain_milling
2026-06,30,1,1,0.76625,0,1.0,True,0043SAM,grain_milling
2026-07,30,4,4,10.8235,0,1.0,True,0043SAM,grain_milling
