jour,mois,creneaux_manquants,pire_trou,creneaux_en_coupure,garde,actif,motif,energie_kWh,pointe_W,rejet_commun_site
2024-11-29,2024-11,82,64,0,False,False,moins de 90 creneaux valides,0.0,,False
2024-11-30,2024-11,35,35,0,False,False,moins de 90 creneaux valides,0.0615,,False
2024-12-01,2024-12,0,0,0,True,True,,0.023,10.0,False
2024-12-02,2024-12,18,15,0,False,False,moins de 90 creneaux valides,0.0,,True
2024-12-03,2024-12,6,3,0,False,False,trou de plus de 30 min,0.0,,False
2024-12-04,2024-12,17,6,0,False,False,moins de 90 creneaux valides,0.0,,True
2024-12-05,2024-12,11,8,0,False,False,moins de 90 creneaux valides,0.0,,True
2024-12-06,2024-12,17,9,0,False,False,moins de 90 creneaux valides,0.0,,True
2024-12-07,2024-12,0,0,0,True,False,,0.0,0.0,False
2024-12-08,2024-12,0,0,0,True,False,,0.0,0.0,False
2024-12-09,2024-12,0,0,0,True,False,,0.0,0.0,False
2024-12-10,2024-12,3,3,0,False,False,trou de plus de 30 min,0.02025,,True
2024-12-11,2024-12,0,0,0,True,True,,0.029,10.0,False
2024-12-12,2024-12,0,0,0,True,True,,0.004,10.0,False
2024-12-13,2024-12,5,5,0,False,False,trou de plus de 30 min,0.023,,True
2024-12-14,2024-12,0,0,0,True,True,,0.022,22.0,False
2024-12-15,2024-12,0,0,0,True,True,,0.0255,10.0,False
2024-12-16,2024-12,0,0,0,True,True,,0.027,10.0,False
2024-12-17,2024-12,0,0,0,True,True,,0.01125,10.0,False
2024-12-18,2024-12,0,0,0,True,True,,0.014,10.0,False
2024-12-19,2024-12,0,0,0,True,True,,0.098,12.0,False
2024-12-20,2024-12,0,0,0,True,True,,0.13675,14.0,False
2024-12-21,2024-12,0,0,0,True,True,,0.12975,14.0,False
2024-12-22,2024-12,0,0,0,True,True,,0.111,22.0,False
2024-12-23,2024-12,0,0,0,True,False,,0.0,0.0,False
2024-12-24,2024-12,0,0,0,True,False,,0.0,0.0,False
2024-12-25,2024-12,0,0,0,True,False,,0.0,0.0,False
2024-12-26,2024-12,0,0,0,True,False,,0.0,0.0,False
2024-12-27,2024-12,0,0,0,True,False,,0.0,0.0,False
2024-12-28,2024-12,0,0,0,True,False,,0.0,0.0,False
2024-12-29,2024-12,0,0,0,True,False,,0.0,0.0,False
2024-12-30,2024-12,0,0,0,True,True,,0.182,112.0,False
2024-12-31,2024-12,0,0,0,True,True,,1.60425,192.0,False
2025-01-01,2025-01,11,11,0,False,False,moins de 90 creneaux valides,1.758,,True
2025-01-02,2025-01,6,6,0,False,False,trou de plus de 30 min,2.0385,,True
2025-01-03,2025-01,8,8,0,False,False,moins de 90 creneaux valides,1.88825,,True
2025-01-04,2025-01,8,8,0,False,False,moins de 90 creneaux valides,1.582,,True
2025-01-05,2025-01,20,20,0,False,False,moins de 90 creneaux valides,1.2005,,True
2025-01-06,2025-01,0,0,0,True,True,,0.85725,110.0,False
2025-01-07,2025-01,0,0,0,True,True,,1.5915,128.0,False
2025-01-08,2025-01,0,0,0,True,True,,1.79625,130.0,False
2025-01-09,2025-01,0,0,0,True,True,,1.93925,144.0,False
2025-01-10,2025-01,0,0,0,True,True,,1.398,138.0,False
2025-01-11,2025-01,0,0,0,True,True,,1.28525,140.0,False
2025-01-12,2025-01,0,0,0,True,True,,1.582,122.0,False
2025-01-13,2025-01,0,0,0,True,True,,1.88625,116.0,False
2025-01-14,2025-01,0,0,0,True,True,,1.47,106.0,False
2025-01-15,2025-01,3,3,0,False,False,trou de plus de 30 min,1.662,,False
2025-01-16,2025-01,0,0,0,True,True,,1.77225,128.0,False
2025-01-17,2025-01,0,0,0,True,True,,0.939,122.0,False
2025-01-18,2025-01,0,0,0,True,True,,0.6725,68.0,False
2025-01-19,2025-01,0,0,0,True,True,,1.14625,142.0,False
2025-01-20,2025-01,4,4,0,False,False,trou de plus de 30 min,1.537,,True
2025-01-21,2025-01,0,0,0,True,True,,1.5715,146.0,False
2025-01-22,2025-01,0,0,0,True,True,,1.363,160.0,False
2025-01-23,2025-01,0,0,0,True,True,,1.88425,140.0,False
2025-01-24,2025-01,0,0,0,True,True,,1.391,120.0,False
2025-01-25,2025-01,13,5,0,False,False,moins de 90 creneaux valides,1.459,,True
2025-01-26,2025-01,0,0,0,True,True,,1.2665,148.0,False
2025-01-27,2025-01,19,11,0,False,False,moins de 90 creneaux valides,1.6785,,True
2025-01-28,2025-01,0,0,0,True,True,,1.44175,130.0,False
2025-01-29,2025-01,0,0,0,True,True,,1.8475,140.0,False
2025-01-30,2025-01,0,0,0,True,True,,1.8655,152.0,False
2025-01-31,2025-01,0,0,0,True,True,,1.748,140.0,False
2025-02-01,2025-02,0,0,0,True,True,,2.1425,144.0,False
2025-02-02,2025-02,16,16,0,False,False,moins de 90 creneaux valides,2.233,,True
2025-02-03,2025-02,0,0,0,True,True,,2.01225,128.0,False
2025-02-04,2025-02,9,9,0,False,False,moins de 90 creneaux valides,1.83375,,True
2025-02-05,2025-02,7,7,0,False,False,moins de 90 creneaux valides,2.0385,,True
2025-02-06,2025-02,7,7,0,False,False,moins de 90 creneaux valides,1.9205,,True
2025-02-07,2025-02,4,4,0,False,False,trou de plus de 30 min,2.326,,False
2025-02-08,2025-02,24,12,0,False,False,moins de 90 creneaux valides,1.9425,,True
2025-02-09,2025-02,7,5,0,False,False,moins de 90 creneaux valides,2.65225,,False
2025-02-10,2025-02,7,3,0,False,False,moins de 90 creneaux valides,1.94375,,False
2025-02-11,2025-02,0,0,0,True,True,,3.04175,204.0,False
2025-02-12,2025-02,0,0,0,True,True,,3.48975,200.0,False
2025-02-13,2025-02,0,0,0,True,True,,3.00625,224.0,False
2025-02-14,2025-02,0,0,0,True,True,,2.7,224.0,False
2025-02-15,2025-02,5,5,0,False,False,trou de plus de 30 min,0.36275,,True
2025-02-16,2025-02,11,11,0,False,False,moins de 90 creneaux valides,0.2525,,True
2025-02-17,2025-02,0,0,0,True,True,,0.143,26.0,False
2025-02-18,2025-02,0,0,0,True,True,,0.1925,20.0,False
2025-02-19,2025-02,0,0,0,True,True,,0.20675,22.0,False
2025-02-20,2025-02,0,0,0,True,True,,0.207,20.0,False
2025-02-21,2025-02,0,0,0,True,True,,0.26725,26.0,False
2025-02-22,2025-02,0,0,0,True,True,,1.20925,210.0,False
2025-02-23,2025-02,4,4,0,False,False,trou de plus de 30 min,2.7845,,True
2025-02-24,2025-02,8,8,0,False,False,moins de 90 creneaux valides,2.306,,True
2025-02-25,2025-02,0,0,0,True,True,,2.57275,216.0,False
2025-02-26,2025-02,0,0,0,True,True,,2.896,220.0,False
2025-02-27,2025-02,0,0,0,True,True,,3.30775,200.0,False
2025-02-28,2025-02,4,4,0,False,False,trou de plus de 30 min,3.3675,,True
2025-03-01,2025-03,0,0,0,True,True,,2.495,200.0,False
2025-03-02,2025-03,0,0,0,True,True,,2.92475,202.0,False
2025-03-03,2025-03,0,0,0,True,True,,1.467,140.0,False
2025-03-04,2025-03,0,0,0,True,True,,2.44,160.0,False
2025-03-05,2025-03,0,0,0,True,True,,2.5615,222.0,False
2025-03-06,2025-03,5,5,0,False,False,trou de plus de 30 min,3.0075,,True
2025-03-07,2025-03,0,0,0,True,True,,3.4565,186.0,False
2025-03-08,2025-03,0,0,0,True,True,,2.769,200.0,False
2025-03-09,2025-03,0,0,0,True,True,,2.83275,192.0,False
2025-03-10,2025-03,3,3,0,False,False,trou de plus de 30 min,2.84775,,True
2025-03-11,2025-03,42,42,0,False,False,moins de 90 creneaux valides,1.7945,,True
2025-03-12,2025-03,0,0,0,True,True,,3.19025,224.0,False
2025-03-13,2025-03,0,0,0,True,True,,3.11075,190.0,False
2025-03-14,2025-03,7,7,0,False,False,moins de 90 creneaux valides,2.494,,True
2025-03-15,2025-03,11,8,0,False,False,moins de 90 creneaux valides,0.939,,True
2025-03-16,2025-03,0,0,0,True,True,,1.03275,138.0,False
2025-03-17,2025-03,4,4,0,False,False,trou de plus de 30 min,2.621,,True
2025-03-18,2025-03,0,0,0,True,True,,2.7735,182.0,False
2025-03-19,2025-03,0,0,0,True,True,,2.494,156.0,False
2025-03-20,2025-03,5,5,0,False,False,trou de plus de 30 min,2.678,,True
2025-03-21,2025-03,0,0,0,True,True,,2.36775,182.0,False
2025-03-22,2025-03,0,0,0,True,True,,1.89325,130.0,False
2025-03-23,2025-03,3,3,0,False,False,trou de plus de 30 min,2.34075,,False
2025-03-24,2025-03,15,15,0,False,False,moins de 90 creneaux valides,1.8805,,True
2025-03-25,2025-03,0,0,0,True,True,,2.68975,202.0,False
2025-03-26,2025-03,8,8,0,False,False,moins de 90 creneaux valides,2.3695,,True
2025-03-27,2025-03,0,0,0,True,True,,1.1545,174.0,False
2025-03-28,2025-03,22,22,0,False,False,moins de 90 creneaux valides,1.642,,True
2025-03-29,2025-03,4,4,0,False,False,trou de plus de 30 min,2.48,,True
2025-03-30,2025-03,8,8,0,False,False,moins de 90 creneaux valides,2.483,,True
2025-03-31,2025-03,0,0,0,True,True,,2.25175,218.0,False
2025-04-01,2025-04,9,9,0,False,False,moins de 90 creneaux valides,2.15425,,True
2025-04-02,2025-04,10,10,0,False,False,moins de 90 creneaux valides,2.19925,,True
2025-04-03,2025-04,0,0,0,True,True,,2.7145,200.0,False
2025-04-04,2025-04,0,0,0,True,True,,2.7725,190.0,False
2025-04-05,2025-04,0,0,0,True,True,,3.35425,212.0,False
2025-04-06,2025-04,0,0,0,True,True,,2.93375,194.0,False
2025-04-07,2025-04,0,0,0,True,True,,2.709,186.0,False
2025-04-08,2025-04,0,0,0,True,True,,2.4695,186.0,False
2025-04-09,2025-04,0,0,0,True,True,,2.2295,166.0,False
2025-04-10,2025-04,0,0,0,True,True,,2.44075,186.0,False
2025-04-11,2025-04,6,6,0,False,False,trou de plus de 30 min,2.3235,,True
2025-04-12,2025-04,0,0,0,True,True,,1.65,164.0,False
2025-04-13,2025-04,0,0,0,True,True,,2.641,196.0,False
2025-04-14,2025-04,0,0,0,True,True,,1.92075,194.0,False
2025-04-15,2025-04,0,0,0,True,True,,2.15225,162.0,False
2025-04-16,2025-04,0,0,0,True,True,,2.20825,188.0,False
2025-04-17,2025-04,0,0,0,True,True,,2.76725,182.0,False
2025-04-18,2025-04,0,0,0,True,True,,2.46375,178.0,False
2025-04-19,2025-04,0,0,0,True,True,,2.0195,146.0,False
2025-04-20,2025-04,0,0,0,True,True,,2.0165,162.0,False
2025-04-21,2025-04,0,0,0,True,True,,2.46825,176.0,False
2025-04-22,2025-04,0,0,0,True,True,,2.05775,190.0,False
2025-04-23,2025-04,0,0,0,True,True,,1.422,148.0,False
2025-04-24,2025-04,0,0,0,True,True,,1.5215,184.0,False
2025-04-25,2025-04,6,6,0,False,False,trou de plus de 30 min,1.42175,,True
2025-04-26,2025-04,0,0,0,True,True,,1.60125,116.0,False
2025-04-27,2025-04,0,0,0,True,True,,1.6235,178.0,False
2025-04-28,2025-04,0,0,0,True,True,,1.452,190.0,False
2025-04-29,2025-04,0,0,0,True,True,,1.9355,166.0,False
2025-04-30,2025-04,0,0,0,True,True,,2.75675,260.0,False
2025-05-01,2025-05,0,0,0,True,True,,3.74675,242.0,False
2025-05-02,2025-05,0,0,0,True,True,,3.93375,220.0,False
2025-05-03,2025-05,0,0,0,True,True,,3.793,266.0,False
2025-05-04,2025-05,0,0,0,True,True,,3.637,218.0,False
2025-05-05,2025-05,19,12,0,False,False,moins de 90 creneaux valides,2.13575,,True
2025-05-06,2025-05,0,0,0,True,True,,2.939,242.0,False
2025-05-07,2025-05,0,0,0,True,True,,2.8205,242.0,False
2025-05-08,2025-05,0,0,0,True,True,,1.658,80.0,False
2025-05-09,2025-05,0,0,0,True,True,,0.3575,82.0,False
2025-05-10,2025-05,0,0,0,True,True,,1.145,108.0,False
2025-05-11,2025-05,0,0,0,True,True,,1.75625,150.0,False
2025-05-12,2025-05,0,0,0,True,True,,2.488,152.0,False
2025-05-13,2025-05,0,0,0,True,True,,2.7105,154.0,False
2025-05-14,2025-05,0,0,0,True,True,,1.52825,164.0,False
2025-05-15,2025-05,0,0,0,True,True,,2.65725,144.0,False
2025-05-16,2025-05,0,0,0,True,True,,3.017,282.0,False
2025-05-17,2025-05,0,0,0,True,True,,4.8555,280.0,False
2025-05-18,2025-05,0,0,0,True,True,,2.053,274.0,False
2025-05-19,2025-05,0,0,0,True,True,,2.96725,282.0,False
2025-05-20,2025-05,0,0,0,True,True,,3.05425,178.0,False
2025-05-21,2025-05,0,0,0,True,True,,3.0445,152.0,False
2025-05-22,2025-05,0,0,0,True,True,,2.678,176.0,False
2025-05-23,2025-05,0,0,0,True,True,,3.8435,186.0,False
2025-05-24,2025-05,0,0,0,True,True,,3.4445,184.0,False
2025-05-25,2025-05,0,0,0,True,True,,2.8995,194.0,False
2025-05-26,2025-05,0,0,0,True,True,,2.61775,168.0,False
2025-05-27,2025-05,6,6,0,False,False,trou de plus de 30 min,2.09,,True
2025-05-28,2025-05,0,0,0,True,True,,2.4955,142.0,False
2025-05-29,2025-05,0,0,0,True,True,,2.77525,182.0,False
2025-05-30,2025-05,0,0,0,True,True,,2.261,168.0,False
2025-05-31,2025-05,0,0,0,True,True,,2.3175,166.0,False
2025-06-01,2025-06,0,0,0,True,True,,2.15975,178.0,False
2025-06-02,2025-06,0,0,0,True,True,,2.8785,176.0,False
2025-06-03,2025-06,0,0,0,True,True,,2.059,142.0,False
2025-06-04,2025-06,0,0,0,True,True,,0.9115,166.0,False
2025-06-05,2025-06,0,0,0,True,True,,2.50125,164.0,False
2025-06-06,2025-06,10,10,0,False,False,moins de 90 creneaux valides,2.55575,,True
2025-06-07,2025-06,3,3,0,False,False,trou de plus de 30 min,3.4615,,True
2025-06-08,2025-06,0,0,0,True,True,,1.781,174.0,False
2025-06-09,2025-06,0,0,0,True,True,,2.865,170.0,False
2025-06-10,2025-06,0,0,0,True,True,,2.645,160.0,False
2025-06-11,2025-06,0,0,0,True,True,,2.094,166.0,False
2025-06-12,2025-06,0,0,0,True,True,,3.18,164.0,False
2025-06-13,2025-06,0,0,0,True,True,,2.20725,144.0,False
2025-06-14,2025-06,0,0,0,True,False,,0.0,0.0,False
2025-06-15,2025-06,0,0,0,True,True,,0.6865,62.0,False
2025-06-16,2025-06,4,4,0,False,False,trou de plus de 30 min,1.374,,True
2025-06-17,2025-06,0,0,0,True,True,,1.35275,64.0,False
2025-06-18,2025-06,0,0,0,True,True,,1.496,70.0,False
2025-06-19,2025-06,0,0,0,True,True,,1.572,70.0,False
2025-06-20,2025-06,0,0,0,True,True,,1.33575,62.0,False
2025-06-21,2025-06,0,0,0,True,True,,1.4415,62.0,False
2025-06-22,2025-06,0,0,0,True,True,,0.434,62.0,False
2025-06-23,2025-06,0,0,0,True,False,,0.0,0.0,False
2025-06-24,2025-06,0,0,0,True,True,,1.54875,84.0,False
2025-06-25,2025-06,0,0,0,True,True,,1.3005,62.0,False
2025-06-26,2025-06,0,0,0,True,True,,1.466,62.0,False
2025-06-27,2025-06,9,9,0,False,False,moins de 90 creneaux valides,0.5395,,True
2025-06-28,2025-06,0,0,0,True,False,,0.0,0.0,False
2025-06-29,2025-06,0,0,0,True,False,,0.0,0.0,False
2025-06-30,2025-06,0,0,0,True,False,,0.0,0.0,False
2025-07-01,2025-07,0,0,0,True,False,,0.0,0.0,False
2025-07-02,2025-07,0,0,0,True,False,,0.0,0.0,False
2025-07-03,2025-07,0,0,0,True,False,,0.0,0.0,False
2025-07-04,2025-07,0,0,0,True,False,,0.0,0.0,False
2025-07-05,2025-07,0,0,0,True,False,,0.0,0.0,False
2025-07-06,2025-07,0,0,0,True,False,,0.0,0.0,False
2025-07-07,2025-07,16,16,0,False,False,moins de 90 creneaux valides,0.0,,True
2025-07-08,2025-07,3,3,0,False,False,trou de plus de 30 min,0.0,,True
2025-07-09,2025-07,0,0,0,True,False,,0.0,0.0,False
2025-07-10,2025-07,0,0,0,True,False,,0.0,0.0,False
2025-07-11,2025-07,0,0,0,True,False,,0.0,0.0,False
2025-07-12,2025-07,56,56,0,False,False,moins de 90 creneaux valides,0.0,,True
2025-07-13,2025-07,3,3,0,False,False,trou de plus de 30 min,0.0,,True
2025-07-14,2025-07,0,0,0,True,False,,0.0,0.0,False
2025-07-15,2025-07,0,0,0,True,False,,0.0,0.0,False
2025-07-16,2025-07,0,0,0,True,False,,0.0,0.0,False
2025-07-17,2025-07,0,0,0,True,False,,0.0,0.0,False
2025-07-18,2025-07,0,0,0,True,False,,0.0,0.0,False
2025-07-19,2025-07,0,0,0,True,False,,0.0,0.0,False
2025-07-20,2025-07,0,0,0,True,False,,0.0,0.0,False
2025-07-21,2025-07,0,0,0,True,False,,0.0,0.0,False
2025-07-22,2025-07,0,0,0,True,False,,0.0,0.0,False
2025-07-23,2025-07,5,5,0,False,False,trou de plus de 30 min,0.0,,True
2025-07-24,2025-07,0,0,0,True,False,,0.0,0.0,False
2025-07-25,2025-07,3,3,0,False,False,trou de plus de 30 min,0.0,,False
2025-07-26,2025-07,26,26,0,False,False,moins de 90 creneaux valides,0.0,,True
2025-07-27,2025-07,0,0,0,True,False,,0.0,0.0,False
2025-07-28,2025-07,90,90,0,False,False,moins de 90 creneaux valides,0.0,,True
2025-07-29,2025-07,29,23,0,False,False,moins de 90 creneaux valides,0.0,,True
2025-07-30,2025-07,3,3,0,False,False,trou de plus de 30 min,0.0,,True
2025-07-31,2025-07,26,17,0,False,False,moins de 90 creneaux valides,0.0,,True
2025-08-01,2025-08,55,48,0,False,False,moins de 90 creneaux valides,0.0,,True
2025-08-02,2025-08,27,9,0,False,False,moins de 90 creneaux valides,0.0,,True
2025-08-03,2025-08,5,5,0,False,False,trou de plus de 30 min,0.0,,True
2025-08-04,2025-08,27,23,0,False,False,moins de 90 creneaux valides,0.0,,True
2025-08-05,2025-08,4,4,0,False,False,trou de plus de 30 min,0.0,,True
2025-08-06,2025-08,13,7,0,False,False,moins de 90 creneaux valides,0.0,,True
2025-08-07,2025-08,0,0,0,True,False,,0.0,0.0,False
2025-08-08,2025-08,12,9,0,False,False,moins de 90 creneaux valides,0.0,,True
2025-08-09,2025-08,42,25,0,False,False,moins de 90 creneaux valides,0.0,,True
2025-08-10,2025-08,25,15,0,False,False,moins de 90 creneaux valides,0.0,,True
2025-08-11,2025-08,0,0,0,True,False,,0.0,0.0,False
2025-08-12,2025-08,9,9,0,False,False,moins de 90 creneaux valides,0.0,,True
2025-08-13,2025-08,0,0,0,True,False,,0.0,0.0,False
2025-08-14,2025-08,0,0,0,True,False,,0.0,0.0,False
2025-08-15,2025-08,0,0,0,True,False,,0.0,0.0,False
2025-08-16,2025-08,0,0,0,True,False,,0.0,0.0,False
2025-08-17,2025-08,0,0,0,True,False,,0.0,0.0,False
2025-08-18,2025-08,0,0,0,True,False,,0.0,0.0,False
2025-08-19,2025-08,0,0,0,True,False,,0.0,0.0,False
2025-08-20,2025-08,0,0,0,True,False,,0.0,0.0,False
2025-08-21,2025-08,0,0,0,True,False,,0.0,0.0,False
2025-08-22,2025-08,0,0,0,True,False,,0.0,0.0,False
2025-08-23,2025-08,0,0,0,True,False,,0.0,0.0,False
2025-08-24,2025-08,0,0,0,True,False,,0.0,0.0,False
2025-08-25,2025-08,0,0,0,True,False,,0.0,0.0,False
2025-08-26,2025-08,0,0,0,True,False,,0.0,0.0,False
2025-08-27,2025-08,0,0,0,True,False,,0.0,0.0,False
2025-08-28,2025-08,0,0,0,True,False,,0.0,0.0,False
2025-08-29,2025-08,0,0,0,True,False,,0.0,0.0,False
2025-08-30,2025-08,0,0,0,True,False,,0.0,0.0,False
2025-08-31,2025-08,0,0,0,True,False,,0.0,0.0,False
2025-09-01,2025-09,0,0,0,True,False,,0.0,0.0,False
2025-09-02,2025-09,0,0,0,True,False,,0.0,0.0,False
2025-09-03,2025-09,0,0,0,True,False,,0.0,0.0,False
2025-09-04,2025-09,0,0,0,True,False,,0.0,0.0,False
2025-09-05,2025-09,0,0,0,True,False,,0.0,0.0,False
2025-09-06,2025-09,0,0,0,True,False,,0.0,0.0,False
2025-09-07,2025-09,0,0,0,True,False,,0.0,0.0,False
2025-09-08,2025-09,0,0,0,True,False,,0.0,0.0,False
2025-09-09,2025-09,14,14,0,False,False,moins de 90 creneaux valides,0.0,,True
2025-09-10,2025-09,14,11,0,False,False,moins de 90 creneaux valides,0.0,,True
2025-09-11,2025-09,4,4,0,False,False,trou de plus de 30 min,0.0,,True
2025-09-12,2025-09,2,2,0,False,False,trou de plus de 30 min,0.0,,True
2025-09-13,2025-09,40,40,0,False,False,moins de 90 creneaux valides,0.0,,True
2025-09-14,2025-09,0,0,0,True,False,,0.0,0.0,False
2025-09-15,2025-09,0,0,0,True,False,,0.0,0.0,False
2025-09-16,2025-09,0,0,0,True,False,,0.0,0.0,False
2025-09-17,2025-09,0,0,0,True,False,,0.0,0.0,False
2025-09-18,2025-09,0,0,0,True,False,,0.0,0.0,False
2025-09-19,2025-09,0,0,0,True,False,,0.0,0.0,False
2025-09-20,2025-09,0,0,0,True,False,,0.0,0.0,False
2025-09-21,2025-09,0,0,0,True,False,,0.0,0.0,False
2025-09-22,2025-09,0,0,0,True,False,,0.0,0.0,False
2025-09-23,2025-09,0,0,0,True,False,,0.0,0.0,False
2025-09-24,2025-09,0,0,0,True,False,,0.0,0.0,False
2025-09-25,2025-09,14,14,0,False,False,moins de 90 creneaux valides,0.0,,True
2025-09-26,2025-09,3,3,0,False,False,trou de plus de 30 min,0.0,,True
2025-09-27,2025-09,0,0,0,True,False,,0.0,0.0,False
2025-09-28,2025-09,4,4,0,False,False,trou de plus de 30 min,0.0,,True
2025-09-29,2025-09,0,0,0,True,False,,0.0,0.0,False
2025-09-30,2025-09,0,0,0,True,False,,0.0,0.0,False
2025-10-01,2025-10,0,0,0,True,False,,0.0,0.0,False
2025-10-02,2025-10,0,0,0,True,False,,0.0,0.0,False
2025-10-03,2025-10,0,0,0,True,False,,0.0,0.0,False
2025-10-04,2025-10,0,0,0,True,False,,0.0,0.0,False
2025-10-05,2025-10,0,0,0,True,False,,0.0,0.0,False
2025-10-06,2025-10,0,0,0,True,False,,0.0,0.0,False
2025-10-07,2025-10,0,0,0,True,False,,0.0,0.0,False
2025-10-08,2025-10,0,0,0,True,False,,0.0,0.0,False
2025-10-09,2025-10,0,0,0,True,False,,0.0,0.0,False
2025-10-10,2025-10,0,0,0,True,False,,0.0,0.0,False
2025-10-11,2025-10,0,0,0,True,False,,0.0,0.0,False
2025-10-12,2025-10,0,0,0,True,False,,0.0,0.0,False
2025-10-13,2025-10,0,0,0,True,False,,0.0,0.0,False
2025-10-14,2025-10,0,0,0,True,False,,0.0,0.0,False
2025-10-15,2025-10,0,0,0,True,False,,0.0,0.0,False
2025-10-16,2025-10,0,0,0,True,False,,0.0,0.0,False
2025-10-17,2025-10,0,0,0,True,False,,0.0,0.0,False
2025-10-18,2025-10,0,0,0,True,False,,0.0,0.0,False
2025-10-19,2025-10,0,0,0,True,False,,0.0,0.0,False
2025-10-20,2025-10,0,0,0,True,True,,0.0335,10.0,False
2025-10-21,2025-10,0,0,0,True,True,,0.105,10.0,False
2025-10-22,2025-10,0,0,0,True,True,,0.033,10.0,False
2025-10-23,2025-10,0,0,0,True,True,,0.028,10.0,False
2025-10-24,2025-10,0,0,0,True,True,,0.05,10.0,False
2025-10-25,2025-10,0,0,0,True,True,,0.1065,12.0,False
2025-10-26,2025-10,0,0,0,True,True,,0.09375,10.0,False
2025-10-27,2025-10,0,0,0,True,True,,0.1105,10.0,False
2025-10-28,2025-10,13,13,0,False,False,moins de 90 creneaux valides,0.1165,,True
2025-10-29,2025-10,0,0,0,True,True,,0.113,10.0,False
2025-10-30,2025-10,0,0,0,True,True,,0.11175,10.0,False
2025-10-31,2025-10,0,0,0,True,True,,0.1115,10.0,False
2025-11-01,2025-11,0,0,0,True,True,,0.1165,10.0,False
2025-11-02,2025-11,0,0,0,True,True,,0.112,10.0,False
2025-11-03,2025-11,0,0,0,True,True,,0.09925,10.0,False
2025-11-04,2025-11,0,0,0,True,True,,0.0525,12.0,False
2025-11-05,2025-11,0,0,0,True,True,,0.118,12.0,False
2025-11-06,2025-11,0,0,0,True,True,,0.1135,12.0,False
2025-11-07,2025-11,0,0,0,True,True,,0.112,12.0,False
2025-11-08,2025-11,0,0,0,True,True,,0.1105,10.0,False
2025-11-09,2025-11,0,0,0,True,True,,0.1125,10.0,False
2025-11-10,2025-11,0,0,0,True,True,,0.113,10.0,False
2025-11-11,2025-11,0,0,0,True,True,,0.116,10.0,False
2025-11-12,2025-11,0,0,0,True,True,,0.11675,10.0,False
2025-11-13,2025-11,0,0,0,True,True,,0.1135,10.0,False
2025-11-14,2025-11,0,0,0,True,True,,0.114,10.0,False
2025-11-15,2025-11,0,0,0,True,True,,0.114,10.0,False
2025-11-16,2025-11,0,0,0,True,True,,0.112,10.0,False
2025-11-17,2025-11,0,0,0,True,True,,0.115,10.0,False
2025-11-18,2025-11,0,0,0,True,True,,0.114,10.0,False
2025-11-19,2025-11,0,0,0,True,True,,0.112,10.0,False
2025-11-20,2025-11,0,0,0,True,True,,0.11725,10.0,False
2025-11-21,2025-11,0,0,0,True,True,,0.113,10.0,False
2025-11-22,2025-11,0,0,0,True,True,,0.1145,10.0,False
2025-11-23,2025-11,0,0,0,True,True,,0.11175,10.0,False
2025-11-24,2025-11,0,0,0,True,True,,0.1135,10.0,False
2025-11-25,2025-11,0,0,0,True,True,,0.11325,10.0,False
2025-11-26,2025-11,0,0,0,True,True,,0.10325,10.0,False
2025-11-27,2025-11,0,0,0,True,True,,0.04925,10.0,False
2025-11-28,2025-11,0,0,0,True,True,,0.1135,10.0,False
2025-11-29,2025-11,0,0,0,True,True,,0.113,10.0,False
2025-11-30,2025-11,0,0,0,True,True,,0.114,10.0,False
2025-12-01,2025-12,0,0,0,True,True,,0.114,10.0,False
2025-12-02,2025-12,7,7,0,False,False,moins de 90 creneaux valides,0.104,,True
2025-12-03,2025-12,3,3,0,False,False,trou de plus de 30 min,0.1015,,True
2025-12-04,2025-12,0,0,0,True,True,,0.117,10.0,False
2025-12-05,2025-12,11,4,0,False,False,moins de 90 creneaux valides,0.11125,,False
2025-12-06,2025-12,0,0,0,True,True,,0.1135,10.0,False
2025-12-07,2025-12,0,0,0,True,True,,0.1145,10.0,False
2025-12-08,2025-12,0,0,0,True,True,,0.1155,10.0,False
2025-12-09,2025-12,0,0,0,True,True,,0.116,10.0,False
2025-12-10,2025-12,0,0,0,True,True,,0.1135,10.0,False
2025-12-11,2025-12,0,0,0,True,True,,0.1115,10.0,False
2025-12-12,2025-12,0,0,0,True,True,,0.107,10.0,False
2025-12-13,2025-12,0,0,0,True,True,,0.05,10.0,False
2025-12-14,2025-12,0,0,0,True,True,,0.116,10.0,False
2025-12-15,2025-12,93,93,0,False,False,moins de 90 creneaux valides,0.0075,,True
2025-12-16,2025-12,96,96,0,False,False,moins de 90 creneaux valides,0.0,,True
2025-12-17,2025-12,96,96,0,False,False,moins de 90 creneaux valides,0.0,,True
2025-12-18,2025-12,96,96,0,False,False,moins de 90 creneaux valides,0.0,,True
2025-12-19,2025-12,96,96,0,False,False,moins de 90 creneaux valides,0.0,,True
2025-12-20,2025-12,96,96,0,False,False,moins de 90 creneaux valides,0.0,,True
2025-12-21,2025-12,96,96,0,False,False,moins de 90 creneaux valides,0.0,,True
2025-12-22,2025-12,96,96,0,False,False,moins de 90 creneaux valides,0.0,,True
2025-12-23,2025-12,96,96,0,False,False,moins de 90 creneaux valides,0.0,,True
2025-12-24,2025-12,96,96,0,False,False,moins de 90 creneaux valides,0.0,,True
2025-12-25,2025-12,96,96,0,False,False,moins de 90 creneaux valides,0.0,,True
2025-12-26,2025-12,96,96,0,False,False,moins de 90 creneaux valides,0.0,,True
2025-12-27,2025-12,96,96,0,False,False,moins de 90 creneaux valides,0.0,,True
2025-12-28,2025-12,96,96,0,False,False,moins de 90 creneaux valides,0.0,,True
2025-12-29,2025-12,96,96,0,False,False,moins de 90 creneaux valides,0.0,,True
2025-12-30,2025-12,96,96,0,False,False,moins de 90 creneaux valides,0.0,,True
2025-12-31,2025-12,96,96,0,False,False,moins de 90 creneaux valides,0.0,,True
2026-01-01,2026-01,8,5,0,False,False,moins de 90 creneaux valides,0.0,,True
2026-01-02,2026-01,0,0,0,True,False,,0.0,0.0,False
2026-01-03,2026-01,0,0,0,True,False,,0.0,0.0,False
2026-01-04,2026-01,28,28,0,False,False,moins de 90 creneaux valides,0.0,,True
2026-01-05,2026-01,30,29,0,False,False,moins de 90 creneaux valides,0.0,,True
2026-01-06,2026-01,56,46,0,False,False,moins de 90 creneaux valides,0.0,,True
2026-01-07,2026-01,39,36,0,False,False,moins de 90 creneaux valides,0.0,,True
2026-01-08,2026-01,40,29,0,False,False,moins de 90 creneaux valides,0.0,,True
2026-01-09,2026-01,59,40,0,False,False,moins de 90 creneaux valides,0.0,,True
2026-01-10,2026-01,40,40,0,False,False,moins de 90 creneaux valides,0.0,,True
2026-01-11,2026-01,0,0,0,True,False,,0.0,0.0,False
2026-01-12,2026-01,10,7,0,False,False,moins de 90 creneaux valides,0.0,,True
2026-01-13,2026-01,0,0,0,True,False,,0.0,0.0,False
2026-01-14,2026-01,0,0,0,True,False,,0.0,0.0,False
2026-01-15,2026-01,3,3,0,False,False,trou de plus de 30 min,0.0,,True
2026-01-16,2026-01,0,0,0,True,False,,0.0,0.0,False
2026-01-17,2026-01,0,0,0,True,False,,0.0,0.0,False
2026-01-18,2026-01,0,0,0,True,False,,0.0,0.0,False
2026-01-19,2026-01,0,0,0,True,False,,0.0,0.0,False
2026-01-20,2026-01,9,9,0,False,False,moins de 90 creneaux valides,0.0,,True
2026-01-21,2026-01,0,0,0,True,False,,0.0,0.0,False
2026-01-22,2026-01,0,0,0,True,False,,0.0,0.0,False
2026-01-23,2026-01,21,21,0,False,False,moins de 90 creneaux valides,0.0,,True
2026-01-24,2026-01,0,0,0,True,False,,0.0,0.0,False
2026-01-25,2026-01,0,0,0,True,False,,0.0,0.0,False
2026-01-26,2026-01,0,0,0,True,False,,0.0,0.0,False
2026-01-27,2026-01,0,0,0,True,False,,0.0,0.0,False
2026-01-28,2026-01,0,0,0,True,False,,0.0,0.0,False
2026-01-29,2026-01,0,0,0,True,False,,0.0,0.0,False
2026-01-30,2026-01,9,6,0,False,False,moins de 90 creneaux valides,0.0,,True
2026-01-31,2026-01,6,6,0,False,False,trou de plus de 30 min,0.0,,True
2026-02-01,2026-02,93,93,0,False,False,moins de 90 creneaux valides,0.0,,True
2026-02-02,2026-02,3,3,0,False,False,trou de plus de 30 min,0.0,,True
2026-02-03,2026-02,8,8,0,False,False,moins de 90 creneaux valides,0.0,,True
2026-02-04,2026-02,0,0,0,True,False,,0.0,0.0,False
2026-02-05,2026-02,0,0,0,True,False,,0.0,0.0,False
2026-02-06,2026-02,0,0,0,True,False,,0.0,0.0,False
2026-02-07,2026-02,0,0,0,True,False,,0.0,0.0,False
2026-02-08,2026-02,0,0,0,True,False,,0.0,0.0,False
2026-02-09,2026-02,16,16,0,False,False,moins de 90 creneaux valides,0.0,,True
2026-02-10,2026-02,34,34,0,False,False,moins de 90 creneaux valides,0.0,,True
2026-02-11,2026-02,0,0,0,True,False,,0.0,0.0,False
2026-02-12,2026-02,0,0,0,True,False,,0.0,0.0,False
2026-02-13,2026-02,0,0,0,True,False,,0.0,0.0,False
2026-02-14,2026-02,0,0,0,True,False,,0.0,0.0,False
2026-02-15,2026-02,0,0,0,True,False,,0.0,0.0,False
2026-02-16,2026-02,0,0,0,True,False,,0.0,0.0,False
2026-02-17,2026-02,0,0,0,True,False,,0.0,0.0,False
2026-02-18,2026-02,0,0,0,True,False,,0.0,0.0,False
2026-02-19,2026-02,0,0,0,True,False,,0.0,0.0,False
2026-02-20,2026-02,0,0,0,True,False,,0.0,0.0,False
2026-02-21,2026-02,0,0,0,True,False,,0.0,0.0,False
2026-02-22,2026-02,0,0,0,True,False,,0.0,0.0,False
2026-02-23,2026-02,11,6,0,False,False,moins de 90 creneaux valides,0.0,,True
2026-02-24,2026-02,0,0,0,True,False,,0.0,0.0,False
2026-02-25,2026-02,0,0,0,True,False,,0.0,0.0,False
2026-02-26,2026-02,0,0,0,True,False,,0.0,0.0,False
2026-02-27,2026-02,4,4,0,False,False,trou de plus de 30 min,0.0,,True
2026-02-28,2026-02,0,0,0,True,False,,0.0,0.0,False
2026-03-01,2026-03,0,0,0,True,False,,0.0,0.0,False
2026-03-02,2026-03,0,0,0,True,False,,0.0,0.0,False
2026-03-03,2026-03,0,0,0,True,False,,0.0,0.0,False
2026-03-04,2026-03,0,0,0,True,False,,0.0,0.0,False
2026-03-05,2026-03,13,13,0,False,False,moins de 90 creneaux valides,0.0,,True
2026-03-06,2026-03,0,0,0,True,False,,0.0,0.0,False
2026-03-07,2026-03,93,93,0,False,False,moins de 90 creneaux valides,0.0,,True
2026-03-08,2026-03,3,3,0,False,False,trou de plus de 30 min,0.0,,True
2026-03-09,2026-03,45,45,0,False,False,moins de 90 creneaux valides,0.0,,True
2026-03-10,2026-03,0,0,0,True,False,,0.0,0.0,False
2026-03-11,2026-03,0,0,0,True,False,,0.0,0.0,False
2026-03-12,2026-03,0,0,0,True,False,,0.0,0.0,False
2026-03-13,2026-03,0,0,0,True,False,,0.0,0.0,False
2026-03-14,2026-03,0,0,0,True,False,,0.0,0.0,False
2026-03-15,2026-03,0,0,0,True,False,,0.0,0.0,False
2026-03-16,2026-03,0,0,0,True,False,,0.0,0.0,False
2026-03-17,2026-03,0,0,0,True,False,,0.0,0.0,False
2026-03-18,2026-03,0,0,0,True,False,,0.0,0.0,False
2026-03-19,2026-03,93,93,0,False,False,moins de 90 creneaux valides,0.0,,True
2026-03-20,2026-03,3,3,0,False,False,trou de plus de 30 min,0.0,,True
2026-03-21,2026-03,0,0,0,True,False,,0.0,0.0,False
2026-03-22,2026-03,0,0,0,True,False,,0.0,0.0,False
2026-03-23,2026-03,0,0,0,True,False,,0.0,0.0,False
2026-03-24,2026-03,0,0,0,True,False,,0.0,0.0,False
2026-03-25,2026-03,10,4,0,False,False,moins de 90 creneaux valides,0.0,,True
2026-03-26,2026-03,28,28,0,False,False,moins de 90 creneaux valides,0.0,,True
2026-03-27,2026-03,0,0,0,True,False,,0.0,0.0,False
2026-03-28,2026-03,0,0,0,True,False,,0.0,0.0,False
2026-03-29,2026-03,0,0,0,True,False,,0.0,0.0,False
2026-03-30,2026-03,0,0,0,True,False,,0.0,0.0,False
2026-03-31,2026-03,0,0,0,True,False,,0.0,0.0,False
2026-04-01,2026-04,0,0,0,True,False,,0.0,0.0,False
2026-04-02,2026-04,48,48,0,False,False,moins de 90 creneaux valides,0.0,,True
2026-04-03,2026-04,52,52,0,False,False,moins de 90 creneaux valides,0.0,,True
2026-04-04,2026-04,0,0,0,True,False,,0.0,0.0,False
2026-04-05,2026-04,0,0,0,True,False,,0.0,0.0,False
2026-04-06,2026-04,0,0,0,True,False,,0.0,0.0,False
2026-04-07,2026-04,0,0,0,True,False,,0.0,0.0,False
2026-04-08,2026-04,0,0,0,True,False,,0.0,0.0,False
2026-04-09,2026-04,8,5,0,False,False,moins de 90 creneaux valides,0.0,,True
2026-04-10,2026-04,0,0,0,True,False,,0.0,0.0,False
2026-04-11,2026-04,0,0,0,True,False,,0.0,0.0,False
2026-04-12,2026-04,0,0,0,True,False,,0.0,0.0,False
2026-04-13,2026-04,1,1,0,False,False,trou de plus de 30 min,0.0,,True
2026-04-14,2026-04,5,3,0,False,False,trou de plus de 30 min,0.0,,True
2026-04-15,2026-04,0,0,0,True,False,,0.0,0.0,False
2026-04-16,2026-04,0,0,0,True,False,,0.0,0.0,False
2026-04-17,2026-04,0,0,0,True,False,,0.0,0.0,False
2026-04-18,2026-04,0,0,0,True,False,,0.0,0.0,False
2026-04-19,2026-04,0,0,0,True,False,,0.0,0.0,False
2026-04-20,2026-04,0,0,0,True,False,,0.0,0.0,False
2026-04-21,2026-04,12,12,0,False,False,moins de 90 creneaux valides,0.0,,True
2026-04-22,2026-04,0,0,0,True,False,,0.0,0.0,False
2026-04-23,2026-04,0,0,0,True,False,,0.0,0.0,False
2026-04-24,2026-04,10,10,0,False,False,moins de 90 creneaux valides,0.0,,True
2026-04-25,2026-04,38,23,0,False,False,moins de 90 creneaux valides,0.0,,True
2026-04-26,2026-04,58,45,0,False,False,moins de 90 creneaux valides,0.0,,True
2026-04-27,2026-04,0,0,0,True,False,,0.0,0.0,False
2026-04-28,2026-04,23,23,0,False,False,moins de 90 creneaux valides,0.0,,True
2026-04-29,2026-04,0,0,0,True,False,,0.0,0.0,False
2026-04-30,2026-04,0,0,0,True,False,,0.0,0.0,False
2026-05-01,2026-05,0,0,0,True,False,,0.0,0.0,False
2026-05-02,2026-05,5,4,0,False,False,trou de plus de 30 min,0.0,,False
2026-05-03,2026-05,14,5,0,False,False,moins de 90 creneaux valides,0.0,,True
2026-05-04,2026-05,0,0,0,True,False,,0.0,0.0,False
2026-05-05,2026-05,69,20,0,False,False,moins de 90 creneaux valides,0.0,,False
2026-05-06,2026-05,21,8,0,False,False,moins de 90 creneaux valides,0.0,,False
2026-05-07,2026-05,5,5,0,False,False,trou de plus de 30 min,0.0,,True
2026-05-08,2026-05,4,4,0,False,False,trou de plus de 30 min,0.0,,True
2026-05-09,2026-05,0,0,0,True,False,,0.0,0.0,False
2026-05-10,2026-05,0,0,0,True,False,,0.0,0.0,False
2026-05-11,2026-05,8,4,0,False,False,moins de 90 creneaux valides,0.0,,True
2026-05-12,2026-05,22,7,0,False,False,moins de 90 creneaux valides,0.0,,True
2026-05-13,2026-05,11,4,0,False,False,moins de 90 creneaux valides,0.0,,False
2026-05-14,2026-05,13,6,0,False,False,moins de 90 creneaux valides,0.0,,False
2026-05-15,2026-05,17,13,0,False,False,moins de 90 creneaux valides,0.0,,False
2026-05-16,2026-05,11,6,0,False,False,moins de 90 creneaux valides,0.0,,False
2026-05-17,2026-05,59,30,0,False,False,moins de 90 creneaux valides,0.0,,True
2026-05-18,2026-05,3,3,0,False,False,trou de plus de 30 min,0.0,,True
2026-05-19,2026-05,0,0,0,True,False,,0.0,0.0,False
2026-05-20,2026-05,0,0,0,True,False,,0.0,0.0,False
2026-05-21,2026-05,0,0,0,True,False,,0.0,0.0,False
2026-05-22,2026-05,0,0,0,True,False,,0.0,0.0,False
2026-05-23,2026-05,0,0,0,True,False,,0.0,0.0,False
2026-05-24,2026-05,0,0,0,True,False,,0.0,0.0,False
2026-05-25,2026-05,0,0,0,True,False,,0.0,0.0,False
2026-05-26,2026-05,0,0,0,True,False,,0.0,0.0,False
2026-05-27,2026-05,0,0,0,True,False,,0.0,0.0,False
2026-05-28,2026-05,0,0,0,True,False,,0.0,0.0,False
2026-05-29,2026-05,0,0,0,True,False,,0.0,0.0,False
2026-05-30,2026-05,0,0,0,True,False,,0.0,0.0,False
2026-05-31,2026-05,0,0,0,True,False,,0.0,0.0,False
2026-06-01,2026-06,0,0,0,True,False,,0.0,0.0,False
2026-06-02,2026-06,0,0,0,True,False,,0.0,0.0,False
2026-06-03,2026-06,0,0,0,True,False,,0.0,0.0,False
2026-06-04,2026-06,0,0,0,True,False,,0.0,0.0,False
2026-06-05,2026-06,0,0,0,True,False,,0.0,0.0,False
2026-06-06,2026-06,0,0,0,True,False,,0.0,0.0,False
2026-06-07,2026-06,0,0,0,True,False,,0.0,0.0,False
2026-06-08,2026-06,0,0,0,True,False,,0.0,0.0,False
2026-06-09,2026-06,0,0,0,True,False,,0.0,0.0,False
2026-06-10,2026-06,0,0,0,True,False,,0.0,0.0,False
2026-06-11,2026-06,0,0,0,True,False,,0.0,0.0,False
2026-06-12,2026-06,0,0,0,True,False,,0.0,0.0,False
2026-06-13,2026-06,0,0,0,True,False,,0.0,0.0,False
2026-06-14,2026-06,0,0,0,True,False,,0.0,0.0,False
2026-06-15,2026-06,0,0,0,True,False,,0.0,0.0,False
2026-06-16,2026-06,0,0,0,True,False,,0.0,0.0,False
2026-06-17,2026-06,0,0,0,True,False,,0.0,0.0,False
2026-06-18,2026-06,0,0,0,True,False,,0.0,0.0,False
2026-06-19,2026-06,0,0,0,True,False,,0.0,0.0,False
2026-06-20,2026-06,0,0,0,True,False,,0.0,0.0,False
2026-06-21,2026-06,0,0,0,True,False,,0.0,0.0,False
2026-06-22,2026-06,0,0,0,True,False,,0.0,0.0,False
2026-06-23,2026-06,0,0,0,True,False,,0.0,0.0,False
2026-06-24,2026-06,0,0,0,True,False,,0.0,0.0,False
2026-06-25,2026-06,0,0,0,True,False,,0.0,0.0,False
2026-06-26,2026-06,0,0,0,True,False,,0.0,0.0,False
2026-06-27,2026-06,0,0,0,True,False,,0.0,0.0,False
2026-06-28,2026-06,0,0,0,True,False,,0.0,0.0,False
2026-06-29,2026-06,26,26,0,False,False,moins de 90 creneaux valides,0.0,,True
2026-06-30,2026-06,0,0,0,True,False,,0.0,0.0,False
2026-07-01,2026-07,0,0,0,True,False,,0.0,0.0,False
2026-07-02,2026-07,0,0,0,True,False,,0.0,0.0,False
2026-07-03,2026-07,0,0,0,True,False,,0.0,0.0,False
2026-07-04,2026-07,0,0,0,True,False,,0.0,0.0,False
2026-07-05,2026-07,0,0,0,True,False,,0.0,0.0,False
2026-07-06,2026-07,0,0,0,True,False,,0.0,0.0,False
2026-07-07,2026-07,41,41,0,False,False,moins de 90 creneaux valides,0.0,,True
2026-07-08,2026-07,46,46,0,False,False,moins de 90 creneaux valides,0.0,,True
2026-07-09,2026-07,0,0,0,True,False,,0.0,0.0,False
2026-07-10,2026-07,4,4,0,False,False,trou de plus de 30 min,0.0,,True
2026-07-11,2026-07,0,0,0,True,False,,0.0,0.0,False
2026-07-12,2026-07,0,0,0,True,False,,0.0,0.0,False
2026-07-13,2026-07,0,0,0,True,False,,0.0,0.0,False
2026-07-14,2026-07,0,0,0,True,False,,0.0,0.0,False
2026-07-15,2026-07,0,0,0,True,False,,0.0,0.0,False
2026-07-16,2026-07,0,0,0,True,False,,0.0,0.0,False
2026-07-17,2026-07,0,0,0,True,False,,0.0,0.0,False
2026-07-18,2026-07,5,5,0,False,False,trou de plus de 30 min,0.0,,True
2026-07-19,2026-07,0,0,0,True,False,,0.0,0.0,False
2026-07-20,2026-07,0,0,0,True,False,,0.0,0.0,False
2026-07-21,2026-07,0,0,0,True,False,,0.0,0.0,False
2026-07-22,2026-07,0,0,0,True,False,,0.0,0.0,False
2026-07-23,2026-07,0,0,0,True,False,,0.0,0.0,False
2026-07-24,2026-07,8,8,0,False,False,moins de 90 creneaux valides,0.0,,True
2026-07-25,2026-07,19,19,0,False,False,moins de 90 creneaux valides,0.0,,True
2026-07-26,2026-07,0,0,0,True,False,,0.0,0.0,False
2026-07-27,2026-07,9,9,0,False,False,moins de 90 creneaux valides,0.0,,True
2026-07-28,2026-07,0,0,0,True,False,,0.0,0.0,False
2026-07-29,2026-07,0,0,0,True,False,,0.0,0.0,False
2026-07-30,2026-07,0,0,0,True,False,,0.0,0.0,False
2026-07-31,2026-07,93,93,0,False,False,moins de 90 creneaux valides,0.0,,True
