date,entropy
2025-02-04 00:00:00+00:00,0.13906079845474112
2025-02-05 00:00:00+00:00,0.46694186653189496
2025-02-06 00:00:00+00:00,0.6984060778611683
2025-02-07 00:00:00+00:00,0.5934474291999665
2025-02-08 00:00:00+00:00,0.8356969728841156
2025-02-09 00:00:00+00:00,0.4895264853173812
2025-02-10 00:00:00+00:00,0.4716691899774075
2025-02-11 00:00:00+00:00,0.5934474291999665
2025-02-12 00:00:00+00:00,0.7314471148809263
2025-02-13 00:00:00+00:00,0.762140989982764
2025-02-14 00:00:00+00:00,0.5934474291999665
2025-02-15 00:00:00+00:00,0.7657177357598988
2025-02-16 00:00:00+00:00,0.8622932983706322
2025-02-17 00:00:00+00:00,0.6969827602054455
2025-02-18 00:00:00+00:00,0.7062956292392524
2025-02-19 00:00:00+00:00,0.3607891109735043
2025-02-20 00:00:00+00:00,0.34383216379713344
2025-02-21 00:00:00+00:00,0.23066701920207672
2025-02-22 00:00:00+00:00,0.2880143604865506
2025-02-23 00:00:00+00:00,0.26195173426060336
2025-02-24 00:00:00+00:00,0.2595481517254078
2025-02-25 00:00:00+00:00,0.5111625767571084
2025-02-26 00:00:00+00:00,0.2020863392725082
2025-02-27 00:00:00+00:00,0.5819129293736165
2025-02-28 00:00:00+00:00,0.26195173426060336
2025-03-01 00:00:00+00:00,0.4475308786263904
2025-03-02 00:00:00+00:00,0.8339627567712593
2025-03-03 00:00:00+00:00,0.34383216379713344
2025-03-04 00:00:00+00:00,0.5927796480410333
2025-03-05 00:00:00+00:00,0.6671148503624946
2025-03-06 00:00:00+00:00,0.522807406772588
2025-03-07 00:00:00+00:00,0.2337916587064593
2025-03-08 00:00:00+00:00,0.4529386089400369
2025-03-09 00:00:00+00:00,0.8231924640248558
2025-03-10 00:00:00+00:00,0.3607891109735043
2025-03-11 00:00:00+00:00,0.4154129738607282
2025-03-12 00:00:00+00:00,1.4512418231293585
2025-03-13 00:00:00+00:00,1.813213907886162
2025-03-14 00:00:00+00:00,1.3967778561269526
2025-03-15 00:00:00+00:00,1.7363145924764662
2025-03-16 00:00:00+00:00,1.5947558303326441
2025-03-17 00:00:00+00:00,0.34577662553321276
2025-03-18 00:00:00+00:00,0.05790751748813433
2025-03-19 00:00:00+00:00,0.3341427913871891
2025-03-20 00:00:00+00:00,-0.0
2025-03-21 00:00:00+00:00,0.05790751748813433
2025-03-22 00:00:00+00:00,0.2611189419933816
2025-03-23 00:00:00+00:00,-0.0
2025-03-24 00:00:00+00:00,-0.0
2025-03-25 00:00:00+00:00,-0.0
2025-03-26 00:00:00+00:00,0.1732052067491771
2025-03-27 00:00:00+00:00,-0.0
2025-03-28 00:00:00+00:00,0.7171716667928643
2025-03-29 00:00:00+00:00,-0.0
2025-03-30 00:00:00+00:00,-0.0
2025-03-31 00:00:00+00:00,-0.0
2025-04-01 00:00:00+00:00,0.05790751748813433
2025-04-02 00:00:00+00:00,-0.0
2025-04-03 00:00:00+00:00,0.2868359830561607
2025-04-04 00:00:00+00:00,-0.0
2025-04-05 00:00:00+00:00,-0.0
2025-04-06 00:00:00+00:00,-0.0
2025-04-07 00:00:00+00:00,-0.0
2025-04-08 00:00:00+00:00,0.05790751748813433
2025-04-09 00:00:00+00:00,0.13906079845474112
2025-04-10 00:00:00+00:00,-0.0
2025-04-11 00:00:00+00:00,-0.0
2025-04-12 00:00:00+00:00,-0.0
2025-04-13 00:00:00+00:00,0.26195173426060336
2025-04-14 00:00:00+00:00,-0.0
2025-04-15 00:00:00+00:00,-0.0
2025-04-16 00:00:00+00:00,0.3111291548118492
2025-04-17 00:00:00+00:00,0.2611189419933816
2025-04-18 00:00:00+00:00,-0.0
2025-04-19 00:00:00+00:00,-0.0
2025-04-20 00:00:00+00:00,0.3111291548118492
2025-04-21 00:00:00+00:00,-0.0
2025-04-22 00:00:00+00:00,-0.0
2025-04-23 00:00:00+00:00,0.2868359830561607
2025-04-24 00:00:00+00:00,-0.0
2025-04-25 00:00:00+00:00,-0.0
2025-04-26 00:00:00+00:00,0.05790751748813433
2025-04-27 00:00:00+00:00,-0.0
2025-04-28 00:00:00+00:00,0.10126481756679193
2025-04-29 00:00:00+00:00,0.34383216379713344
2025-04-30 00:00:00+00:00,0.43327891808686086
2025-05-01 00:00:00+00:00,0.6878053352596913
2025-05-02 00:00:00+00:00,0.5455238856196296
2025-05-03 00:00:00+00:00,0.4683467586545758
2025-05-04 00:00:00+00:00,0.7989094976684343
2025-05-05 00:00:00+00:00,1.2675120181425312
2025-05-06 00:00:00+00:00,0.9571136671036238
2025-05-07 00:00:00+00:00,1.178111305568261
2025-05-08 00:00:00+00:00,-0.0
2025-05-09 00:00:00+00:00,-0.0
2025-05-10 00:00:00+00:00,-0.0
2025-05-11 00:00:00+00:00,-0.0
2025-05-12 00:00:00+00:00,-0.0
2025-05-13 00:00:00+00:00,0.37553180261784824
2025-05-14 00:00:00+00:00,1.5454490841781332
2025-05-15 00:00:00+00:00,1.1166662524346322
2025-05-16 00:00:00+00:00,1.4550835117786076
2025-05-17 00:00:00+00:00,1.4401848345519295
2025-05-18 00:00:00+00:00,0.46834675865457576
2025-05-19 00:00:00+00:00,-0.0
2025-05-20 00:00:00+00:00,-0.0
2025-05-21 00:00:00+00:00,0.1966358377749608
2025-05-22 00:00:00+00:00,0.38626804383908364
2025-05-23 00:00:00+00:00,0.30474276616105667
2025-05-24 00:00:00+00:00,-0.0
2025-05-25 00:00:00+00:00,0.41766555727712007
2025-05-26 00:00:00+00:00,0.2910232568685781
2025-05-27 00:00:00+00:00,0.34383216379713344
2025-05-28 00:00:00+00:00,0.1966358377749608
2025-05-29 00:00:00+00:00,0.1732052067491771
2025-05-30 00:00:00+00:00,0.3607891109735043
2025-05-31 00:00:00+00:00,0.1732052067491771
2025-06-01 00:00:00+00:00,1.793790176896412
2025-06-02 00:00:00+00:00,1.6408960354150244
2025-06-03 00:00:00+00:00,1.5340594447031397
2025-06-04 00:00:00+00:00,1.3259953401583802
2025-06-05 00:00:00+00:00,1.4550835117786076
2025-06-06 00:00:00+00:00,1.0347669999094986
2025-06-07 00:00:00+00:00,1.6392401529769889
2025-06-08 00:00:00+00:00,0.7660471620082309
2025-06-09 00:00:00+00:00,0.3607891109735043
2025-06-10 00:00:00+00:00,0.2910232568685781
2025-06-11 00:00:00+00:00,0.23066701920207672
2025-06-12 00:00:00+00:00,-0.0
2025-06-13 00:00:00+00:00,1.0449940019199615
2025-06-14 00:00:00+00:00,1.0492075661711642
2025-06-15 00:00:00+00:00,0.8132100184279693
2025-06-16 00:00:00+00:00,1.0558950049150566
2025-06-17 00:00:00+00:00,0.5874290259987053
2025-06-18 00:00:00+00:00,1.0970114018977664
2025-06-19 00:00:00+00:00,0.38856765743366606
2025-06-20 00:00:00+00:00,1.5815406375704346
2025-06-21 00:00:00+00:00,0.7355566856220944
2025-06-22 00:00:00+00:00,-0.0
2025-06-23 00:00:00+00:00,-0.0
2025-06-24 00:00:00+00:00,0.4716691899774075
2025-06-25 00:00:00+00:00,0.3752296772351698
2025-06-26 00:00:00+00:00,0.333697245107728
2025-06-27 00:00:00+00:00,0.4051339921103663
2025-06-28 00:00:00+00:00,1.8430026084759001
2025-06-29 00:00:00+00:00,1.8222210366764755
2025-06-30 00:00:00+00:00,1.5931509991518975
2025-07-01 00:00:00+00:00,0.39069342584870076
2025-07-02 00:00:00+00:00,1.5106405704301729
2025-07-03 00:00:00+00:00,1.6895520747478643
2025-07-04 00:00:00+00:00,1.2671376561075784
2025-07-05 00:00:00+00:00,-0.0
2025-07-06 00:00:00+00:00,-0.0
2025-07-07 00:00:00+00:00,0.9339376585083953
2025-07-08 00:00:00+00:00,1.940148029207077
2025-07-09 00:00:00+00:00,0.7570064377609511
2025-07-10 00:00:00+00:00,1.1519551606470442
2025-07-11 00:00:00+00:00,1.7809797231934799
2025-07-12 00:00:00+00:00,1.4528887430082604
2025-07-13 00:00:00+00:00,1.5163814405575817
2025-07-14 00:00:00+00:00,1.830219260245487
2025-07-15 00:00:00+00:00,0.7005705505253642
2025-07-16 00:00:00+00:00,0.5889818241134457
2025-07-17 00:00:00+00:00,0.23066701920207672
2025-07-18 00:00:00+00:00,0.28801436048655066
2025-07-19 00:00:00+00:00,1.1121730251286188
2025-07-20 00:00:00+00:00,0.10126481756679193
2025-07-21 00:00:00+00:00,-0.0
2025-07-22 00:00:00+00:00,-0.0
2025-07-23 00:00:00+00:00,0.2884292842487388
2025-07-24 00:00:00+00:00,1.7113540807380536
2025-07-25 00:00:00+00:00,1.5731322800051952
2025-07-26 00:00:00+00:00,1.5423402092508876
2025-07-27 00:00:00+00:00,1.266827840642237
2025-07-28 00:00:00+00:00,-0.0
2025-07-29 00:00:00+00:00,1.16486381101413
2025-07-30 00:00:00+00:00,0.43309031236472484
2025-07-31 00:00:00+00:00,0.9432403689196593
2025-08-01 00:00:00+00:00,0.7840814943941928
2025-08-02 00:00:00+00:00,0.47522160361112115
2025-08-03 00:00:00+00:00,0.6237117642974713
2025-08-04 00:00:00+00:00,0.5104608056984068
2025-08-05 00:00:00+00:00,0.5266263253706395
2025-08-06 00:00:00+00:00,0.23066701920207672
2025-08-07 00:00:00+00:00,0.4247609206584314
2025-08-08 00:00:00+00:00,1.6936338316854056
2025-08-09 00:00:00+00:00,0.6585023599566057
2025-08-10 00:00:00+00:00,0.5242162594544958
2025-08-11 00:00:00+00:00,1.7014060676223925
2025-08-12 00:00:00+00:00,1.857994784635728
2025-08-13 00:00:00+00:00,1.400241004341353
2025-08-14 00:00:00+00:00,-0.0
2025-08-15 00:00:00+00:00,0.6676784095411334
2025-08-16 00:00:00+00:00,1.3145617777026413
2025-08-17 00:00:00+00:00,1.7221927882718129
2025-08-18 00:00:00+00:00,0.2739887179870733
2025-08-19 00:00:00+00:00,1.6857800909920049
2025-08-20 00:00:00+00:00,0.6505465321170715
2025-08-21 00:00:00+00:00,1.6933937633971134
2025-08-22 00:00:00+00:00,1.4038961818933817
2025-08-23 00:00:00+00:00,1.635496071877697
2025-08-24 00:00:00+00:00,1.7870356673747563
2025-08-25 00:00:00+00:00,1.5423402092508876
2025-08-26 00:00:00+00:00,0.8018070014918738
2025-08-27 00:00:00+00:00,0.3397954571511221
2025-08-28 00:00:00+00:00,0.773567928411674
2025-08-29 00:00:00+00:00,0.3607891109735043
2025-08-30 00:00:00+00:00,0.2739887179870733
2025-08-31 00:00:00+00:00,0.553230767325867
2025-09-01 00:00:00+00:00,0.6738499680078677
2025-09-02 00:00:00+00:00,0.9468689369766677
2025-09-03 00:00:00+00:00,1.9002101301539285
2025-09-04 00:00:00+00:00,1.5350826270550053
2025-09-05 00:00:00+00:00,1.5094611267931326
2025-09-06 00:00:00+00:00,1.1086334618620477
2025-09-07 00:00:00+00:00,0.5874290259987053
2025-09-08 00:00:00+00:00,1.7317337849771652
2025-09-09 00:00:00+00:00,1.776570214544705
2025-09-10 00:00:00+00:00,1.351560299981254
2025-09-11 00:00:00+00:00,1.4722348272707568
2025-09-12 00:00:00+00:00,0.5017925739324078
2025-09-13 00:00:00+00:00,1.0688513263436221
2025-09-14 00:00:00+00:00,1.5840987064302376
2025-09-15 00:00:00+00:00,1.7413461623875046
2025-09-16 00:00:00+00:00,1.6108166680460076
2025-09-17 00:00:00+00:00,1.8733231067765048
2025-09-18 00:00:00+00:00,1.297876621263471
2025-09-19 00:00:00+00:00,1.395754673775087
2025-09-20 00:00:00+00:00,2.0048890283667276
2025-09-21 00:00:00+00:00,1.050821490690259
2025-09-22 00:00:00+00:00,0.7713943685729555
2025-09-23 00:00:00+00:00,-0.0
2025-09-24 00:00:00+00:00,1.316507608991188
2025-09-25 00:00:00+00:00,1.4961882474156905
2025-09-26 00:00:00+00:00,1.7477975531915186
2025-09-27 00:00:00+00:00,1.7224067369205194
2025-09-28 00:00:00+00:00,0.9089977396892186
2025-09-29 00:00:00+00:00,1.609780992847455
2025-09-30 00:00:00+00:00,1.7622134858492835
2025-10-01 00:00:00+00:00,1.2667909611733443
2025-10-02 00:00:00+00:00,1.5009294486968676
2025-10-03 00:00:00+00:00,0.7971347991462773
2025-10-04 00:00:00+00:00,0.11570538382845746
2025-10-05 00:00:00+00:00,0.05790751748813433
2025-10-06 00:00:00+00:00,-0.0
2025-10-07 00:00:00+00:00,-0.0
2025-10-08 00:00:00+00:00,-0.0
2025-10-09 00:00:00+00:00,-0.0
2025-10-10 00:00:00+00:00,0.2540976502278604
2025-10-11 00:00:00+00:00,-0.0
2025-10-12 00:00:00+00:00,-0.0
2025-10-13 00:00:00+00:00,-0.0
2025-10-14 00:00:00+00:00,-0.0
2025-10-15 00:00:00+00:00,-0.0
2025-10-16 00:00:00+00:00,-0.0
2025-10-17 00:00:00+00:00,-0.0
2025-10-18 00:00:00+00:00,-0.0
2025-10-19 00:00:00+00:00,-0.0
2025-10-20 00:00:00+00:00,-0.0
2025-10-21 00:00:00+00:00,-0.0
2025-10-22 00:00:00+00:00,-0.0
2025-10-23 00:00:00+00:00,-0.0
2025-10-24 00:00:00+00:00,0.05790751748813433
2025-10-25 00:00:00+00:00,-0.0
2025-10-26 00:00:00+00:00,-0.0
2025-10-27 00:00:00+00:00,0.596854591493542
2025-10-28 00:00:00+00:00,-0.0
2025-10-29 00:00:00+00:00,0.411350577913603
2025-10-30 00:00:00+00:00,0.10126481756679193
2025-10-31 00:00:00+00:00,1.1202058157012031
2025-11-01 00:00:00+00:00,1.302564709132597
2025-11-02 00:00:00+00:00,1.1393791252019527
2025-11-03 00:00:00+00:00,1.208404004068504
2025-11-04 00:00:00+00:00,0.6440617936949402
2025-11-05 00:00:00+00:00,0.3452459586486694
2025-11-06 00:00:00+00:00,0.34577662553321276
2025-11-07 00:00:00+00:00,0.46970800143593605
2025-11-08 00:00:00+00:00,0.3752296772351698
2025-11-09 00:00:00+00:00,1.150915236179078
2025-11-10 00:00:00+00:00,0.6505761974153733
2025-11-11 00:00:00+00:00,1.0696659020080783
2025-11-12 00:00:00+00:00,0.5026783926754542
2025-11-13 00:00:00+00:00,0.4529386089400369
2025-11-14 00:00:00+00:00,0.6241707259357273
2025-11-15 00:00:00+00:00,1.5657590835238546
2025-11-16 00:00:00+00:00,0.2309674717958392
2025-11-17 00:00:00+00:00,0.39777448951790717
2025-11-18 00:00:00+00:00,1.7606484241373228
2025-11-19 00:00:00+00:00,1.7831924014977647
2025-11-20 00:00:00+00:00,1.1409100033676225
2025-11-21 00:00:00+00:00,0.17339243247561953
2025-11-22 00:00:00+00:00,0.5451142727174044
2025-11-23 00:00:00+00:00,1.5100272705278863
2025-11-24 00:00:00+00:00,0.8711123289767617
2025-11-25 00:00:00+00:00,1.2014907747116683
2025-11-26 00:00:00+00:00,0.7425132360496245
2025-11-27 00:00:00+00:00,0.5729884597370397
2025-11-28 00:00:00+00:00,0.3481378113693936
2025-11-29 00:00:00+00:00,1.5190173352920042
2025-11-30 00:00:00+00:00,1.0497234464483223
2025-12-01 00:00:00+00:00,0.7601711699252353
2025-12-02 00:00:00+00:00,2.0527738718202513
2025-12-03 00:00:00+00:00,1.687876893419602
2025-12-04 00:00:00+00:00,0.7772437313870644
2025-12-05 00:00:00+00:00,0.589118034945662
2025-12-06 00:00:00+00:00,0.368005601115465
2025-12-07 00:00:00+00:00,0.05790751748813433
2025-12-08 00:00:00+00:00,-0.0
2025-12-09 00:00:00+00:00,0.20460439297612945
2025-12-10 00:00:00+00:00,0.646088476911339
2025-12-11 00:00:00+00:00,1.0519724257556824
2025-12-12 00:00:00+00:00,0.8049796552747179
2025-12-13 00:00:00+00:00,0.6196955344695371
2025-12-14 00:00:00+00:00,1.6477802972670497
