day,reason,missing_slots
2025-02-04,fewer than 90 valid slots,47
2025-02-05,fewer than 90 valid slots,23
2025-02-27,fewer than 90 valid slots,21
2025-03-21,fewer than 90 valid slots,8
2025-04-06,fewer than 90 valid slots,52
2025-04-07,gap of 3+ slots,4
2025-06-07,fewer than 90 valid slots,12
2025-06-08,fewer than 90 valid slots,79
2025-07-01,fewer than 90 valid slots,10
2025-07-08,fewer than 90 valid slots,18
2025-07-09,fewer than 90 valid slots,51
2025-07-10,fewer than 90 valid slots,46
2025-07-14,gap of 3+ slots,5
2025-07-21,fewer than 90 valid slots,27
2025-07-22,fewer than 90 valid slots,36
2025-07-23,gap of 3+ slots,4
2025-07-28,fewer than 90 valid slots,89
2025-07-29,gap of 3+ slots,4
2025-08-10,fewer than 90 valid slots,9
2025-08-14,fewer than 90 valid slots,69
2025-08-15,fewer than 90 valid slots,50
2025-09-03,fewer than 90 valid slots,9
2025-09-04,gap of 3+ slots,4
2025-09-12,fewer than 90 valid slots,47
2025-09-13,gap of 3+ slots,4
2025-09-20,fewer than 90 valid slots,10
2025-09-30,fewer than 90 valid slots,29
2025-10-01,fewer than 90 valid slots,41
2025-10-04,fewer than 90 valid slots,24
2025-10-05,gap of 3+ slots,4
2025-11-28,fewer than 90 valid slots,14
2025-12-02,fewer than 90 valid slots,40
2025-12-03,fewer than 90 valid slots,20
2025-12-12,fewer than 90 valid slots,10
