season,seed,slot_0,slot_1,slot_2,slot_3,slot_4,slot_5,slot_6,slot_7,slot_8,slot_9,slot_10,slot_11,slot_12,slot_13,slot_14,slot_15,slot_16,slot_17,slot_18,slot_19,slot_20,slot_21,slot_22,slot_23,slot_24,slot_25,slot_26,slot_27,slot_28,slot_29,slot_30,slot_31,slot_32,slot_33,slot_34,slot_35,slot_36,slot_37,slot_38,slot_39,slot_40,slot_41,slot_42,slot_43,slot_44,slot_45,slot_46,slot_47,slot_48,slot_49,slot_50,slot_51,slot_52,slot_53,slot_54,slot_55,slot_56,slot_57,slot_58,slot_59,slot_60,slot_61,slot_62,slot_63,slot_64,slot_65,slot_66,slot_67,slot_68,slot_69,slot_70,slot_71,slot_72,slot_73,slot_74,slot_75,slot_76,slot_77,slot_78,slot_79,slot_80,slot_81,slot_82,slot_83,slot_84,slot_85,slot_86,slot_87,slot_88,slot_89,slot_90,slot_91,slot_92,slot_93,slot_94,slot_95
Dry season,0,0.0,0.0,0.0,0.0,0.0,0.0,0.0,0.0,0.0,0.0,0.0,0.0,0.0,0.0,0.0,0.0,0.0,0.0,0.0,0.0,0.0,0.0,0.0,0.0,0.0,0.0,0.0,0.0,0.0,0.0,847.0958734700075,1807.7200598792954,1942.4569587522883,1942.456958752289,2006.082716553423,1851.3847956251736,1911.2678617909478,1939.9618309953812,1969.9033640782684,1872.5933815588855,1928.7337560892981,1961.170416929093,1911.2678617909478,1969.9033640782677,1860.1177427743496,1870.0982538019778,1856.375051138988,1811.4627515146574,1868.850689923525,1856.3750511389885,1736.60891880744,1860.117742774349,1851.3847956251732,968.1095696800089,0.0,1019.7056319390174,2256.586506620457,2699.4204000249188,2604.406231325111,2450.0082071879215,2436.434754516522,2465.2783414432483,2592.529460237633,2641.7332261714637,2614.586320828661,2638.339863003614,2497.5152915378267,2575.5626443983833,2740.140758039123,2643.429907755389,2516.178788961003,2512.7854257931535,2504.3020178735255,2612.8896392447373,2555.202465391281,2507.6953810413775,2278.6433672114813,2502.6053362896014,2609.496276076888,1433.6959384167556,560.8468829622478,642.4759910440445,700.508330689967,634.3062953316345,606.5938843705437,677.414490159998,441.85899699072576,329.46977475963524,0.0,0.0,0.0,0.0,0.0,0.0,0.0,0.0
Dry season,1,0.0,0.0,0.0,0.0,0.0,0.0,0.0,0.0,0.0,0.0,0.0,0.0,0.0,0.0,0.0,0.0,0.0,0.0,0.0,0.0,0.0,0.0,0.0,0.0,0.0,0.0,0.0,0.0,0.0,0.0,698.6357719340273,1725.3808439013567,1999.8448971611556,1941.2093948738345,1912.515425669401,1833.918901326823,1905.0300423986798,1936.2191393600208,1903.7824785202258,1791.5017294593997,1924.9910644539375,1850.13723174672,1767.79801576878,1823.938390299194,1880.0787648296068,1850.1372317467205,1867.6031260450711,1878.8312009511533,1881.326328708061,1872.5933815588855,1700.4295663322853,1893.8019674925977,1862.6128705312556,1021.7548164535142,0.0,950.1416869980861,2317.667043641762,2753.7142107105237,2567.079236478757,2494.1219283699747,2617.979683996512,2534.8422863841793,2482.245157282499,2612.8896392447373,2653.609997258941,2524.6621968806276,2522.9655152967043,2604.4062313251106,2539.932331135954,2650.2166340910912,2643.4299077553887,2602.7095497411856,2563.6858733109066,2573.8659628144587,2546.7190574716565,2495.8186099539007,2431.344709764745,2631.553136667913,2409.287849173719,1236.880874681437,457.9462655463533,509.06655870274886,652.4357407217744,742.925205559036,563.2029367330358,631.2271385581801,483.42761343236214,392.5924886154532,0.0,0.0,0.0,0.0,0.0,0.0,0.0,0.0
Dry season,2,0.0,0.0,0.0,0.0,0.0,0.0,0.0,0.0,0.0,0.0,0.0,0.0,0.0,0.0,0.0,0.0,0.0,0.0,0.0,0.0,0.0,0.0,0.0,0.0,0.0,0.0,0.0,0.0,0.0,0.0,862.0666400114512,1731.6186632936249,1961.1704169290929,1924.991064453938,1816.4530070284718,1776.5309629179562,1895.0495313710505,1848.889667868267,1886.3165842218755,1962.4179808075467,1846.3945401113601,1858.8701788958954,1946.1996503876492,1922.4959366970304,1880.078764829607,1857.6226150174418,1870.0982538019775,1836.4140290837302,1853.8799233820805,1898.7922230064116,1817.700570906926,1901.2873507633183,1820.195698663833,946.9009837462971,0.0,1023.0989951068677,2400.8044412540944,2694.330355273145,2548.4157390555815,2594.22614182156,2573.865962814458,2528.055560048479,2643.429907755389,2657.0033604267906,2570.4725996466077,2699.4204000249197,2626.463091916136,2646.8232709232398,2567.0792364787576,2550.112420639506,2577.2593259823084,2528.055560048477,2533.145604800255,2514.4821073770777,2621.373047164362,2509.3920626253016,2414.3778939254935,2580.6526891501603,2354.994038488114,1153.7434770691045,524.4310537138302,448.39475356065384,737.4267583861698,638.2024216763299,627.1111665748431,629.0906009679126,380.2758615216351,438.7798402172712,0.0,0.0,0.0,0.0,0.0,0.0,0.0,0.0
Dry season,3,0.0,0.0,0.0,0.0,0.0,0.0,0.0,0.0,0.0,0.0,0.0,0.0,0.0,0.0,0.0,0.0,0.0,0.0,0.0,0.0,0.0,0.0,0.0,0.0,0.0,0.0,0.0,0.0,0.0,0.0,825.887287536296,1751.5796853488825,1956.180161415279,1895.0495313710505,1900.0397868848654,1836.4140290837304,1831.4237735699157,1907.525170155587,1921.2483728185769,1901.2873507633192,1885.0690203434212,1890.0592758572361,1855.1274872605345,1813.9578792715645,1888.8117119787826,1903.7824785202263,1888.8117119787828,1898.7922230064112,1892.554403614143,1820.1956986638327,1812.7103153931116,1938.7142671169274,1745.341865956615,885.7703537020699,0.0,1048.5492188657447,2399.1077596701703,2672.2734946821165,2548.4157390555806,2602.709549741186,2494.1219283699743,2371.960854327366,2548.4157390555806,2682.453584185669,2514.4821073770754,2638.339863003614,2580.652689150158,2556.8991469752073,2531.4489232163296,2602.709549741186,2634.9464998357644,2601.012868157259,2558.595828559131,2582.3493707340826,2606.1029129090375,2460.188296691472,2478.8517941146506,2687.543628937443,2541.629012719881,1223.3074220100355,560.8468829622478,510.0722497854994,784.8709355655707,579.8240925926401,623.5292466245434,538.8524353545438,414.1465860296351,461.8735160181807,0.0,0.0,0.0,0.0,0.0,0.0,0.0,0.0
Dry season,4,0.0,0.0,0.0,0.0,0.0,0.0,0.0,0.0,0.0,0.0,0.0,0.0,0.0,0.0,0.0,0.0,0.0,0.0,0.0,0.0,0.0,0.0,0.0,0.0,0.0,0.0,0.0,0.0,0.0,0.0,845.8483095915544,1775.2833990395015,1937.4667032384737,1881.32632870806,1877.5836370726997,1872.5933815588862,1915.0105534263082,1825.1859541776464,1886.3165842218755,1847.6421039898132,1863.86043440971,1825.1859541776478,1908.7727340340402,1897.5446591279583,1905.0300423986794,1907.5251701555867,1856.3750511389885,1892.554403614143,1910.0202979124947,1850.1372317467205,1795.2444210947604,1933.7240116031128,1832.6713374483681,867.0568955252658,0.0,1055.3359452014452,2251.496461868681,2670.5768130981905,2546.7190574716547,2546.719057471654,2443.2214808522203,2424.5579834290434,2475.458430946799,2561.989191726983,2519.5721521288533,2673.970176266043,2706.2071263606204,2699.420400024918,2692.6336736892194,2468.671704611098,2584.0460523180086,2595.922823405484,2580.6526891501585,2545.022375887731,2611.1929576608104,2446.6148440200714,2107.27852723504,2519.5721521288538,2567.079236478758,1442.1793463363813,395.42051089407533,489.0520396752945,643.1668168161589,679.4253781383188,504.9817108465439,626.6084033979982,377.1967047481804,437.2402618305442,0.0,0.0,0.0,0.0,0.0,0.0,0.0,0.0
Dry season,5,0.0,0.0,0.0,0.0,0.0,0.0,0.0,0.0,0.0,0.0,0.0,0.0,0.0,0.0,0.0,0.0,0.0,0.0,0.0,0.0,0.0,0.0,0.0,0.0,0.0,0.0,0.0,0.0,0.0,0.0,652.4759084312435,1665.4977777355832,2001.0924610396094,1901.2873507633187,1789.006601702492,1872.5933815588853,1946.1996503876487,1850.13723174672,1867.6031260450704,1916.2581173047622,1900.0397868848654,1993.6070777688867,1926.2386283323915,1857.622615017442,1832.6713374483693,1903.782478520226,1875.0885093157926,1906.2776062771334,1905.03004239868,1855.1274872605345,1746.589429835069,1910.0202979124945,1820.1956986638331,885.77035370207,0.0,1006.1321792676157,2241.3163723651305,2689.240310521369,2648.5199525071657,2507.6953810413756,2327.8471331453106,2565.382554894832,2512.785425793152,2655.306678842865,2595.9228234054845,2609.496276076887,2619.6763655804366,2601.0128681572614,2539.932331135955,2563.685873310907,2614.586320828662,2499.211973121751,2568.775918062683,2499.211973121751,2516.178788961003,2480.5484756985747,2290.5201382989567,2592.529460237635,2495.8186099539016,1491.3831122702097,494.4562908214658,439.06292248453553,755.5874926325013,655.1377839303299,525.4989930508439,707.4834490790569,457.7575440348438,375.6885799467048,0.0,0.0,0.0,0.0,0.0,0.0,0.0,0.0
Dry season,6,0.0,0.0,0.0,0.0,0.0,0.0,0.0,0.0,0.0,0.0,0.0,0.0,0.0,0.0,0.0,0.0,0.0,0.0,0.0,0.0,0.0,0.0,0.0,0.0,0.0,0.0,0.0,0.0,0.0,0.0,727.3297411384603,1631.8135530173352,1992.359513890434,1953.6850336583711,1767.798015768781,1751.5796853488835,1860.1177427743487,1900.0397868848647,1973.6460557136284,1916.2581173047622,1896.2970952495045,1893.8019674925965,1868.8506899235244,1934.9715754815663,1885.0690203434215,1875.0885093157929,1918.7532450616695,1802.7298043654823,1795.244421094761,1862.6128705312565,1746.5894298350695,1908.7727340340402,1830.176209691462,980.5852084645447,0.0,1018.008950355092,2436.434754516523,2629.8564550839874,2545.02237588773,2623.0697287482876,2405.894486005867,2426.2546650129707,2495.8186099539007,2443.2214808522203,2500.908654705677,2531.448923216329,2521.2688337127765,2650.2166340910912,2621.373047164362,2556.8991469752054,2555.2024653912804,2519.572152128853,2458.4916151075467,2555.2024653912817,2577.2593259823093,2319.363725225684,2473.761749362873,2677.363539433894,2460.1882966914727,1228.397466761811,596.3828354689214,590.8529347108035,873.8209867451656,587.9620052616782,656.3631559226611,610.4900107152391,533.636740990822,346.40513701363517,0.0,0.0,0.0,0.0,0.0,0.0,0.0,0.0
Dry season,7,0.0,0.0,0.0,0.0,0.0,0.0,0.0,0.0,0.0,0.0,0.0,0.0,0.0,0.0,0.0,0.0,0.0,0.0,0.0,0.0,0.0,0.0,0.0,0.0,0.0,0.0,0.0,0.0,0.0,0.0,777.232296276605,1761.5601963765118,1956.1801614152782,1890.0592758572354,1770.2931435256878,1730.3710994151718,1818.94813478538,1866.3555621666176,1994.8546416473398,1878.831200951154,1771.5407074041416,1823.938390299194,1847.6421039898128,1877.5836370727002,1862.6128705312565,1840.1567207190908,1928.733756089299,1866.3555621666173,1806.4724960008432,1842.6518484759983,1779.0260906748636,1933.7240116031128,1714.1527689952745,909.4740673926889,0.0,1106.2363927191998,2495.818609953904,2692.6336736892194,2606.102912909036,2573.8659628144583,2505.9986994574506,2572.1692812305323,2573.8659628144574,2590.8327786537097,2565.382554894831,2617.9796839965115,2575.5626443983833,2563.685873310908,2555.2024653912813,2526.3588784645535,2480.5484756985743,2534.8422863841793,2573.8659628144583,2421.1646202611932,2395.7143965023165,2461.884978275398,2399.107759670166,2590.8327786537106,2502.6053362896014,1381.0988093150759,658.6572908973068,550.9182574116492,798.1616354278278,629.970477709657,692.7160780005757,628.9649513559665,422.1901379429185,424.92363473672606,0.0,0.0,0.0,0.0,0.0,0.0,0.0,0.0
Dry season,8,0.0,0.0,0.0,0.0,0.0,0.0,0.0,0.0,0.0,0.0,0.0,0.0,0.0,0.0,0.0,0.0,0.0,0.0,0.0,0.0,0.0,0.0,0.0,0.0,0.0,0.0,0.0,0.0,0.0,0.0,708.6162829616562,1660.5075222217683,1968.655800199815,1785.2639100671315,1795.2444210947606,1920.0008089401229,1865.1079982881636,1901.287350763319,1895.0495313710505,1962.4179808075462,1956.1801614152787,1875.0885093157933,1868.8506899235247,1902.5349146417723,1903.7824785202258,1830.1762096914622,1901.2873507633187,1842.6518484759983,1817.7005709069258,1922.495936697031,1872.5933815588855,1915.0105534263082,1828.928645813008,958.1290586523795,0.0,1070.6060794567716,2433.041391348673,2629.856455083988,2512.7854257931526,2558.5958285591323,2517.8754705449273,2422.8613018451206,2431.344709764745,2619.6763655804375,2567.0792364787562,2538.2356495520307,2555.202465391281,2414.3778939254926,2553.5057838073562,2631.5531366679124,2565.382554894832,2519.572152128852,2584.046052318009,2573.8659628144587,2657.00336042679,2585.7427339019328,2461.8849782753973,2640.0365445875386,2414.377893925494,1260.6344168563887,545.0425319448246,440.6968616270175,829.2359559715173,599.8700652053461,570.4295190750788,682.0332253201794,524.9962298739985,361.8009208809079,0.0,0.0,0.0,0.0,0.0,0.0,0.0,0.0
Dry season,9,0.0,0.0,0.0,0.0,0.0,0.0,0.0,0.0,0.0,0.0,0.0,0.0,0.0,0.0,0.0,0.0,0.0,0.0,0.0,0.0,0.0,0.0,0.0,0.0,0.0,0.0,0.0,0.0,0.0,0.0,733.5675605307289,1739.104046564347,2018.5583553379597,1833.918901326823,1816.4530070284723,1938.7142671169274,1863.86043440971,1898.7922230064105,1971.1509279567217,1833.9189013268228,1971.1509279567224,1976.141183470536,1891.3068397356903,1933.7240116031132,1876.3360731942462,1912.5154256694013,1979.8838751058972,1880.0787648296073,1784.0163461886777,1836.4140290837304,1860.1177427743492,1907.5251701555867,1795.24442109476,850.8385651053688,0.0,978.985273924813,2181.9325169277495,2726.567305367722,2551.8091022234307,2446.6148440200704,2519.5721521288547,2561.9891917269824,2611.1929576608113,2589.136097069784,2555.2024653912817,2434.7380729325946,2551.809102223432,2560.292510143057,2624.7664103322113,2675.6668578499675,2505.9986994574515,2634.946499835764,2589.1360970697842,2519.5721521288533,2558.595828559132,2356.690720072038,2414.377893925493,2611.1929576608118,2443.2214808522217,1196.1605166672332,410.12497480205326,408.89960280972184,710.2483994581156,637.3854521050889,589.6585221165435,628.1479817847256,435.7006834438169,455.7152024712713,0.0,0.0,0.0,0.0,0.0,0.0,0.0,0.0
Dry season,10,0.0,0.0,0.0,0.0,0.0,0.0,0.0,0.0,0.0,0.0,0.0,0.0,0.0,0.0,0.0,0.0,0.0,0.0,0.0,0.0,0.0,0.0,0.0,0.0,0.0,0.0,0.0,0.0,0.0,0.0,795.9457544534092,1776.5309629179546,1947.4472142661034,1915.0105534263084,1890.059275857235,1883.8214564649684,1883.8214564649677,1918.7532450616695,1886.3165842218757,1938.7142671169279,1841.4042845975446,1917.5056811832167,1996.102205525795,1907.525170155587,1798.9871127301215,1851.3847956251739,1967.408236321361,1893.8019674925972,1818.9481347853794,1898.7922230064116,1805.2249321223896,1887.5641481003286,1915.0105534263084,979.3376445860914,0.0,1157.1368402369549,2522.9655152967057,2624.7664103322118,2526.358878464554,2572.1692812305323,2517.875470544927,2604.406231325111,2595.9228234054835,2516.178788961003,2441.5247992682944,2633.2498182518398,2553.505783807355,2453.401570355772,2626.4630919161377,2646.823270923239,2689.240310521369,2621.3730471643617,2667.1834499303413,2545.0223758877287,2631.553136667913,2519.572152128853,2444.9181624361463,2623.069728748289,2360.08408323989,1260.6344168563892,626.860196809071,552.363475042622,824.4915711993895,618.1879026488756,545.5135120782982,789.0811035756025,473.15332790211636,403.8723004993894,0.0,0.0,0.0,0.0,0.0,0.0,0.0,0.0
Dry season,11,0.0,0.0,0.0,0.0,0.0,0.0,0.0,0.0,0.0,0.0,0.0,0.0,0.0,0.0,0.0,0.0,0.0,0.0,0.0,0.0,0.0,0.0,0.0,0.0,0.0,0.0,0.0,0.0,0.0,0.0,659.961291701965,1705.4198218460992,1978.6363112274437,1892.554403614144,1855.1274872605338,1872.5933815588855,1868.8506899235244,1868.850689923524,1943.7045226307416,1923.7435005754842,1865.1079982881627,1872.5933815588855,1882.573892586514,1876.336073194246,1987.3692583766194,1871.345817680432,1846.39454011136,1838.9091568406366,1867.6031260450707,1806.4724960008432,1771.5407074041418,1906.2776062771331,1745.3418659566155,909.4740673926888,0.0,1107.9330743031253,2404.1978044219445,2668.8801315142646,2536.5389679681057,2578.956007566232,2573.8659628144574,2650.21663409109,2668.8801315142655,2539.9323311359553,2572.1692812305323,2594.226141821559,2536.5389679681043,2524.662196880628,2624.766410332212,2621.373047164362,2499.2119731217504,2497.5152915378267,2521.2688337127784,2502.6053362896014,2551.8091022234303,2553.505783807356,2446.6148440200714,2634.9464998357626,2434.7380729325955,1289.4780037831165,450.6567760338076,414.3353075411446,788.6727011545117,631.7613553202768,530.1177282110255,684.2012164956985,488.04634859254384,378.73628313490804,0.0,0.0,0.0,0.0,0.0,0.0,0.0,0.0
Dry season,12,0.0,0.0,0.0,0.0,0.0,0.0,0.0,0.0,0.0,0.0,0.0,0.0,0.0,0.0,0.0,0.0,0.0,0.0,0.0,0.0,0.0,0.0,0.0,0.0,0.0,0.0,0.0,0.0,0.0,0.0,677.4271860003156,1659.2599583433152,1977.388747348991,1872.5933815588844,1860.1177427743494,1870.098253801978,1835.166465205277,1903.782478520226,1811.4627515146578,1818.9481347853796,1897.5446591279583,1847.6421039898134,1900.0397868848654,1856.3750511389883,1888.8117119787828,1882.5738925865144,1905.03004239868,1877.5836370727002,1881.326328708061,1871.3458176804315,1686.7063636692953,1893.8019674925968,1667.9929054924905,910.7216312711423,0.0,1124.8998901423765,2375.3542174952177,2634.946499835764,2570.472599646608,2528.055560048478,2443.2214808522212,2533.145604800254,2570.4725996466073,2584.0460523180077,2543.3256943038054,2614.5863208286614,2572.1692812305328,2595.9228234054845,2609.496276076885,2541.62901271988,2679.060221017817,2614.5863208286614,2497.5152915378258,2696.0270368570696,2651.9133156750136,2612.8896392447364,2448.311525603998,2502.6053362896005,2405.8944860058696,1279.297914279566,525.7507864619164,583.9720123484086,728.8491544398495,686.4321148417205,494.7074253162981,801.3977306694204,388.47651663211667,366.4196560410898,0.0,0.0,0.0,0.0,0.0,0.0,0.0,0.0
Dry season,13,0.0,0.0,0.0,0.0,0.0,0.0,0.0,0.0,0.0,0.0,0.0,0.0,0.0,0.0,0.0,0.0,0.0,0.0,0.0,0.0,0.0,0.0,0.0,0.0,0.0,0.0,0.0,0.0,0.0,0.0,899.4935563650596,1861.3653066528022,1961.1704169290929,1837.6615929621837,1928.7337560892984,1846.39454011136,1922.49593669703,1888.8117119787823,1846.3945401113594,1777.77852679641,1897.5446591279579,1971.1509279567217,1924.9910644539377,1928.7337560892986,1798.9871127301224,1782.768782310224,1837.6615929621837,1942.4569587522885,1927.4861922108446,1856.375051138988,1797.739548851668,1928.7337560892988,1836.41402908373,874.5422787959872,0.0,889.0611499767807,2243.013053949055,2752.0175291266,2504.3020178735264,2651.913315675016,2658.7000420107156,2497.5152915378258,2548.4157390555815,2546.7190574716556,2578.9560075662325,2645.1265893393133,2517.875470544928,2395.714396502316,2641.7332261714632,2494.121928369976,2405.8944860058677,2502.6053362896023,2456.794933523622,2517.8754705449287,2548.4157390555815,2504.3020178735264,2451.704888771847,2643.4299077553883,2478.8517941146506,1182.5870639958323,604.0492738173059,409.18268507698605,849.0933718017742,602.7921187816028,574.7655014261163,628.9649513559666,471.6137495153891,400.3218341343412,0.0,0.0,0.0,0.0,0.0,0.0,0.0,0.0
Dry season,14,0.0,0.0,0.0,0.0,0.0,0.0,0.0,0.0,0.0,0.0,0.0,0.0,0.0,0.0,0.0,0.0,0.0,0.0,0.0,0.0,0.0,0.0,0.0,0.0,0.0,0.0,0.0,0.0,0.0,0.0,769.7469130058835,1697.9344385753777,1969.9033640782684,1838.9091568406373,1843.899412354452,1823.9383902991935,1862.612870531257,1855.1274872605345,1853.8799233820805,1911.2678617909476,1937.4667032384734,1951.1899059014638,1911.267861790948,1850.13723174672,1958.6752891721856,1867.6031260450718,1901.2873507633185,1860.1177427743492,1843.8994123544517,1825.185954177648,1757.817504741152,1867.6031260450704,1796.4919849732141,954.3863670170189,0.0,1138.473342813778,2446.6148440200745,2679.060221017818,2551.809102223431,2619.6763655804375,2679.060221017817,2395.714396502316,2485.6385204503504,2780.861116053327,2679.0602210178167,2633.249818251838,2612.8896392447364,2684.1502657695924,2611.1929576608104,2565.382554894831,2597.6195049894104,2546.7190574716547,2545.0223758877296,2505.9986994574506,2575.562644398383,2448.3115256039973,2243.0130539490533,2638.3398630036145,2458.491615107549,1158.8335218208792,631.3847359425581,502.37435785186324,914.8240975685131,721.1514272352731,734.159209559326,698.4347002702029,550.8550207830261,400.5103909167908,0.0,0.0,0.0,0.0,0.0,0.0,0.0,0.0
Dry season,15,0.0,0.0,0.0,0.0,0.0,0.0,0.0,0.0,0.0,0.0,0.0,0.0,0.0,0.0,0.0,0.0,0.0,0.0,0.0,0.0,0.0,0.0,0.0,0.0,0.0,0.0,0.0,0.0,0.0,0.0,734.8151244091822,1771.5407074041407,1966.1606724429075,1906.2776062771322,1886.3165842218748,1782.7687823102247,1933.724011603113,1856.3750511389887,1902.5349146417725,1947.447214266103,1905.0300423986796,1871.3458176804318,1867.6031260450713,1936.2191393600199,1905.0300423986796,1891.30683973569,1858.8701788958956,1847.6421039898132,1962.4179808075457,1890.0592758572368,1831.4237735699162,1888.811711978782,1803.9773682439359,914.4643229065028,0.0,975.5919107569631,2229.4396012776538,2624.7664103322127,2636.643181419689,2534.8422863841784,2621.373047164362,2509.392062625301,2507.695381041377,2514.482107377077,2685.8469473535183,2623.0697287482876,2619.6763655804357,2585.7427339019346,2470.368386195024,2565.382554894832,2650.2166340910903,2577.2593259823084,2621.3730471643626,2477.1551125307237,2485.638520450351,2439.828117684372,2282.0367303793314,2556.899146975207,2563.685873310907,1211.4306509225596,389.26219734716625,495.2103532222034,784.933678007014,548.0899056749074,668.1770198396345,531.1545434209073,464.9526727916349,426.4632131234531,0.0,0.0,0.0,0.0,0.0,0.0,0.0,0.0
Dry season,16,0.0,0.0,0.0,0.0,0.0,0.0,0.0,0.0,0.0,0.0,0.0,0.0,0.0,0.0,0.0,0.0,0.0,0.0,0.0,0.0,0.0,0.0,0.0,0.0,0.0,0.0,0.0,0.0,0.0,0.0,667.4466749726869,1635.5562446526958,1974.8936195920824,1934.9715754815663,1865.1079982881636,1807.7200598792967,1806.4724960008425,1861.3653066528025,1949.9423420230098,1841.404284597545,1867.6031260450707,1847.642103989813,1850.13723174672,1896.2970952495045,1802.729804365482,1830.1762096914622,1843.8994123544521,1818.9481347853787,1850.1372317467199,1924.9910644539377,1797.7395488516677,1837.6615929621837,1816.453007028472,964.366878044648,0.0,1063.8193531210713,2129.33538782607,2657.0033604267896,2660.3967235946416,2412.6812123415666,2628.159773500063,2595.9228234054835,2619.6763655804375,2582.3493707340826,2575.562644398384,2545.0223758877296,2494.121928369975,2472.0650677789486,2573.865962814458,2616.283002412587,2634.946499835763,2619.6763655804375,2431.344709764744,2443.2214808522212,2594.226141821559,2602.7095497411856,2351.600675320263,2517.8754705449287,2539.9323311359562,1348.8618592204975,789.3646800300469,767.5592833919725,783.2687794664604,666.7947093791648,651.1474615589394,619.7274810356028,488.6747613813354,387.9737534552714,0.0,0.0,0.0,0.0,0.0,0.0,0.0,0.0
Dry season,17,0.0,0.0,0.0,0.0,0.0,0.0,0.0,0.0,0.0,0.0,0.0,0.0,0.0,0.0,0.0,0.0,0.0,0.0,0.0,0.0,0.0,0.0,0.0,0.0,0.0,0.0,0.0,0.0,0.0,0.0,731.0724327738212,1826.4335180561002,2007.330280431877,1862.6128705312558,1851.3847956251734,1818.9481347853798,1867.6031260450713,1862.6128705312558,1878.831200951153,1903.7824785202258,1953.685033658371,1976.141183470536,1790.254165580946,1811.4627515146576,1897.544659127958,1905.030042398679,1862.6128705312558,1881.3263287080606,1915.010553426309,1860.117742774349,1770.2931435256876,1891.3068397356885,1813.957879271565,885.7703537020698,0.0,939.9615974945344,2448.3115256039987,2706.20712636062,2500.9086547056763,2434.7380729325955,2599.3161865733337,2572.169281230534,2533.1456048002533,2590.83277865371,2543.3256943038045,2595.922823405486,2599.3161865733355,2626.4630919161386,2444.918162436146,2524.6621968806276,2609.496276076886,2568.7759180626817,2516.178788961004,2575.5626443983815,2407.5911675897933,2490.728565202125,2431.3447097647454,2648.5199525071644,2422.861301845121,1169.013611324431,527.792963296429,483.8050564553809,786.4419675375498,613.5691674886937,553.1799504266826,702.047744347634,444.9381537641804,449.5568889243623,0.0,0.0,0.0,0.0,0.0,0.0,0.0,0.0
Dry season,18,0.0,0.0,0.0,0.0,0.0,0.0,0.0,0.0,0.0,0.0,0.0,0.0,0.0,0.0,0.0,0.0,0.0,0.0,0.0,0.0,0.0,0.0,0.0,0.0,0.0,0.0,0.0,0.0,0.0,0.0,913.2167590280493,1813.9578792715647,1936.2191393600203,1929.9813199677517,1803.9773682439356,1818.9481347853796,1891.3068397356901,1822.6908264207402,1857.622615017442,1885.069020343422,1882.5738925865144,1933.724011603113,1944.9520865091959,1900.0397868848645,1907.525170155587,1868.8506899235244,1845.1469762329054,1831.4237735699155,1827.6810819345553,1885.0690203434212,1872.5933815588849,1943.7045226307423,1770.2931435256878,924.4448339341321,0.0,1123.2032085584513,2470.3683861950267,2657.00336042679,2492.425246786051,2499.211973121751,2489.0318836182005,2543.325694303806,2543.3256943038045,2657.00336042679,2594.2261418215594,2665.486768346416,2612.8896392447355,2677.3635394338917,2609.4962760768854,2651.9133156750136,2623.0697287482876,2553.5057838073562,2614.5863208286614,2714.690534280246,2604.40623132511,2531.448923216328,2533.1456048002556,2589.136097069784,2517.875470544929,1421.8191673292786,692.6223761610613,587.9624994488587,740.2860695209832,606.3111315613993,625.0688250112709,621.9896682378165,420.30489957654396,412.6070076429078,0.0,0.0,0.0,0.0,0.0,0.0,0.0,0.0
Dry season,19,0.0,0.0,0.0,0.0,0.0,0.0,0.0,0.0,0.0,0.0,0.0,0.0,0.0,0.0,0.0,0.0,0.0,0.0,0.0,0.0,0.0,0.0,0.0,0.0,0.0,0.0,0.0,0.0,0.0,0.0,754.7761464644402,1635.5562446526958,1962.4179808075467,1880.0787648296066,1707.9149496030066,1885.0690203434215,1911.267861790948,1912.5154256694018,1841.4042845975448,1878.831200951153,1977.3887473489897,1867.6031260450711,1913.762989547855,1853.8799233820814,1877.5836370727,1947.447214266103,1861.3653066528025,1767.7980157687803,1856.3750511389883,1806.4724960008432,1734.1137910505333,1938.714267116927,1774.0358351610487,875.789842674441,0.0,943.3549606623851,2387.230988582693,2745.230802790899,2444.918162436146,2394.0177149183924,2419.4679386772696,2572.169281230533,2475.4584309467987,2458.491615107549,2533.145604800254,2497.515291537827,2606.1029129090343,2538.235649552029,2578.9560075662325,2631.5531366679124,2573.865962814458,2563.685873310908,2448.311525603996,2517.875470544927,2580.652689150159,2475.458430946799,2259.9798697883048,2570.472599646607,2433.041391348671,1247.0609641849878,597.1683514549107,513.151406558954,735.4787775783522,694.4442131697524,558.9298615525015,608.6047723488646,517.2983379403621,395.6716453889079,0.0,0.0,0.0,0.0,0.0,0.0,0.0,0.0
May,0,0.0,0.0,0.0,0.0,0.0,0.0,0.0,0.0,0.0,0.0,0.0,0.0,0.0,0.0,0.0,0.0,0.0,0.0,0.0,0.0,0.0,0.0,0.0,0.0,0.0,0.0,0.0,0.0,408.6885108723331,1113.118889612282,1597.6005425009384,1957.2464320685913,2279.738820647851,2361.476522822317,2322.8368817943865,2281.224960687386,2209.89023878967,2160.84761748499,2312.4339015176374,2401.6023038897824,2206.9179587105987,1973.5939725034846,1425.2082979147904,682.1382781469125,492.87171032857736,1230.881378668311,1657.1341310130197,2100.3803485674844,2353.5161149193946,2059.8117319080325,2108.605808110536,2277.124338107281,2083.115610295902,1829.629754250378,1332.5708968650206,559.3682298211302,0.0,202.12058273216613,443.03198437252576,685.9850080606852,901.3761341035491,976.9161498721364,1066.7475199753217,966.7080396331384,834.0026065261605,849.3147718846577,914.6466774142468,913.625866390347,973.8537168004372,977.9369608960365,960.5831734897391,959.5623624658394,865.647748267055,957.5207404180397,990.1866931828343,904.438567175249,835.0234175500605,810.5239529764646,1018.7694018520294,1120.8505042420124,1130.0378034571108,947.3126301790418,713.5469057059804,430.7822520857278,235.80734652086042,0.0,0.0,0.0,0.0,0.0,0.0,0.0,0.0,0.0,0.0,0.0
May,1,0.0,0.0,0.0,0.0,0.0,0.0,0.0,0.0,0.0,0.0,0.0,0.0,0.0,0.0,0.0,0.0,0.0,0.0,0.0,0.0,0.0,0.0,0.0,0.0,0.0,0.0,0.0,0.0,416.11921107001194,1016.5197870424577,1627.3233432916538,1963.1909922267344,2248.5298798176,2337.6982821897445,2241.0991796199205,2187.598138196633,2306.489341359494,2211.376378829206,2328.7814419525307,2425.380544522355,2195.0288383943125,1795.2571677591939,1346.4428758193956,615.2619763678034,514.0908138811222,1120.4711447839713,1589.207560153069,1941.8219632555024,2199.486167664744,2115.3905835333535,2119.5689318970694,2303.6648050027566,2109.6560771913773,1847.463434724807,1274.5098907316883,525.3812994016185,0.0,212.32869297116443,481.82280328071937,810.5239529764646,956.4999293941402,954.4583073463401,980.9993939677356,902.3969451274487,941.1877640356425,953.4374963224404,932.0004648205442,923.8339766293453,823.7944962871622,840.1274726695593,863.6061262192551,950.3750632507406,1044.2896774495252,987.1242601111348,891.168023864551,803.3782758091655,927.9172207249447,914.646677414247,862.5853151953556,936.0837089161436,1054.4977876885234,1022.8526459476287,816.6488191198631,462.4273938266224,252.1403229032577,0.0,0.0,0.0,0.0,0.0,0.0,0.0,0.0,0.0,0.0,0.0
May,2,0.0,0.0,0.0,0.0,0.0,0.0,0.0,0.0,0.0,0.0,0.0,0.0,0.0,0.0,0.0,0.0,0.0,0.0,0.0,0.0,0.0,0.0,0.0,0.0,0.0,0.0,0.0,0.0,569.191635142195,1101.2297692959955,1454.931098705506,1981.0246727011638,2333.239862071138,2321.3507417548512,2339.184422229281,2267.849700331565,2198.0011184733844,2273.794260489708,2472.937025787499,2538.327187527073,2258.93286009435,1992.9137930174495,1460.8756588636481,546.8995345491585,412.81443868345724,1065.6467271582437,1413.2425666322877,1709.2120857022014,2037.6123772133687,1990.211695152028,2121.350907017853,2272.875971804842,2042.0480693723255,1716.3399861853395,1314.161309554452,628.7582127609668,0.0,155.16327563277397,414.4492757033306,779.8996222594694,908.5218112708479,861.5645041714557,745.1920474468749,918.7299215098463,1045.310488473425,1137.1834806244099,946.2918191551415,817.6696301437634,865.6477482670551,944.2501971073418,1068.7891420231213,1049.3937325690245,961.603984513639,865.6477482670554,826.8569293588615,968.7496616809381,952.4166852985404,823.7944962871619,834.0026065261602,993.2491262545335,1077.9764412382196,986.1034490872349,724.7758269688787,466.5106379222218,223.55761423406247,0.0,0.0,0.0,0.0,0.0,0.0,0.0,0.0,0.0,0.0,0.0
May,3,0.0,0.0,0.0,0.0,0.0,0.0,0.0,0.0,0.0,0.0,0.0,0.0,0.0,0.0,0.0,0.0,0.0,0.0,0.0,0.0,0.0,0.0,0.0,0.0,0.0,0.0,0.0,0.0,428.00833138629804,1058.131708149459,1478.709339338078,1948.329591831377,2316.8923216362446,2306.4893413594937,2223.265499145492,2254.474439975743,2275.2804005292433,2116.2634162989175,2297.57250112228,2374.8517831781396,2034.5257141244508,1599.0866825404742,1284.0249941588938,670.2491578306264,447.6731110203573,1177.1160288164906,1505.6563562051028,1875.2642245172917,2189.5032950203295,1999.6344242866594,2146.841104832487,2247.3857739902087,2061.873778783708,1685.1852999674536,1094.662383928439,516.8845667967406,0.0,140.87192129817637,400.157921368733,688.0266301084848,975.8953388482369,995.2907483023334,1032.0399451627277,829.9193624305609,855.4396380280567,897.2928900079498,985.0826380633349,967.7288506570384,948.3334412029415,890.1472128406508,857.4812600758563,884.0223466972519,953.4374963224402,925.8755986771451,937.1045199400432,860.5436931475559,848.2939608607578,911.5842443425471,942.2085750595423,994.2699372784335,1027.956701067128,940.1669530117427,803.3782758091655,510.4055119499145,284.80627566805225,0.0,0.0,0.0,0.0,0.0,0.0,0.0,0.0,0.0,0.0,0.0
May,4,0.0,0.0,0.0,0.0,0.0,0.0,0.0,0.0,0.0,0.0,0.0,0.0,0.0,0.0,0.0,0.0,0.0,0.0,0.0,0.0,0.0,0.0,0.0,0.0,0.0,0.0,0.0,0.0,588.5114556561599,1312.2616549100728,1723.9224458614776,2001.8306332546645,2303.5170612804227,2282.711100726922,2273.7942604897075,2284.197240766458,2312.4339015176374,2291.627940964137,2328.7814419525307,2382.2824833758173,2061.2762348360943,1716.4917456637984,1221.607112498392,627.1510966840895,491.3855702890416,1152.9946631235975,1601.9053690813132,1907.7877428569177,2186.413707023463,2080.461893257729,2215.4993817323802,2327.3730276966057,2233.6989152267806,1899.0897551289377,1362.309460982093,464.48804906666015,0.0,223.5576142340625,446.0944174442253,763.566645877072,872.7934254343539,909.5426222947476,985.0826380633353,1005.4988585413319,980.999393967736,903.417756151349,843.1899057412592,907.501000246948,900.3553230796495,962.6247955375387,984.0618270394352,921.7923545815457,995.2907483023334,937.104519940043,888.1055907928513,890.1472128406512,860.5436931475559,907.5010002469483,903.417756151349,994.2699372784338,1092.267795572817,1034.081567210527,803.3782758091654,488.9684804480182,192.93328351706762,0.0,0.0,0.0,0.0,0.0,0.0,0.0,0.0,0.0,0.0,0.0
May,5,0.0,0.0,0.0,0.0,0.0,0.0,0.0,0.0,0.0,0.0,0.0,0.0,0.0,0.0,0.0,0.0,0.0,0.0,0.0,0.0,0.0,0.0,0.0,0.0,0.0,0.0,0.0,0.0,457.73113217701314,1077.4515286634237,1526.2658206032222,1926.0374912383409,2370.393363059532,2397.143883771175,2352.5596825851026,2113.291136219846,2021.1504537686285,2031.553434045379,2245.557599738527,2441.728084957248,2229.210059303635,1920.0929310801978,1434.125138152005,674.7075779492337,447.57156642891937,1137.783173034626,1530.0489949598225,1831.612984494265,2204.348932089329,2117.9269926537304,2256.006779146175,2288.0874618938137,2109.656077191378,1718.8063773669933,1230.1042167090689,513.4764157589749,0.0,197.0165276126669,448.13603949202496,721.7133938971793,828.8985514066611,849.3147718846578,958.5415514419395,1059.6018428080229,1051.4353546168243,932.0004648205438,830.9401734544609,816.6488191198633,915.6674884381468,876.8766695299532,962.6247955375387,1063.6850869036218,1066.7475199753214,956.4999293941399,850.3355829085579,909.5426222947475,989.1658821589346,869.7309923626541,862.5853151953555,862.5853151953556,898.3137010318497,885.0431577211518,905.4593781991488,622.6947245788956,291.95195283535105,0.0,0.0,0.0,0.0,0.0,0.0,0.0,0.0,0.0,0.0,0.0
May,6,0.0,0.0,0.0,0.0,0.0,0.0,0.0,0.0,0.0,0.0,0.0,0.0,0.0,0.0,0.0,0.0,0.0,0.0,0.0,0.0,0.0,0.0,0.0,0.0,0.0,0.0,0.0,0.0,487.4539329677282,1281.052714079822,1908.2038107639114,2227.723919264099,2401.602303889783,2328.7814419525303,2215.8347989478125,2177.195157919883,2236.6407595013143,2290.1418009246004,2357.01810270371,2466.992465629356,2239.6130395803852,1746.2145464545138,1270.6497338030717,554.3302347468374,458.3088730729258,1032.258431534522,1401.8662998467107,1947.0733086597104,2161.97377828967,2058.9084633379293,2122.0037964260086,2132.492557967839,1966.9620713765223,1650.4666635079993,1238.0950604165296,476.93731289272824,0.0,207.22463785166522,413.42846467943076,768.6707009965714,926.8964097010447,953.4374963224403,963.6456065614385,949.3542522268413,965.6872286092386,908.5218112708479,895.2512679601504,1001.4156144457323,967.7288506570383,853.3980159802571,858.5020710997561,877.8974805538531,991.2075042067343,1058.581031784123,979.9785829438359,925.8755986771449,869.7309923626541,1006.5196695652317,985.0826380633353,1015.7069687803302,1001.4156144457324,878.9182915777526,850.3355829085577,487.9476694241183,192.93328351706762,0.0,0.0,0.0,0.0,0.0,0.0,0.0,0.0,0.0,0.0,0.0
May,7,0.0,0.0,0.0,0.0,0.0,0.0,0.0,0.0,0.0,0.0,0.0,0.0,0.0,0.0,0.0,0.0,0.0,0.0,0.0,0.0,0.0,0.0,0.0,0.0,0.0,0.0,0.0,0.0,439.89745170258385,1185.9397515495336,1557.474761433473,1920.0929310801976,2281.224960687387,2376.3379232176744,2307.97548139903,2276.766540568779,2245.557599738528,2233.6684794222424,2312.433901517637,2358.504242743246,2117.749556338453,1793.7710277196582,1368.7349764124317,688.0828383050552,410.3480475018027,1180.7184703440673,1509.904722507542,1708.1618166213598,2016.7363987211454,1914.0911914017406,2024.6887511425991,2217.2813568531647,2055.843437360484,1793.3707231390229,1292.9194780422577,640.0871895674705,0.0,163.32976382397257,447.115228468125,831.9609844783607,955.4791183702401,928.9380317488445,859.5228821236564,861.5645041714558,1006.5196695652317,946.2918191551414,920.7715435576459,889.1264018167514,792.1493545462674,984.0618270394355,991.207504206734,951.395874274641,853.3980159802572,746.2128584707751,819.7112521915627,861.5645041714556,976.9161498721368,936.0837089161432,906.4801892230485,915.6674884381465,1044.2896774495255,996.3115593262332,792.1493545462673,487.9476694241183,259.2860000705565,0.0,0.0,0.0,0.0,0.0,0.0,0.0,0.0,0.0,0.0,0.0
May,8,0.0,0.0,0.0,0.0,0.0,0.0,0.0,0.0,0.0,0.0,0.0,0.0,0.0,0.0,0.0,0.0,0.0,0.0,0.0,0.0,0.0,0.0,0.0,0.0,0.0,0.0,0.0,0.0,389.3686903583683,1026.922767319208,1591.6559823427954,1991.427652977914,2291.6279409641365,2282.7111007269214,2282.711100726921,2324.323021833923,2278.252680608314,2302.030921240887,2313.920041557173,2374.8517831781387,2061.2762348360948,1755.1313866917287,1379.1379566891817,686.5966982655198,444.87935810473886,1075.4738005988543,1565.452047480147,1847.2603455419312,2186.91959592088,2130.407783132513,2127.015395421105,2278.5404602080944,2104.3574418080975,1714.9238640845265,1260.3486697235583,424.8366302438964,0.0,185.78760634976885,358.30466938884,650.2566222241911,803.3782758091654,892.1888348884506,1042.2480554017254,1006.5196695652315,1002.4364254696325,868.710181338755,814.6071970720636,842.1690947173593,892.1888348884502,896.2720789840498,942.208575059542,1010.602913660831,1043.2688664256252,980.9993939677356,856.4604490519566,826.8569293588619,800.3158427374661,919.7507325337459,935.0628978922435,947.3126301790412,975.8953388482367,961.6039845136394,843.189905741259,623.7155356027954,283.78546464415246,0.0,0.0,0.0,0.0,0.0,0.0,0.0,0.0,0.0,0.0,0.0
May,9,0.0,0.0,0.0,0.0,0.0,0.0,0.0,0.0,0.0,0.0,0.0,0.0,0.0,0.0,0.0,0.0,0.0,0.0,0.0,0.0,0.0,0.0,0.0,0.0,0.0,0.0,0.0,0.0,466.64797241422764,1193.3704517472129,1668.9352643986551,2006.2890533732714,2322.8368817943874,2336.212142150209,2221.779359105956,2129.6386766547394,2099.9158758640233,2172.736737801276,2261.905140173422,2330.2675819920664,2065.734654954702,1698.6580651893698,1359.8181361752174,664.3045976724833,406.0996811993638,1199.4081294095274,1593.0900734355369,1898.9724472111413,2217.599919894063,2071.7008522243186,2103.9915887881266,2189.5348216730445,1928.758301307287,1605.8824623219261,1154.139512162584,519.7168109983667,0.0,106.16434648558217,359.32548041273986,776.83718918777,1043.2688664256254,1062.6642758797223,904.4385671752484,862.5853151953553,994.2699372784336,1051.4353546168243,868.7101813387545,773.7747561160704,807.461519904765,1004.4780475174318,1041.2272443778259,991.207504206734,859.5228821236564,895.2512679601498,908.5218112708476,879.9391026016528,851.3563939324575,835.0234175500603,904.4385671752487,947.3126301790417,1018.7694018520295,901.376134103549,752.3377246141739,494.07253556751715,219.47437013846323,0.0,0.0,0.0,0.0,0.0,0.0,0.0,0.0,0.0,0.0,0.0
May,10,0.0,0.0,0.0,0.0,0.0,0.0,0.0,0.0,0.0,0.0,0.0,0.0,0.0,0.0,0.0,0.0,0.0,0.0,0.0,0.0,0.0,0.0,0.0,0.0,0.0,0.0,0.0,0.0,438.41131166304825,1141.3555503634614,1808.632428115016,2116.2634162989175,2386.7409034944258,2391.199323613032,2267.8497003315642,2214.3486589082772,2076.1376352314524,2090.999035626809,2281.224960687387,2447.6726451153904,2217.3209389873487,1900.7731105662324,1410.346897519433,652.4154773561971,412.44858566348574,1176.018469756577,1593.7744894964067,1817.5217814248585,2093.3855193285,2061.056291478685,2012.7838674999557,2190.375036937718,1960.9632566060138,1616.2154246599534,1175.3813436747798,526.7974215024317,0.0,161.28814177617295,390.97062215363457,679.8601419172862,871.7726144104543,906.4801892230485,972.8329057765369,991.2075042067343,994.2699372784335,1028.9775120910278,1007.5404805891311,966.7080396331386,835.0234175500602,924.8547876532455,1081.038874309919,998.3531813740327,854.4188270041567,846.2523388129583,1012.6445357086304,1056.539409736323,889.1264018167511,758.4625907575727,920.7715435576458,1071.8515750948206,1149.4332129112074,966.7080396331382,743.1504253990754,481.8228032807193,188.8500394214683,0.0,0.0,0.0,0.0,0.0,0.0,0.0,0.0,0.0,0.0,0.0
May,11,0.0,0.0,0.0,0.0,0.0,0.0,0.0,0.0,0.0,0.0,0.0,0.0,0.0,0.0,0.0,0.0,0.0,0.0,0.0,0.0,0.0,0.0,0.0,0.0,0.0,0.0,0.0,0.0,441.38359174211956,1193.3704517472127,1713.5194655847272,2040.4702742825943,2337.6982821897454,2294.600221043208,2208.404098750134,2166.7921776431326,2068.706935033773,2090.9990356268095,2198.0011184733835,2385.254763454889,2140.04165693149,1911.1760908429828,1506.9460000892568,652.4154773561972,441.9613326380325,978.8116447236,1439.05132748782,1831.317149413017,2158.0212470684805,2101.0035453826968,2078.1355379535203,2143.2771545909177,2089.130188392768,1835.29424265363,1331.154774764208,594.7712823414549,0.0,125.55975593967894,363.40872450833916,699.2555513713831,891.168023864551,867.6893703148548,837.0650395978597,893.2096459123507,1020.8110238998291,1010.6029136608307,895.2512679601502,775.8163781638701,746.2128584707749,876.8766695299531,957.5207404180398,940.1669530117427,922.8131656054455,887.0847797689513,852.3772049563572,889.1264018167511,913.6258663903475,935.0628978922434,941.1877640356425,937.1045199400431,972.8329057765374,836.0442285739599,802.3574647852655,592.0703938619008,313.3889843372474,0.0,0.0,0.0,0.0,0.0,0.0,0.0,0.0,0.0,0.0,0.0
May,12,0.0,0.0,0.0,0.0,0.0,0.0,0.0,0.0,0.0,0.0,0.0,0.0,0.0,0.0,0.0,0.0,0.0,0.0,0.0,0.0,0.0,0.0,0.0,0.0,0.0,0.0,0.0,0.0,441.3835917421198,1077.4515286634237,1451.9588186264343,1989.9415129383785,2391.1993236130324,2388.2270435339606,2269.3358403711004,2198.0011184733835,2128.1525366152036,2171.25059776174,2285.683380805994,2446.1865050758556,2171.25059776174,1808.6324281150162,1347.9290158589315,575.1361953003379,445.75110002212745,977.0769595818884,1349.5170720957035,1740.3667719200873,2044.6929877174334,2035.6676382554886,2094.4445871024063,2230.392308780453,2105.7735639089096,1753.1591608064768,1318.4096758568905,569.2810845268214,0.0,120.45570082017979,272.55654338125436,544.0922757386089,816.6488191198634,950.375063250741,1026.9358900432283,888.1055907928511,804.3990868330652,832.9817955022608,962.6247955375392,986.1034490872349,864.6269372431555,774.7955671399701,749.2752915424746,859.522882123656,936.0837089161431,964.6664175853384,929.9588427727447,812.5655750242644,875.8558585060534,925.8755986771453,903.4177561513486,894.2304569362503,859.5228821236562,860.5436931475559,768.6707009965714,520.6136221889129,276.63978747685366,0.0,0.0,0.0,0.0,0.0,0.0,0.0,0.0,0.0,0.0,0.0
May,13,0.0,0.0,0.0,0.0,0.0,0.0,0.0,0.0,0.0,0.0,0.0,0.0,0.0,0.0,0.0,0.0,0.0,0.0,0.0,0.0,0.0,0.0,0.0,0.0,0.0,0.0,0.0,0.0,511.2321736003003,1154.7308107192828,1627.3233432916534,2006.2890533732716,2242.5853196594567,2287.1695208455285,2141.527796971025,2001.830633254664,1893.3424103685534,2085.0544754686666,2302.030921240887,2469.9647457084275,2279.7388206478504,1961.7048521871982,1450.4726785868986,604.8589960910526,421.6770243083065,1035.1379657152204,1499.6260147818798,1829.5824642713053,2133.908680068652,2082.313886317237,2158.8544976998605,2154.1160058263627,1940.2973319299588,1680.936933665015,1130.0654364487636,458.82356066340805,0.0,191.91247249316783,365.45034655613875,657.40229939149,797.2534096657668,965.6872286092383,1077.9764412382199,1000.3948034218323,926.8964097010446,868.7101813387548,928.9380317488447,935.0628978922434,879.9391026016526,907.5010002469483,935.0628978922438,952.4166852985405,880.9599136255526,991.2075042067341,960.5831734897394,952.4166852985405,948.333441202941,878.9182915777529,864.6269372431553,968.7496616809378,938.125330963943,792.1493545462672,730.9006931122777,558.3836300732065,288.8895197636515,0.0,0.0,0.0,0.0,0.0,0.0,0.0,0.0,0.0,0.0,0.0
May,14,0.0,0.0,0.0,0.0,0.0,0.0,0.0,0.0,0.0,0.0,0.0,0.0,0.0,0.0,0.0,0.0,0.0,0.0,0.0,0.0,0.0,0.0,0.0,0.0,0.0,0.0,0.0,0.0,291.2834477490083,899.1147239191329,1487.6261795752919,1983.9969527802355,2403.088443929319,2495.229126380535,2355.531962664174,2200.9733985524554,2116.2634162989175,2221.779359105956,2318.3784616757807,2566.5638482782515,2355.5319626641744,1926.0374912383404,1454.9310987055057,783.1958008353439,396.9570238196232,1160.8069796676054,1625.295028734264,1881.6131289814143,2099.6259145678914,2081.6137069300107,2073.3427914676577,2213.398843570698,1877.7779056780196,1641.2855148422507,1096.078506029252,502.7233457886108,0.0,144.95516539377567,351.15899222154127,670.6728427021876,928.9380317488448,954.4583073463403,942.2085750595423,897.2928900079496,1002.4364254696322,1050.4145435929242,950.3750632507409,885.0431577211518,868.7101813387549,821.7528742393624,853.3980159802572,870.7518033865543,930.9796537966442,938.125330963943,918.7299215098463,889.126401816751,953.4374963224407,893.2096459123508,907.5010002469484,943.2293860834421,975.8953388482369,914.6466774142467,885.0431577211519,578.7998505512031,229.68248037746136,0.0,0.0,0.0,0.0,0.0,0.0,0.0,0.0,0.0,0.0,0.0
May,15,0.0,0.0,0.0,0.0,0.0,0.0,0.0,0.0,0.0,0.0,0.0,0.0,0.0,0.0,0.0,0.0,0.0,0.0,0.0,0.0,0.0,0.0,0.0,0.0,0.0,0.0,0.0,0.0,429.4944714258337,1056.645568109923,1774.4512072056937,2223.265499145492,2395.657743731639,2395.657743731639,2248.5298798175995,2169.7644577222045,2104.3742959826313,2236.6407595013143,2251.5021598966714,2339.1844222292807,2154.9030573268474,1784.8541874824436,1257.27447344725,589.9975956956954,440.49095592485446,1086.8027774053583,1497.4781866411236,1844.4281013403051,2202.356903152377,2007.7653038715657,2141.1766164292344,2299.782291720289,1988.2354295414318,1753.1591608064768,1257.5164255219322,634.4227011642186,0.0,183.74598430196917,421.59495287062936,858.5020710997563,1053.4769766646239,961.6039845136388,865.6477482670549,780.920433283369,999.3739923979327,1042.2480554017259,989.1658821589348,995.2907483023337,888.1055907928513,845.2315277890583,853.3980159802571,904.4385671752485,965.6872286092387,1007.5404805891311,918.7299215098462,906.4801892230483,877.8974805538529,875.8558585060533,884.0223466972521,952.416685298541,1039.1856223300263,930.9796537966441,730.9006931122775,438.9487402769264,206.20382682776537,0.0,0.0,0.0,0.0,0.0,0.0,0.0,0.0,0.0,0.0,0.0
May,16,0.0,0.0,0.0,0.0,0.0,0.0,0.0,0.0,0.0,0.0,0.0,0.0,0.0,0.0,0.0,0.0,0.0,0.0,0.0,0.0,0.0,0.0,0.0,0.0,0.0,0.0,0.0,0.0,588.5114556561597,1181.4813314309265,1624.3510632125822,2154.9030573268474,2529.410347289858,2416.46370428514,2391.1993236130315,2287.169520845529,2209.890238789669,2126.666396575668,2316.892321636245,2504.1459666177493,2368.9072230199954,2031.5534340453792,1547.0717811567229,740.0977396888069,461.59275155960364,1105.212364715927,1477.6524772297423,1869.918299154939,2133.2469919674318,2044.3044067378128,2159.5862037398047,2230.3923087804524,1942.9195223154168,1600.2179739186745,1131.481558549577,508.3878341918627,0.0,193.95409454096745,505.30145683041536,810.5239529764643,956.4999293941398,913.625866390347,918.7299215098462,1003.457236493532,1052.4561656407238,990.1866931828343,816.6488191198634,805.4198978569652,977.9369608960362,1013.6653467325302,1022.852645947629,941.1877640356422,825.8361183349617,841.1482836934593,970.7912837287373,1127.9961814093115,1080.018063286019,906.4801892230482,837.0650395978598,910.5634333186474,1008.5612916130315,1049.3937325690245,846.2523388129582,550.2171418820077,284.8062756680522,0.0,0.0,0.0,0.0,0.0,0.0,0.0,0.0,0.0,0.0,0.0
May,17,0.0,0.0,0.0,0.0,0.0,0.0,0.0,0.0,0.0,0.0,0.0,0.0,0.0,0.0,0.0,0.0,0.0,0.0,0.0,0.0,0.0,0.0,0.0,0.0,0.0,0.0,0.0,0.0,643.4986371189827,1448.9865385473627,1863.619609577839,2071.6792151128448,2293.1140810036723,2290.1418009246004,2270.821980410636,2122.20797645706,2113.2911362198456,2232.1823393827062,2343.642842347888,2466.992465629356,2247.0437397780643,1802.6878679568733,1309.2893748310012,676.1937179887693,520.4782096312516,993.2529374866207,1465.9576474032672,1769.0077769772456,2070.431730634243,2166.775323468599,2214.923474896241,2234.3448400016428,2078.501390973492,1612.59721980602,1267.429280227623,475.81702587316397,0.0,150.05922051327482,394.03305522533395,775.8163781638701,1009.5821026369314,999.3739923979331,911.5842443425475,840.1274726695593,936.0837089161432,964.6664175853384,971.812094752637,898.3137010318496,875.8558585060533,855.4396380280567,952.4166852985405,929.9588427727442,985.0826380633351,949.354252226841,937.1045199400429,919.7507325337461,924.8547876532455,972.8329057765375,895.2512679601501,920.7715435576457,995.2907483023333,1032.0399451627272,827.8777403827613,554.300385977607,243.9738347120591,0.0,0.0,0.0,0.0,0.0,0.0,0.0,0.0,0.0,0.0,0.0
May,18,0.0,0.0,0.0,0.0,0.0,0.0,0.0,0.0,0.0,0.0,0.0,0.0,0.0,0.0,0.0,0.0,0.0,0.0,0.0,0.0,0.0,0.0,0.0,0.0,0.0,0.0,0.0,0.0,322.4923885792592,1053.6732880308516,1716.491745663799,2049.387114519808,2361.4765228223173,2325.8091618734593,2175.709017880347,2183.1397180780264,2027.0950139267713,1995.8860730965212,2236.6407595013134,2394.1716036921043,2254.474439975743,1937.926611554627,1509.9182801683285,603.3728560515173,353.42309171439206,1013.8961342030259,1471.30357276562,1835.2469526745567,2190.6935999786165,2121.0550719366047,2136.5623971068244,2184.710548534466,1951.050401900323,1625.342318713337,1169.2109663741103,491.8144766144436,0.0,253.16113392715755,463.44820485052236,742.1296143751757,874.8350474821535,947.3126301790418,983.041016015535,938.1253309639429,934.0420868683434,994.269937278434,872.7934254343539,866.668559290955,887.0847797689516,973.8537168004372,1046.331299497325,915.6674884381466,771.7331340682704,761.5250238292724,825.8361183349615,924.8547876532456,953.4374963224406,918.7299215098463,819.7112521915628,795.2117876179668,987.1242601111347,997.3323703501331,823.794496287162,541.0298426669093,230.70329140136124,0.0,0.0,0.0,0.0,0.0,0.0,0.0,0.0,0.0,0.0,0.0
May,19,0.0,0.0,0.0,0.0,0.0,0.0,0.0,0.0,0.0,0.0,0.0,0.0,0.0,0.0,0.0,0.0,0.0,0.0,0.0,0.0,0.0,0.0,0.0,0.0,0.0,0.0,0.0,0.0,523.1212939165863,1255.7883334077148,1668.9352643986545,1958.7325721081274,2281.2249606873866,2285.6833808059937,2211.3763788292054,2111.8049961803104,2174.2228778408116,2258.9328600943495,2365.9349429409244,2495.2291263805355,2202.4595385919915,1854.702769340624,1402.9161973217545,689.5689783445912,333.1772746706736,950.536492686413,1308.815384192098,1669.9265198994094,1962.9937768289744,2011.9979068476468,2103.8515529106808,2159.5862037398033,1896.1874929885882,1620.043683330056,1239.1068382113635,555.1198635186914,0.0,211.30788194726458,416.4908977511303,720.6925828732793,841.1482836934595,855.4396380280567,902.3969451274492,1003.4572364935318,1101.4550947879159,1016.7277798042297,817.6696301437634,818.6904411676627,932.0004648205444,951.3958742746407,938.1253309639428,921.7923545815455,964.6664175853382,1002.4364254696321,973.8537168004368,831.9609844783608,794.190976594067,905.4593781991485,914.6466774142469,1011.6237246847307,965.6872286092383,867.6893703148547,763.5666458770722,489.9892914719179,240.9114016403596,0.0,0.0,0.0,0.0,0.0,0.0,0.0,0.0,0.0,0.0,0.0
Rainy season,0,0.0,0.0,0.0,0.0,0.0,0.0,0.0,0.0,0.0,0.0,0.0,0.0,0.0,0.0,0.0,0.0,0.0,0.0,0.0,0.0,0.0,0.0,0.0,0.0,0.0,0.0,0.0,0.0,0.0,332.8768297537033,796.4810625169235,966.7250699375545,1157.227978017526,1426.1868267188026,1586.9527966409355,1684.6783277779653,1820.6166177283496,1930.3547197046835,2032.7443340892403,2160.5722954875396,2172.949004402052,2034.9595722994202,2053.18690366059,2098.3971470456263,2076.8965410415954,2197.9507456200595,2157.833171767805,2089.8310581462133,2039.9646677042394,1979.1414363038978,1875.4452218730905,1683.4316558214198,1382.2294764539881,1148.6768120083957,950.6761248136953,429.5286064505142,0.0,436.42499471705855,1081.7519722970694,1479.8570600939997,1718.9672165145414,2026.584828587005,2276.748832528518,2404.532207569197,2540.536814032305,2585.806368790387,2461.7363444754055,2287.7464074562417,2453.4563874957103,2626.9411646797585,2581.7096952348056,2395.738234324554,2433.39059810512,2408.723902546727,2350.647620176002,2466.212846597884,2674.2399293114713,2863.405845470764,2739.4092800292765,2690.5947629644606,2546.1102791749445,2285.850468367071,1907.2420189008471,1423.4912738490978,1351.550880793747,1193.0711350446982,1026.335949854679,436.0155259612303,0.0,0.0,0.0,0.0,0.0,0.0,0.0,0.0
Rainy season,1,0.0,0.0,0.0,0.0,0.0,0.0,0.0,0.0,0.0,0.0,0.0,0.0,0.0,0.0,0.0,0.0,0.0,0.0,0.0,0.0,0.0,0.0,0.0,0.0,0.0,0.0,0.0,0.0,0.0,314.27908807551836,638.5364476689864,979.3973825923938,1206.4679216652253,1408.583756204142,1615.9408288162138,1766.9389874263481,1894.8975021178635,2078.7414529866,2232.192538289171,2265.1375706212,2190.6110590277267,2144.949662676512,2135.631922612825,2123.6639704434674,2153.5630656742132,2254.948655717958,2127.774192766721,2048.501581604982,1945.0190663061742,1854.3349552767254,1741.8403162663224,1579.5848760165259,1415.6044012344983,1134.2878235733224,807.4739978176298,367.24444337548465,0.0,521.6040283467242,1125.645687583095,1531.1693416314004,1840.631300532352,2126.75627399768,2325.364339018617,2473.2422170270074,2520.379040298076,2510.2664915289383,2458.04112322549,2491.2771827014176,2509.175726111369,2647.952291505704,2585.7729820532268,2401.3436049395004,2176.7453648435803,2117.58677744137,2518.9756700664725,2699.712229902644,2655.248251279271,2822.938035282253,2838.4716492200027,2660.8747871844103,2598.056273737114,2234.530680098253,1787.4846585034336,1552.1217747813257,1342.0166823822924,1016.4076046372476,724.1254669631238,326.05389539783664,0.0,0.0,0.0,0.0,0.0,0.0,0.0,0.0
Rainy season,2,0.0,0.0,0.0,0.0,0.0,0.0,0.0,0.0,0.0,0.0,0.0,0.0,0.0,0.0,0.0,0.0,0.0,0.0,0.0,0.0,0.0,0.0,0.0,0.0,0.0,0.0,0.0,0.0,0.0,420.47778556773153,814.325442997419,1028.0858884225615,1253.5781674705931,1458.4789661061754,1646.346577301062,1753.6767853467309,1913.1226929589368,2010.746247130054,2110.5823450747266,2177.737664348424,2131.3342353524026,2053.788401060475,1974.1406732672951,2036.1470596813804,2065.062809960597,2145.492910574647,2102.893021435753,2048.979074219554,2006.6420604017437,1917.9422732611129,1683.3489736562367,1483.926087604178,1337.6955492184202,1134.7610746133287,901.8320079991411,350.0842822283439,0.0,550.6263602264476,1183.066016369423,1692.6253942328653,1996.759441661373,2401.8634447678864,2619.6675155732064,2765.200727031034,2722.251358737029,2399.703547142667,2288.1226059815767,2270.5224869796666,2321.2290046197736,2582.64842643054,2679.635358590612,2756.528998076441,2644.90745342783,2793.084290773864,2637.2244857609244,2576.735172967249,2645.3604275215966,2935.8744283111178,2856.663896635418,2420.6654033209556,2199.729243098552,1983.7149888993665,1797.975785001715,1560.6286321860591,1403.8304066532633,1114.5268288782122,778.6707371495539,383.8670332140156,0.0,0.0,0.0,0.0,0.0,0.0,0.0,0.0
Rainy season,3,0.0,0.0,0.0,0.0,0.0,0.0,0.0,0.0,0.0,0.0,0.0,0.0,0.0,0.0,0.0,0.0,0.0,0.0,0.0,0.0,0.0,0.0,0.0,0.0,0.0,0.0,0.0,0.0,0.0,348.885303561483,717.6190107746924,957.9296059737842,1230.742156337548,1434.2812441519904,1560.1111010655673,1791.3524213577891,1913.9246176061322,1987.7985148884509,2076.525689944205,2207.464832015088,2096.092024435207,2033.9887585782492,2014.4473158794244,1981.7354279267618,2056.672152627473,2206.7514955578617,2161.9819934777897,2066.211451807566,1964.1723601946273,1853.3220400211392,1641.503609627808,1505.66616360567,1351.1206289455347,1092.8183505141253,722.3183089799214,352.7578174815113,0.0,457.63757746545997,1087.8553330707414,1492.3480604239219,1835.039050040188,2111.381461124678,2489.9429564959055,2597.767466907819,2435.8071821044223,2219.59987841813,2286.1856973896615,2631.5842406384345,2744.681924816055,2407.348013918484,2365.103262574814,2312.2442620546994,2372.00503860721,2330.343012092961,2501.334550497994,2635.074325607888,2528.0701826906748,2847.3724041975756,2761.838842508315,2662.7746462537607,2446.1265867917323,2401.8762752368025,2157.233042518424,1604.2800435388356,1302.2209696413545,984.5524076470845,747.1299778704646,407.38578906974647,0.0,0.0,0.0,0.0,0.0,0.0,0.0,0.0
Rainy season,4,0.0,0.0,0.0,0.0,0.0,0.0,0.0,0.0,0.0,0.0,0.0,0.0,0.0,0.0,0.0,0.0,0.0,0.0,0.0,0.0,0.0,0.0,0.0,0.0,0.0,0.0,0.0,0.0,0.0,308.4316275438757,724.2087559700611,932.8985800843989,1120.937599917381,1283.1640491258247,1466.357660875695,1618.0080995881278,1803.3658437450977,1992.8627523841649,2128.648115434722,2216.9463311887644,2169.709390970448,2138.2697836497755,2089.5684544351116,2052.3034121182845,2060.629849158438,2210.585438077839,2161.321789387407,2059.945576462857,1963.1181669949644,1825.0537236720002,1534.4188753941778,1378.7205031513138,1234.0241473933784,1004.2795924917983,712.7614714804222,294.37702208505647,0.0,538.7435897529591,1072.0808179809915,1645.153912314509,1995.666615941004,2328.4010372010976,2478.837565547728,2546.112433770016,2506.7774547071754,2207.84566285195,2431.5997737177213,2519.3582356451684,2486.0058886157735,2365.0768125508407,2394.4145951318797,2493.10802725888,2223.095822482761,2331.6116530923587,2535.9931106290783,2642.449028597213,2753.964256690539,2931.857809919833,2870.4949619997114,2748.300508981026,2531.844172835966,2224.0337195373354,1718.8756686818774,1477.4443874242957,1176.6031934671232,1247.402230064616,1109.8300934013594,594.424761289118,0.0,0.0,0.0,0.0,0.0,0.0,0.0,0.0
Rainy season,5,0.0,0.0,0.0,0.0,0.0,0.0,0.0,0.0,0.0,0.0,0.0,0.0,0.0,0.0,0.0,0.0,0.0,0.0,0.0,0.0,0.0,0.0,0.0,0.0,0.0,0.0,0.0,0.0,0.0,232.17474819641458,686.0189668666422,966.3462540372276,1144.4951600716763,1341.6200689130103,1575.4704622181803,1723.7595063378637,1947.4151377260555,2036.906547413311,2128.8266989974773,2221.3314117021296,2200.4910785736206,2113.9549836528386,2136.3260025973477,2122.05701285566,2145.3807481898807,2239.352556466042,2168.564835712112,2031.6709487982223,1969.5825558308245,1891.7789997732432,1647.1614314905812,1469.3222839301186,1201.9128493192782,957.9426318461051,693.9060898237556,306.4758384770032,0.0,480.43087990321567,1349.745682500315,1776.996921433391,2242.0591187319524,2535.296059577975,2721.270136942943,2687.4569995665165,2481.9460454399978,2243.1203236718843,2168.6319501083062,2065.1410897626324,1973.6860065819226,2140.034353146292,2524.034239737304,2553.429009056368,2489.268964539392,2648.9749076976937,2625.483481621234,2614.2863247428036,2613.6356422890194,2795.6926038156903,2525.3653502218212,2146.7683565277957,2019.0114615337343,2090.1427170411857,1928.9131331194073,1721.0763233411044,1449.778171783256,1115.9695168779067,777.717913809971,343.8633555483074,0.0,0.0,0.0,0.0,0.0,0.0,0.0,0.0
Rainy season,6,0.0,0.0,0.0,0.0,0.0,0.0,0.0,0.0,0.0,0.0,0.0,0.0,0.0,0.0,0.0,0.0,0.0,0.0,0.0,0.0,0.0,0.0,0.0,0.0,0.0,0.0,0.0,0.0,0.0,331.5366682943501,780.8366624537563,1135.2433659698772,1325.4859300952457,1454.7490181564087,1652.1245848580006,1761.410209993458,1904.1941107338203,2013.872630680897,2112.5131065894598,2241.3486414787203,2164.055759458523,2084.606911825159,2136.5796157445952,2106.380181057534,2079.378374237136,2206.882099230674,2214.263584976173,2166.91466569885,2131.98736565374,2045.8000667855192,1877.4971879258278,1705.7718171526262,1619.2450210188374,1375.9624964088346,940.4934134726674,486.07870625855594,0.0,335.9694348264433,802.2380248057935,1359.71030264869,1784.275693987816,2111.898130787142,2252.8307967336023,2499.0820013857883,2646.0187004572203,2611.6606247619775,2461.3688082078893,2439.826608629595,2617.9142488994944,2641.0888345691064,2623.2654132501675,2624.4861811298765,2538.998937861118,2405.1264633017763,2219.8577448071965,2316.0206300238797,2609.327504896154,3055.3684439070153,2865.729968164563,2715.2522387444697,2485.522712624122,2388.726395952003,2063.283995397354,1793.8604942027732,1413.9102874334453,1104.4384690954992,923.4392155044599,472.2794820263837,0.0,0.0,0.0,0.0,0.0,0.0,0.0,0.0
Rainy season,7,0.0,0.0,0.0,0.0,0.0,0.0,0.0,0.0,0.0,0.0,0.0,0.0,0.0,0.0,0.0,0.0,0.0,0.0,0.0,0.0,0.0,0.0,0.0,0.0,0.0,0.0,0.0,0.0,0.0,322.91481816975113,669.2703398035666,1135.5065962048682,1371.061384405931,1517.9203124463622,1578.5853793550273,1689.8248540181678,1829.7407088659904,1960.3613522053854,2132.588807630219,2195.074352824444,2124.083870586825,2148.1959747456813,2107.4734479273075,2062.8981888709545,2070.9781420391573,2215.028347963619,2180.836910334309,2115.5751931739874,2017.3136123644094,1894.571697072954,1745.0796170951,1622.7928683036516,1338.7601036526496,1093.1669453666661,769.9976036355613,333.78145697509154,0.0,617.0929725738489,1218.805701126917,1596.9499675115842,2087.544636349025,2445.7574115012017,2734.92866290907,2701.205687464973,2727.631742480063,2414.374202896369,2125.0508501337745,2063.399849119466,2164.4540510396027,2344.5656743829113,2549.202930487762,2493.8764680946906,2508.333338499825,2741.674967731215,2592.657536224253,2517.9126861453537,2388.873742318574,2625.3600032955455,2736.227223870327,2632.825740456601,2347.8087768137116,2278.6827605412172,2106.2479219261795,1866.8287254360282,1324.023822560263,931.8580610652896,918.2347929537449,555.5803986854335,0.0,0.0,0.0,0.0,0.0,0.0,0.0,0.0
Rainy season,8,0.0,0.0,0.0,0.0,0.0,0.0,0.0,0.0,0.0,0.0,0.0,0.0,0.0,0.0,0.0,0.0,0.0,0.0,0.0,0.0,0.0,0.0,0.0,0.0,0.0,0.0,0.0,0.0,0.0,249.34523834866826,612.6162996201717,952.8817382341434,1180.8482498352018,1322.3418322777,1438.1218848340848,1582.2362741017319,1696.9578233780735,1846.4698117277742,1967.1219142074021,2122.762391110433,2120.7412407526335,2048.4571315566236,2005.3990971134458,2034.7480552608881,2028.9552283316245,2131.8623949294642,2114.9229774877035,1998.7148811638278,1853.460312104984,1725.4882175471607,1594.3909636371418,1447.0510813408432,1334.4428983552962,1098.86878617668,781.209666282168,338.639027276808,0.0,417.1571192753321,1031.914886710151,1521.821584319081,1805.9952791723404,2061.795878815444,2255.9488725866904,2316.3431785466846,2260.886481037137,2183.5873656423078,2375.6732339949986,2592.939752350531,2576.305892742651,2554.412232816601,2437.694325858803,2348.7942471517154,2175.0240029081897,2243.832727824867,2340.331317504481,2308.399652626055,2439.9381313541207,2824.048266649304,2910.88869591649,2661.3051773542525,2385.9001482552117,1993.0013077079004,1508.9029769721774,1278.6200281553558,1221.910296255467,1051.162373356614,628.4420368515111,192.45496857487922,0.0,0.0,0.0,0.0,0.0,0.0,0.0,0.0
Rainy season,9,0.0,0.0,0.0,0.0,0.0,0.0,0.0,0.0,0.0,0.0,0.0,0.0,0.0,0.0,0.0,0.0,0.0,0.0,0.0,0.0,0.0,0.0,0.0,0.0,0.0,0.0,0.0,0.0,0.0,339.6273720052558,716.917076105276,966.2141828596864,1253.9818390523249,1456.1508025907974,1623.9606386663352,1777.8085231471894,1903.9524091728522,2018.639897012232,2124.664293009929,2213.4681386078464,2185.880914131514,2223.065647656348,2138.720518652422,2007.9447426712102,2100.1013887668214,2210.035798612586,2176.8293065614566,2070.2279951688893,2005.862619753158,1891.0598863587718,1726.4658191370975,1581.801385245695,1350.0210280201582,1120.652222680145,827.1168903675629,450.1797947168076,0.0,448.1588154821078,1120.5634850776305,1467.5495186741925,1798.7788298210712,2114.149675095992,2381.0630310201527,2472.1130206409234,2488.543850449757,2474.40818838017,2581.4620453638213,2529.1785563632498,2528.330145382105,2560.789842667192,2521.6375965679304,2499.3550489676504,2388.122187830768,2101.79993329255,2068.460454216581,2420.2026662082467,2821.6813508790347,3053.957932195604,2973.8537999215037,2705.797663084266,2570.478461288151,2231.9770567686546,1791.251440643947,1562.854015021199,1383.382895063072,1126.4091783281922,911.4131991780581,523.9955501852975,0.0,0.0,0.0,0.0,0.0,0.0,0.0,0.0
Rainy season,10,0.0,0.0,0.0,0.0,0.0,0.0,0.0,0.0,0.0,0.0,0.0,0.0,0.0,0.0,0.0,0.0,0.0,0.0,0.0,0.0,0.0,0.0,0.0,0.0,0.0,0.0,0.0,0.0,0.0,266.4222332156292,707.1703561771727,1033.3555878356797,1381.2726422120563,1615.5936511417801,1761.865783948577,1843.8340070553395,1981.6880313161128,2080.95365943288,2175.256579703617,2201.060171152488,2146.287874317119,2124.4167124027595,2072.3457005248683,1995.657752398975,2053.780826255352,2205.5987544298105,2183.0318499532455,2138.6556786742035,1999.7241336714683,1934.73623730753,1848.9429719803964,1740.0753162488595,1588.2471136538986,1345.8134500026172,931.0724999039885,460.6244142899621,0.0,513.5792310875227,1214.0711741277507,1771.6369115768669,2185.2587484500305,2449.1528082623217,2706.277890074997,2811.300755052434,2775.9811234751005,2649.113308885349,2384.8897198224818,2254.871253425131,2297.075071420405,2296.0355669014634,2367.2447740337834,2520.799087035704,2773.864310260387,2679.769648524821,2596.7194443433395,2792.8552791769775,2912.071697426861,2875.25452804977,2657.5097069923368,2488.745421099043,2304.852900664392,2227.8471226156316,2114.8324496554355,1832.0665960214212,1565.7725772758533,1067.190497195195,694.3805130388378,408.0010850931855,0.0,0.0,0.0,0.0,0.0,0.0,0.0,0.0
Rainy season,11,0.0,0.0,0.0,0.0,0.0,0.0,0.0,0.0,0.0,0.0,0.0,0.0,0.0,0.0,0.0,0.0,0.0,0.0,0.0,0.0,0.0,0.0,0.0,0.0,0.0,0.0,0.0,0.0,0.0,387.49248646356443,723.186946771584,950.2533977931668,1178.3025824449949,1412.3501560897535,1619.6086173592953,1749.3742551249416,1870.4874669889386,1926.9843332729708,2027.444568949574,2202.8174647767814,2167.6972888704236,2164.038136866441,2061.6232558882407,2042.305771784329,2102.585138070883,2216.194556929398,2141.4279874263975,2053.824284724857,1982.9116895270568,1842.9100577279871,1713.0929837921897,1555.5421071877347,1340.206211015849,1121.3338388683087,808.4925298205358,337.89409453380574,0.0,317.9299761253707,955.3147236884589,1612.4804513361223,1947.4851275650071,2352.1059739713173,2575.520228830604,2717.1372368267644,2702.856737158923,2718.6655251337147,2543.555983678702,2326.509032292535,2389.977339350985,2517.9605447249396,2450.466239562681,2576.7596232927704,2471.1838364145797,2383.639554452679,2477.0301246934637,2573.1093524605635,2665.931784721088,2955.364089425709,2731.778967427875,2638.094611885764,2221.3520375836747,2138.4329308786196,1993.8174851213932,1714.866043770041,1280.4743656639585,867.4541513332658,576.4142948054015,450.7607010782412,0.0,0.0,0.0,0.0,0.0,0.0,0.0,0.0
Rainy season,12,0.0,0.0,0.0,0.0,0.0,0.0,0.0,0.0,0.0,0.0,0.0,0.0,0.0,0.0,0.0,0.0,0.0,0.0,0.0,0.0,0.0,0.0,0.0,0.0,0.0,0.0,0.0,0.0,0.0,282.97635838765143,694.4395423958914,1038.6006762725303,1258.7552794369583,1455.9588848771964,1561.285241247474,1695.3861711469542,1875.52948948523,2006.9061661067474,2100.7187655054963,2155.2848448490918,2130.1241313876226,2095.1929197695335,1941.110090468464,2015.0751963923074,2088.433982202678,2146.448264228946,2110.5548887312884,1995.0385634368133,1887.9773612814017,1816.2043668703686,1752.708034087767,1657.4950407225624,1524.812315156006,1345.0382078563464,940.7923299370268,462.81554177898204,0.0,425.5083620905652,1114.2683018839161,1519.1502814700928,1740.6865482724397,2074.994404760851,2400.244627286714,2532.7930870378673,2551.6137438035503,2599.439026908216,2693.1850710587664,2646.6401485407982,2553.579936663633,2359.5335914573357,2364.408193299451,2337.5496478559066,2187.263265658444,2168.449391988522,2433.8318641978044,2654.8514398255406,2919.9601864211027,3058.0991592233795,2927.71796276497,2670.9814364749586,2386.9027599249885,2214.951399147263,1850.3982040818073,1649.4636681522732,1308.6772883467822,1060.7513504330432,958.0624143268967,513.081583959468,0.0,0.0,0.0,0.0,0.0,0.0,0.0,0.0
Rainy season,13,0.0,0.0,0.0,0.0,0.0,0.0,0.0,0.0,0.0,0.0,0.0,0.0,0.0,0.0,0.0,0.0,0.0,0.0,0.0,0.0,0.0,0.0,0.0,0.0,0.0,0.0,0.0,0.0,0.0,335.01490495517913,661.3161966887782,869.3575938150159,1102.3367077402252,1273.223874279621,1472.6342428416888,1646.8795482806074,1879.1240619271482,2012.613387204471,2137.2392822381216,2189.838764640891,2117.212887349149,2061.837785664427,2065.859398962341,2057.9445909537285,2068.2290941451183,2188.3725235698394,2103.0679799609,2081.4739179051962,1934.7320216390099,1743.3016206012503,1615.38753004031,1463.6525104241794,1291.3957350698508,1039.4712399286286,708.4516969316296,346.3113482282041,0.0,558.7904238176174,1088.3584164620877,1437.3429143251933,1839.3970951981826,2162.830393347817,2419.043663911392,2621.5657239836096,2703.186767619467,2599.6908612432235,2360.495012399892,2323.5012619283493,2306.862119933312,2366.7078423261755,2472.908740584728,2593.0081470867053,2525.499891990861,2434.4809120435507,2423.5410390366533,2572.366439941057,2891.6654780033405,2889.243596142928,2677.6198852799193,2621.66083490948,2450.0460888648117,2172.0834872326045,1733.280862976881,1595.0992341450733,1342.5085820211543,1151.6066999681402,829.5538039543881,431.05356533541413,0.0,0.0,0.0,0.0,0.0,0.0,0.0,0.0
Rainy season,14,0.0,0.0,0.0,0.0,0.0,0.0,0.0,0.0,0.0,0.0,0.0,0.0,0.0,0.0,0.0,0.0,0.0,0.0,0.0,0.0,0.0,0.0,0.0,0.0,0.0,0.0,0.0,0.0,0.0,291.4427688701106,682.7942044445942,936.5047215316972,1200.9008822757244,1368.603280501366,1541.9439211802191,1672.768924225236,1800.3514326385955,1964.9517600951629,2073.770413882821,2184.1876115059626,2148.722084626228,2080.6389896299156,2110.3725662394954,2065.05646708994,2042.589974932769,2177.713969895012,2166.402349980448,2110.188637026685,2044.7223718769676,1879.881206760391,1665.387138379673,1449.7516271549816,1282.7235828792318,1056.0775561631463,695.8179242044474,322.920099183756,0.0,436.52025313614473,922.7296892060258,1292.466664669339,1680.1686038940118,1943.9681139586396,2262.2610725762174,2450.8095092032613,2389.954418592905,2307.6088490888696,2359.5100236586095,2689.9464165500385,2731.776387640143,2433.1800586307236,2421.5340990647073,2437.894587811329,2415.227846493955,2339.563477320343,2421.5223910318236,2481.5709099713995,2569.55776374119,2800.3653518964607,2919.6697534934133,2722.2036841025774,2257.606295433747,2038.5267949479837,1840.458714277992,1383.2433301090634,1085.3211709211207,807.6624030271756,637.8907215478794,298.63211209994336,0.0,0.0,0.0,0.0,0.0,0.0,0.0,0.0
Rainy season,15,0.0,0.0,0.0,0.0,0.0,0.0,0.0,0.0,0.0,0.0,0.0,0.0,0.0,0.0,0.0,0.0,0.0,0.0,0.0,0.0,0.0,0.0,0.0,0.0,0.0,0.0,0.0,0.0,0.0,314.294001424136,656.3222628431416,872.2982971047667,1136.2893361984009,1305.8611356257838,1508.713771499946,1656.8721433525723,1734.400683302976,1932.5598027131266,2055.3692422733825,2169.21059574443,2135.8583296304682,2008.323323039746,2004.7524595948555,2055.239628372781,2125.0181125946783,2187.932908137794,2174.5083864503094,2089.8599064853147,1962.6425673025167,1805.11313352221,1694.6019256002721,1542.7402623314038,1268.0306556366602,997.0118403887212,700.6920746942139,321.06291733914867,0.0,460.3056600784714,1141.0144208327208,1495.4821367225543,1829.3035423452097,2332.330884529066,2668.5201653996232,2802.7205454697746,2738.8943353687105,2857.3394784713378,2511.335260086593,2328.9217466667183,2323.561814607661,2480.5376872113757,2436.8411480695154,2420.2359407907043,2318.538742701227,2178.5026620233434,2359.921163970831,2560.257109793905,2720.636698704197,3115.7879810595055,2858.876183598589,2582.593796272272,2453.3158039315804,2252.161215493137,1853.2638926009956,1470.3036007153812,1236.92298401842,1094.4948930045296,955.2073635997915,466.91514440980535,0.0,0.0,0.0,0.0,0.0,0.0,0.0,0.0
Rainy season,16,0.0,0.0,0.0,0.0,0.0,0.0,0.0,0.0,0.0,0.0,0.0,0.0,0.0,0.0,0.0,0.0,0.0,0.0,0.0,0.0,0.0,0.0,0.0,0.0,0.0,0.0,0.0,0.0,0.0,317.72122864913166,637.979880748885,881.7712528230097,1173.9225580078153,1435.607457901803,1717.7348047077894,1796.5266285220825,1909.8531780631674,2058.7122600657103,2162.9478037533027,2180.7849600084423,2074.1466483228915,2002.6183676056046,1949.682519983213,2013.6828300339491,2061.0108063785497,2182.5168036279733,2178.861110797184,2078.2626256636577,1977.4462325576162,1853.262933824709,1704.5652176661836,1507.9793395167776,1325.7800563632557,1105.575059646418,893.2571224491884,402.0796819202102,0.0,506.17783657195076,999.3522922128452,1507.3891421493258,2033.57040930413,2392.217934837622,2563.288181359729,2673.2843005911304,2680.1171894627314,2492.6478189619597,2297.9563731951816,2292.4875655344827,2388.735343855145,2631.1400992243402,2637.3838488690008,2488.1233562335287,2572.216590130502,2607.5203336297973,2645.5097242383595,2426.0467673465814,2613.572473588096,3037.7523280721816,2758.8147480391917,2430.2811551624027,2449.542296635432,2272.7210547276463,2042.3795339850328,1742.9574137116736,1396.1279807804422,1181.0265305915434,861.5158216451296,342.4984658443207,0.0,0.0,0.0,0.0,0.0,0.0,0.0,0.0
Rainy season,17,0.0,0.0,0.0,0.0,0.0,0.0,0.0,0.0,0.0,0.0,0.0,0.0,0.0,0.0,0.0,0.0,0.0,0.0,0.0,0.0,0.0,0.0,0.0,0.0,0.0,0.0,0.0,0.0,0.0,276.4345636326112,651.5371605949948,909.6348731666769,1178.9807379552176,1413.0816240931929,1581.6518992220438,1802.4848527632575,1926.506075888871,2007.8369517783472,2167.3092191177006,2237.125769062507,2170.6771104792274,2133.75456689399,2082.209176289355,2062.3415145274043,2071.8163427560703,2188.078502172538,2175.2191581799693,2057.09765575942,1902.8376978710573,1825.1971534595216,1687.8509418618937,1570.4655608696014,1379.0779667769327,1163.4026496439817,951.638987353936,444.18932210858645,0.0,470.1782837872362,998.6468530009709,1477.939413239655,1879.8603794740593,2169.1808290334843,2503.8171195529862,2600.7914141121096,2638.72211854831,2423.23157882408,2276.6389533591505,2257.2214580867208,2262.425376109114,2456.298049202431,2491.1322768307923,2357.0837573210288,2643.0694280131856,2594.2537526432675,2402.515294283165,2371.886552817591,2521.369315464551,2796.4999466864197,2483.4851780260797,2316.3495259840975,2261.2385915396726,2137.0440839204666,2009.0687898224098,1587.7109336056708,1283.8000463766075,1023.5113600276461,833.2214634269442,376.6708165667578,0.0,0.0,0.0,0.0,0.0,0.0,0.0,0.0
Rainy season,18,0.0,0.0,0.0,0.0,0.0,0.0,0.0,0.0,0.0,0.0,0.0,0.0,0.0,0.0,0.0,0.0,0.0,0.0,0.0,0.0,0.0,0.0,0.0,0.0,0.0,0.0,0.0,0.0,0.0,304.4118083982951,743.8110740273972,1052.1868920088511,1277.1006099814856,1500.0607097160366,1628.3572659435017,1732.5326044782628,1844.4150484032382,1960.1825554623365,2084.9231250631633,2157.518060794074,2090.825585220278,2089.6648404040734,2044.8890469436644,2028.1034240087567,2102.071088491182,2163.142817433019,2142.8793146767803,2096.2441043655176,2027.0148762670653,1899.5187508890522,1729.0346658860283,1533.0288225928873,1314.9717850527497,1028.4158576910374,671.2661692826459,315.60853557656384,0.0,497.1299527698533,1044.9952448289102,1508.8401971566902,1787.525838295622,2094.5866919265513,2343.8089596542018,2565.1511688574556,2539.092159696678,2325.631715006668,2447.1589693708825,2583.825112366072,2756.2887138454025,2726.9459248447124,2593.100462698041,2683.9619386706604,2762.11430921273,2623.272979957558,2419.6756879722175,2352.413498715768,2470.5828375380547,2940.9518674157925,2713.3407453399677,2496.4843182820496,2275.4466260925137,2024.8634833534718,1850.5643631931152,1718.7349909957359,1493.510498579165,1289.7343494655486,897.7453134556201,314.3623191981987,0.0,0.0,0.0,0.0,0.0,0.0,0.0,0.0
Rainy season,19,0.0,0.0,0.0,0.0,0.0,0.0,0.0,0.0,0.0,0.0,0.0,0.0,0.0,0.0,0.0,0.0,0.0,0.0,0.0,0.0,0.0,0.0,0.0,0.0,0.0,0.0,0.0,0.0,0.0,237.28972067691316,504.038880993898,811.8601933721577,1071.822299670488,1291.8151874048783,1543.171742849788,1723.4640955422742,1830.5424871462635,1999.0939405200465,2108.5255065241663,2199.753168655663,2152.653001165493,2112.5063602343307,2083.2078028565707,2112.776639882984,2107.0640500852896,2161.9585324590653,2113.20980096377,1969.6634531951663,1838.0496076534685,1689.7908910415697,1558.2218059633815,1349.7387663274465,1110.777221153309,924.3983199567033,734.6927352991308,404.77117165967917,0.0,317.8089238558176,781.6413224361454,1406.4711590149311,1923.023946285047,2247.8195636870646,2553.057224353732,2815.2055768719515,2751.587891450321,2587.8950818110243,2393.252966673911,2078.3609231444307,2121.656113850807,2330.793504887329,2612.175607414899,2692.8055128846713,2625.9284684837316,2577.968375181169,2612.3302446439366,2655.6763905634807,2776.7256464691995,2750.203392657882,2620.582670603528,2421.544079552363,2414.2950107056454,2126.382566485033,1982.5351972145863,1631.7073996820131,1264.1396243610432,1093.797720674422,832.4398329194612,404.96109525360464,0.0,0.0,0.0,0.0,0.0,0.0,0.0,0.0
October,0,0.0,0.0,0.0,0.0,0.0,0.0,0.0,0.0,0.0,0.0,0.0,0.0,0.0,0.0,0.0,0.0,0.0,0.0,0.0,0.0,0.0,0.0,0.0,0.0,0.0,0.0,0.0,0.0,0.0,0.0,1241.7607523713627,2688.507344008028,2672.9504889359273,2792.802573219369,2754.311999540069,2719.415042797002,2778.9402148461118,2674.3934906528298,2925.090036048899,2804.705610736629,2969.121926111777,2953.2552184211477,2647.352731956981,2709.378088962959,2789.8982401719322,2570.8893842447287,2691.4516209154813,1840.5716695653248,0.0,0.0,0.0,0.0,990.1285606310569,1592.8211617330758,1370.8801645288756,1693.235888365268,1500.7981168936938,1486.6875789404264,1637.7975689956293,1598.9143103253182,1540.2876587512085,1522.7238768851787,1634.3007582193643,1654.7275967566893,1545.9639134784354,1677.2779170074573,1407.5294440344994,1565.5288115121703,1672.1989487825401,1092.3089352712293,0.0,0.0,0.0,1938.9209511479198,4252.1532886932655,2384.059290536618,0.0,0.0,0.0,0.0,0.0,0.0,0.0,0.0,0.0,0.0,0.0,0.0,0.0,0.0,0.0,0.0,0.0,0.0,0.0,0.0
October,1,0.0,0.0,0.0,0.0,0.0,0.0,0.0,0.0,0.0,0.0,0.0,0.0,0.0,0.0,0.0,0.0,0.0,0.0,0.0,0.0,0.0,0.0,0.0,0.0,0.0,0.0,0.0,0.0,0.0,0.0,1409.3783909924662,2682.866830232862,2626.3085151015084,2973.207475312781,2678.033167663073,2863.338970658946,2837.4948905418523,2873.753458322082,2954.206639276884,2756.087457056556,3052.164028730639,2716.3513717263363,2938.254984755829,2736.335587668071,2723.7360582427414,2758.600475125045,2794.919303517707,1476.2799769587668,0.0,0.0,0.0,0.0,753.8936443450725,1468.3703746937206,1831.4055985902946,1314.2481803405135,1654.9471163073301,1747.8054665945845,1647.4865674002726,1396.7963439668308,1775.3324320875201,1588.2316629812956,1699.2789516193961,1683.2420529583785,1620.638578995846,1591.1539817556707,1552.153805728758,1803.6019571084767,1472.2596379883646,1087.1465222125648,0.0,0.0,0.0,1932.4511152817104,4366.233652020376,2686.9952371682116,0.0,0.0,0.0,0.0,0.0,0.0,0.0,0.0,0.0,0.0,0.0,0.0,0.0,0.0,0.0,0.0,0.0,0.0,0.0,0.0
October,2,0.0,0.0,0.0,0.0,0.0,0.0,0.0,0.0,0.0,0.0,0.0,0.0,0.0,0.0,0.0,0.0,0.0,0.0,0.0,0.0,0.0,0.0,0.0,0.0,0.0,0.0,0.0,0.0,0.0,0.0,1170.056167811108,2671.252055293648,2750.3230838786885,2645.591096836006,2613.5107269009964,2906.6699174488454,2579.5942106468565,2820.4041116524945,2882.1138157059654,2755.330987854472,2901.828762135499,2798.97747623129,2730.6057545138915,2758.6266416640497,2544.0478863516355,2636.0288118644303,2766.9373721298707,1762.4908237978852,0.0,0.0,0.0,0.0,824.0349303814061,1585.1395202551075,1593.080338690472,1531.8446304165675,1395.536003003589,1543.5161830796756,1762.7342125466225,1528.8899151791825,1601.9417702962926,1647.6490331673183,1645.6564909138806,1695.8843033769379,1514.9932617147876,1546.9685587520305,1660.5322516946287,1480.6799219366262,1548.060474153424,1105.9923335495428,0.0,0.0,0.0,1783.1927248379764,4417.540756249216,2674.445844740746,0.0,0.0,0.0,0.0,0.0,0.0,0.0,0.0,0.0,0.0,0.0,0.0,0.0,0.0,0.0,0.0,0.0,0.0,0.0,0.0
October,3,0.0,0.0,0.0,0.0,0.0,0.0,0.0,0.0,0.0,0.0,0.0,0.0,0.0,0.0,0.0,0.0,0.0,0.0,0.0,0.0,0.0,0.0,0.0,0.0,0.0,0.0,0.0,0.0,0.0,0.0,1996.0974177756555,2674.1826527276544,2939.3132474270856,2815.443847342023,2853.9561833005373,2774.8674104724028,2835.3063435258405,3034.2587001339716,2901.144788850701,3048.8731470545704,3098.0705428112337,2860.188067420613,2874.803239196176,2860.099999786549,2932.482196979684,2603.3560390327893,3002.929150009373,1711.9087229202821,0.0,0.0,0.0,0.0,1009.994439693839,1697.764655825948,1568.8925140104573,1601.1966533497325,1577.6356335801895,1708.1084708599112,1551.10534858448,1664.9408075771971,1899.003706862068,1341.1416082022577,1751.7466342173577,1701.1252406194867,1539.1002841428735,1779.1497569673256,1510.9752740570984,1425.9585986342115,1566.5259577485642,1040.7921819044184,0.0,0.0,0.0,1759.7504372592161,4203.486058898476,2458.232174463331,0.0,0.0,0.0,0.0,0.0,0.0,0.0,0.0,0.0,0.0,0.0,0.0,0.0,0.0,0.0,0.0,0.0,0.0,0.0,0.0
October,4,0.0,0.0,0.0,0.0,0.0,0.0,0.0,0.0,0.0,0.0,0.0,0.0,0.0,0.0,0.0,0.0,0.0,0.0,0.0,0.0,0.0,0.0,0.0,0.0,0.0,0.0,0.0,0.0,0.0,0.0,1371.2560435371424,2862.264164608393,2872.385802785774,2744.442896343653,2813.9049760164025,2907.895535431392,2874.1135866821164,2975.3307514346475,2778.3578769613964,2798.675923874715,2768.7536620212286,2755.32558484991,2827.131225809029,2694.5512340469404,2979.826967942353,2666.7834399298795,2658.048580074719,1767.5807626455853,0.0,0.0,0.0,0.0,673.4565072809781,1803.0422764758691,1443.983187785289,1460.1092981370448,1707.6928336623582,1455.1951940348447,1548.4144915957959,1587.7551955243327,1529.5817221259872,1497.7343757195238,1648.5496396264127,1545.539216322353,1641.7621668861054,1544.670302466834,1591.6941933265473,1511.2897637387994,1372.4993198765244,1236.923228420025,0.0,0.0,0.0,1758.0812699289381,4421.024128927504,2711.8406538037552,0.0,0.0,0.0,0.0,0.0,0.0,0.0,0.0,0.0,0.0,0.0,0.0,0.0,0.0,0.0,0.0,0.0,0.0,0.0,0.0
October,5,0.0,0.0,0.0,0.0,0.0,0.0,0.0,0.0,0.0,0.0,0.0,0.0,0.0,0.0,0.0,0.0,0.0,0.0,0.0,0.0,0.0,0.0,0.0,0.0,0.0,0.0,0.0,0.0,0.0,0.0,1620.61861061382,2569.102662987936,2739.6498781484397,2807.988246546821,2796.019604332874,2668.6037123546894,2629.582263618497,2977.330936439796,2678.29033348613,2818.4143874720517,2683.7352566578534,2722.8597277349572,2888.1765955294054,2831.4245197070704,2784.828528414782,2413.9144536309345,2756.410166805198,1627.3037649409375,0.0,0.0,0.0,0.0,1022.4590879248367,1655.2484163411789,1547.4812025953122,1526.0751827112404,1674.853076549422,1636.3092981506982,1660.9104636598033,1644.6446745130759,1556.3593175573494,1699.0284616988442,1706.5037036614294,1742.0496387216342,1798.8024635317734,1519.968981470071,1568.4084422280678,1677.4093278978883,1410.0865117050212,806.9180056709125,0.0,0.0,0.0,1577.5637687740505,3932.4946433953814,2576.4256625662288,0.0,0.0,0.0,0.0,0.0,0.0,0.0,0.0,0.0,0.0,0.0,0.0,0.0,0.0,0.0,0.0,0.0,0.0,0.0,0.0
October,6,0.0,0.0,0.0,0.0,0.0,0.0,0.0,0.0,0.0,0.0,0.0,0.0,0.0,0.0,0.0,0.0,0.0,0.0,0.0,0.0,0.0,0.0,0.0,0.0,0.0,0.0,0.0,0.0,0.0,0.0,1844.112344107277,2613.364789923306,2659.3738283825214,2674.8253367928164,2847.5090987699514,2815.529440837729,2789.457264637415,2897.898813065418,2957.8191524120994,3035.3194734781623,2861.2591654175335,2650.8365825953942,2936.429078383784,2659.6803238204006,2803.616428572462,2656.944432792828,2798.8007824106,1302.1054856485089,0.0,0.0,0.0,0.0,819.816198318885,1619.8099050936005,1478.5795598379264,1432.606131065214,1611.6991076326058,1572.7695191721898,1470.8361721680546,1492.2878943116768,1720.0662495037002,1454.9566662483528,1578.7013280708593,1672.8369828230284,1380.407272052463,1407.5492678875173,1643.7269698949312,1392.16997440278,1613.0735100002819,1060.6693248518045,0.0,0.0,0.0,1445.9410463057227,4099.7070701268685,2642.273384510165,0.0,0.0,0.0,0.0,0.0,0.0,0.0,0.0,0.0,0.0,0.0,0.0,0.0,0.0,0.0,0.0,0.0,0.0,0.0,0.0
October,7,0.0,0.0,0.0,0.0,0.0,0.0,0.0,0.0,0.0,0.0,0.0,0.0,0.0,0.0,0.0,0.0,0.0,0.0,0.0,0.0,0.0,0.0,0.0,0.0,0.0,0.0,0.0,0.0,0.0,0.0,1377.3812419828487,2625.967586741967,2760.059538096229,2746.3078182798686,2669.435542866539,2657.832115083603,2943.5421997969875,2839.8493407573355,2829.985378608237,2880.452925418937,2687.6956979188476,2836.021716807474,2565.7332613059157,2729.0675682390306,2682.0897253275007,2520.355817310405,2721.879308405057,1841.4089347919005,0.0,0.0,0.0,0.0,987.8518957346893,1638.4774644485287,1432.0186768327924,1611.3838991265295,1549.7938889860627,1645.178310184731,1619.4191938036906,1652.4458160938668,1518.5218451047024,1599.6717091270098,1612.499777131638,1485.2292130346216,1691.081930768202,1455.6927375461253,1665.3225326248053,1300.5388997116675,1646.1073441470319,974.0543684067269,0.0,0.0,0.0,1891.5962888645918,4224.787802405893,2735.2555275992013,0.0,0.0,0.0,0.0,0.0,0.0,0.0,0.0,0.0,0.0,0.0,0.0,0.0,0.0,0.0,0.0,0.0,0.0,0.0,0.0
October,8,0.0,0.0,0.0,0.0,0.0,0.0,0.0,0.0,0.0,0.0,0.0,0.0,0.0,0.0,0.0,0.0,0.0,0.0,0.0,0.0,0.0,0.0,0.0,0.0,0.0,0.0,0.0,0.0,0.0,0.0,1258.7612481171514,2819.4600917715547,2666.3333175176385,2614.3057291103396,2623.5073119848003,2815.903193164592,2675.6737771274916,2739.008364332737,2851.3602234560403,2686.3157027718503,2821.9718123193948,2831.0274132435975,2864.50456352199,2679.50310093809,2725.7895377580194,2746.2345706311344,2679.7533465858505,1800.1648336471021,0.0,0.0,0.0,0.0,808.9552632953563,1602.8853210497427,1635.6480071341864,1429.3255931659626,1603.7057813867016,1652.70327108042,1587.7578797425574,1515.2799560887352,1608.2119442370533,1618.2465760841317,1661.5336303052,1506.9148109904725,1539.271044711139,1654.6773537688723,1404.0672785702582,1507.338093833206,1629.1571339926663,965.6572455044425,0.0,0.0,0.0,1984.326629255155,4147.639009413988,2445.261451451815,0.0,0.0,0.0,0.0,0.0,0.0,0.0,0.0,0.0,0.0,0.0,0.0,0.0,0.0,0.0,0.0,0.0,0.0,0.0,0.0
October,9,0.0,0.0,0.0,0.0,0.0,0.0,0.0,0.0,0.0,0.0,0.0,0.0,0.0,0.0,0.0,0.0,0.0,0.0,0.0,0.0,0.0,0.0,0.0,0.0,0.0,0.0,0.0,0.0,0.0,0.0,1566.575272246905,2576.6150277494626,2943.161325871222,2750.4639940511447,2648.044789303525,2808.4542679942674,2606.0156498171095,2718.39851856878,2799.3439381059748,2671.393435945452,3021.794545931552,2654.4137342516656,2760.9953011674006,2744.4466284110927,2804.6579082843114,2694.1410812130152,2586.863098865464,1871.1241669360386,0.0,0.0,0.0,0.0,656.857081135284,1577.597439226098,1583.9471464244937,1561.1002416511863,1652.7154054873638,1753.0233146601074,1579.8062930845886,1539.5554653810607,1639.5123837708038,1606.2328287712735,1536.6698012104089,1754.4857041938044,1654.5785074614284,1357.3200104479351,1635.286661378726,1556.1487139544872,1581.3108197275785,975.8865617250318,0.0,0.0,0.0,1903.8668873019496,4297.998075257398,2754.5260492576376,0.0,0.0,0.0,0.0,0.0,0.0,0.0,0.0,0.0,0.0,0.0,0.0,0.0,0.0,0.0,0.0,0.0,0.0,0.0,0.0
October,10,0.0,0.0,0.0,0.0,0.0,0.0,0.0,0.0,0.0,0.0,0.0,0.0,0.0,0.0,0.0,0.0,0.0,0.0,0.0,0.0,0.0,0.0,0.0,0.0,0.0,0.0,0.0,0.0,0.0,0.0,1523.580537823797,2662.573080843726,2800.3435031842546,2783.1741831122786,2939.160975553508,2733.3294118310378,2677.0633803205055,2831.6841105652397,2765.9433031286612,2729.9874949292075,3005.640964335612,2807.791203564244,2765.733862808411,2887.662110839256,2662.8716423148644,2588.1512072808223,2778.8209254804315,1553.0616437085237,0.0,0.0,0.0,0.0,1019.7752198496399,1751.3668240064778,1508.681198082704,1682.622165575697,1618.633206323816,1648.948196411307,1667.9139046375537,1742.422852715824,1573.029861407613,1677.3382365167452,1602.9855639222264,1637.6400094491096,1591.1461963232243,1624.4593022816618,1754.0235888434022,1519.5507015844037,1690.1142880703253,964.3856887241119,0.0,0.0,0.0,2017.5586167111217,4233.969776241261,2682.9405389387402,0.0,0.0,0.0,0.0,0.0,0.0,0.0,0.0,0.0,0.0,0.0,0.0,0.0,0.0,0.0,0.0,0.0,0.0,0.0,0.0
October,11,0.0,0.0,0.0,0.0,0.0,0.0,0.0,0.0,0.0,0.0,0.0,0.0,0.0,0.0,0.0,0.0,0.0,0.0,0.0,0.0,0.0,0.0,0.0,0.0,0.0,0.0,0.0,0.0,0.0,0.0,1630.5753843749733,2604.8810220494006,2733.7528962874712,2773.7947920688976,2889.3940060604746,2620.2040157400747,2674.2902372082904,3112.9838802393238,3048.9637633210036,2858.585700640052,2936.1742626213645,2866.9003579738323,3075.8164841954804,2729.3106745825835,2597.5683233546583,2873.485743463627,2746.761815461781,1742.140116058695,0.0,0.0,0.0,0.0,813.019171377,1652.0672827050867,1627.5636306288443,1515.7002536403108,1557.2344986737155,1639.5343980258701,1623.8620893298219,1676.0671412844517,1562.420532902241,1762.5463956664773,1571.4005259359096,1634.1837191938425,1480.369900469494,1513.5164530932666,1673.7290072706865,1510.0957456425008,1564.771837822249,1169.4408121502731,0.0,0.0,0.0,1790.9816615635746,4252.294452709589,2625.380398820987,0.0,0.0,0.0,0.0,0.0,0.0,0.0,0.0,0.0,0.0,0.0,0.0,0.0,0.0,0.0,0.0,0.0,0.0,0.0,0.0
October,12,0.0,0.0,0.0,0.0,0.0,0.0,0.0,0.0,0.0,0.0,0.0,0.0,0.0,0.0,0.0,0.0,0.0,0.0,0.0,0.0,0.0,0.0,0.0,0.0,0.0,0.0,0.0,0.0,0.0,0.0,1256.050257000149,2827.9817831032246,2592.623863055828,2577.8951808229617,2855.5952463524654,2548.212213779732,2947.9019348174565,2907.5922606941485,2845.7312302494324,2663.6313710036775,2791.7348922108913,2516.0221562002835,2798.9647840385906,2675.2317813056093,2615.9760935412546,2539.068397195567,2774.5745583647195,1668.5570799358932,0.0,0.0,0.0,0.0,897.1224030805532,1675.157564056955,1225.9268973882797,1703.765545562852,1572.5772232347226,1576.9443162749608,1744.82105917726,1605.5674274314847,1566.8888707805356,1491.8031523902707,1600.7405464020671,1632.5012407027416,1507.380613081218,1546.198496852252,1687.9733847382288,1452.7213767912954,1561.8420936375219,1112.7602535374756,0.0,0.0,0.0,1887.6546470051687,4251.312907809324,2436.1974330503285,0.0,0.0,0.0,0.0,0.0,0.0,0.0,0.0,0.0,0.0,0.0,0.0,0.0,0.0,0.0,0.0,0.0,0.0,0.0,0.0
October,13,0.0,0.0,0.0,0.0,0.0,0.0,0.0,0.0,0.0,0.0,0.0,0.0,0.0,0.0,0.0,0.0,0.0,0.0,0.0,0.0,0.0,0.0,0.0,0.0,0.0,0.0,0.0,0.0,0.0,0.0,1252.6209337713838,2616.047328283328,2735.0487287635365,2599.1338583281763,2803.042493886776,2649.8726173910404,2923.65683425598,2895.1514278535647,2498.2652577101485,2827.5758396867695,2876.4273122239156,2756.433008909816,2607.1503403250813,2506.8969738105384,2617.9817172712605,2327.2759267580386,2720.7273994346306,1623.3892598350917,0.0,0.0,0.0,0.0,933.7863181246236,1640.565727253659,1602.5443359002556,1707.72213965931,1459.426810854163,1724.5663075825607,1518.2534455072816,1576.4390050808395,1637.601135569393,1625.7608161091148,1620.4098621179894,1535.8822708964924,1659.634845227282,1611.7261009373728,1599.868440760825,1452.2733473107683,1707.018861603083,990.036276612634,0.0,0.0,0.0,1907.8800496031254,4319.863413505869,2647.7532858515146,0.0,0.0,0.0,0.0,0.0,0.0,0.0,0.0,0.0,0.0,0.0,0.0,0.0,0.0,0.0,0.0,0.0,0.0,0.0,0.0
October,14,0.0,0.0,0.0,0.0,0.0,0.0,0.0,0.0,0.0,0.0,0.0,0.0,0.0,0.0,0.0,0.0,0.0,0.0,0.0,0.0,0.0,0.0,0.0,0.0,0.0,0.0,0.0,0.0,0.0,0.0,1758.8849974754992,2857.437457105589,2608.9727530369582,2797.476495195939,2726.4330959682993,2715.2022211766375,3008.0860536529894,2922.8611168080047,2556.8538221234435,2916.9349867403453,2902.025424803602,2801.8468548928927,2657.3515746452777,2883.6181543210355,2861.0313861040195,2647.9489819683095,2918.388052510353,1832.0522243253201,0.0,0.0,0.0,0.0,814.5621461135462,1682.567310856363,1529.8145839410531,1560.8706189462016,1554.2188746511893,1630.5603797705312,1556.7140512424453,1607.9896070079328,1690.6774048206823,1513.7956491872626,1468.61634651801,1649.3509201561178,1602.4341283066603,1480.756227897861,1640.832457972622,1492.7810577577545,1657.5261707788218,1031.7615294837194,0.0,0.0,0.0,1772.7528685708317,4377.640350831936,2997.5374839659753,0.0,0.0,0.0,0.0,0.0,0.0,0.0,0.0,0.0,0.0,0.0,0.0,0.0,0.0,0.0,0.0,0.0,0.0,0.0,0.0
October,15,0.0,0.0,0.0,0.0,0.0,0.0,0.0,0.0,0.0,0.0,0.0,0.0,0.0,0.0,0.0,0.0,0.0,0.0,0.0,0.0,0.0,0.0,0.0,0.0,0.0,0.0,0.0,0.0,0.0,0.0,1614.6336398564765,2464.668751896193,2772.416292548939,2542.7814026066803,2866.659168135406,2510.043591767754,2666.1249901988995,2667.0113402981297,2569.3099976490435,2582.966082992613,2804.284604595,2690.694860641696,2548.2427932075307,2930.838196714566,2601.0652477542176,2413.9996413441218,2717.996543788331,1616.2624125665045,0.0,0.0,0.0,0.0,901.5007594654274,1547.0010995917976,1415.9900063634336,1668.1401529170003,1643.509457783535,1524.8278146483437,1621.6070896009064,1684.9071510075535,1575.437291506017,1616.6927301527717,1666.4571415480375,1736.0639462499446,1492.2069595591263,1491.9281943956653,1586.135102327454,1477.7006994208693,1469.5088003274254,939.8382924220065,0.0,0.0,0.0,1538.0962882208928,4063.1408684235375,2207.143275329849,0.0,0.0,0.0,0.0,0.0,0.0,0.0,0.0,0.0,0.0,0.0,0.0,0.0,0.0,0.0,0.0,0.0,0.0,0.0,0.0
October,16,0.0,0.0,0.0,0.0,0.0,0.0,0.0,0.0,0.0,0.0,0.0,0.0,0.0,0.0,0.0,0.0,0.0,0.0,0.0,0.0,0.0,0.0,0.0,0.0,0.0,0.0,0.0,0.0,0.0,0.0,1328.1065057537282,2808.382653159149,2552.876264770229,2648.3624298110426,2804.495461527812,2634.443115827275,2737.6768056654396,2938.8823485835333,2741.2794811937474,2682.9395153945284,2811.00671294594,2938.037577602752,2886.6004281192963,2777.0735059120366,2661.4989872906967,2709.0993702554356,2803.7276903288707,1780.0828425639913,0.0,0.0,0.0,0.0,847.4664991967463,1505.5204763133906,1672.0487074939467,1467.2110687497739,1556.499146880019,1616.0521596598098,1564.383835735036,1674.225140161674,1582.9900808242974,1657.4017288819448,1789.2964586715736,1519.4827039357433,1688.9132643051223,1642.1015801641104,1489.187192732869,1613.517708979187,1570.0951167121618,1018.4792019223115,0.0,0.0,0.0,1788.8790516442261,4259.524769467931,2540.9071866491445,0.0,0.0,0.0,0.0,0.0,0.0,0.0,0.0,0.0,0.0,0.0,0.0,0.0,0.0,0.0,0.0,0.0,0.0,0.0,0.0
October,17,0.0,0.0,0.0,0.0,0.0,0.0,0.0,0.0,0.0,0.0,0.0,0.0,0.0,0.0,0.0,0.0,0.0,0.0,0.0,0.0,0.0,0.0,0.0,0.0,0.0,0.0,0.0,0.0,0.0,0.0,1460.2847406749788,2752.5681232846287,2673.7035147349043,2700.6391094063893,2630.907256180718,2651.1199639652286,2842.695264883041,2746.916663571648,2691.119275252192,2893.0684557721947,2641.4865250701378,2826.1352470824595,2701.0589702226553,2444.647571701563,2752.477406597244,2713.342133432842,2604.722200143512,1837.1689773705932,0.0,0.0,0.0,0.0,797.4131842081224,1718.4591914448106,1561.2668728689314,1625.3446125335677,1545.4855563935985,1608.1508141838392,1648.7919153615512,1579.6858099438157,1642.3722516925957,1659.8153717167106,1465.2517823403718,1539.091262324991,1686.015185364556,1725.8374020291267,1549.2463679632917,1547.3451194404565,1544.29528971592,1009.8227804360829,0.0,0.0,0.0,1910.5121546841417,4140.89934813805,2550.4790822545842,0.0,0.0,0.0,0.0,0.0,0.0,0.0,0.0,0.0,0.0,0.0,0.0,0.0,0.0,0.0,0.0,0.0,0.0,0.0,0.0
October,18,0.0,0.0,0.0,0.0,0.0,0.0,0.0,0.0,0.0,0.0,0.0,0.0,0.0,0.0,0.0,0.0,0.0,0.0,0.0,0.0,0.0,0.0,0.0,0.0,0.0,0.0,0.0,0.0,0.0,0.0,1459.668102870975,2642.8026765330223,2704.733660155661,2821.069048685703,2692.7161072472873,2642.7869612792097,2884.4644212327908,2757.797462922925,2801.8019131364586,2524.1400274637426,2913.1506611318487,2562.3466968907514,2740.7960348605243,2718.2750119426546,2572.814027746319,2672.227374527326,2672.894003049662,1568.3362717370508,0.0,0.0,0.0,0.0,797.7322420617737,1615.067041104457,1326.8497331055703,1633.16215514018,1531.5459623045747,1751.229437523576,1591.288986428859,1603.5983803685574,1529.0056844783553,1615.7400494517265,1686.4351184918685,1479.333295784642,1628.804159915008,1533.8425293843982,1446.7004185676067,1728.6767928968,1532.9061607727244,1000.2701323335294,0.0,0.0,0.0,1712.0353677262972,4029.925691048676,2656.216635748051,0.0,0.0,0.0,0.0,0.0,0.0,0.0,0.0,0.0,0.0,0.0,0.0,0.0,0.0,0.0,0.0,0.0,0.0,0.0,0.0
October,19,0.0,0.0,0.0,0.0,0.0,0.0,0.0,0.0,0.0,0.0,0.0,0.0,0.0,0.0,0.0,0.0,0.0,0.0,0.0,0.0,0.0,0.0,0.0,0.0,0.0,0.0,0.0,0.0,0.0,0.0,1664.810236277823,2402.625696309626,2818.2721317754267,2772.654429813013,2491.9013391634494,2844.0847404318133,2862.1583138309506,2766.0267242837485,2710.851110041156,3031.6986977357806,2715.1302263961884,2733.2586233986676,2759.939464785692,2833.1901863226876,2788.773898994127,2852.751687416581,2980.8634932396967,1587.779236263996,0.0,0.0,0.0,0.0,755.3725287405509,1669.704256175741,1501.949025501118,1574.0355132350128,1569.3322604189002,1484.5981579659046,1736.2179064972574,1562.3175968690275,1662.7685366747842,1526.092689238321,1709.6851410539007,1606.7474405977857,1546.0910664265311,1674.5095035023844,1438.3145076220246,1587.5292037848412,1525.486248303935,968.8674071543226,0.0,0.0,0.0,1817.5097682243465,4271.438206812143,2467.5873591303102,0.0,0.0,0.0,0.0,0.0,0.0,0.0,0.0,0.0,0.0,0.0,0.0,0.0,0.0,0.0,0.0,0.0,0.0,0.0,0.0
