client,famille,cible,nom,saison,configuration,jours,jours_hors_service,jours_en_service,premier_jour,dernier_jour,jours_retenus,jours_ecartes_dbscan,eps,part_E_ecartee,atypiques_gardees,kWh_j_service,kWh_j,biais_E_pct,part_marche,statut,pics_slots,plancher_NRMSE,plancher_LDC_err,plancher_FFT_err,plancher_err_E_pct,plancher_err_P_pct,plancher_err_LF,plancher_CORR_h,plancher_TVD_h,plancher_EXT_prof,plancher_ECART_PICS_h,plancher_ELM_1h,plancher_ELM_2h,plancher_PEL_1h,p95_NRMSE,p95_LDC_err,p95_FFT_err,p95_err_E_pct,p95_err_P_pct,p95_err_LF,p95_CORR_h,p95_TVD_h,p95_EXT_prof,p95_ECART_PICS_h,p95_ELM_1h,p95_ELM_2h,p95_PEL_1h
0017SAM,cold_chain,Mai | avant 2025-09-25,0017SAM__Mai_avant_2025-09-25,Mai,avant 2025-09-25,62,31,31,2024-05-01,2025-05-31,14,0.0,5.292681777839094,0.0,False,0.249,0.203,-18.36,0.357,a calibrer,69 84 93,0.15705385867728475,0.10416391297151652,0.19564402717346624,9.387624153994903,10.054347826086955,0.017921546727795588,0.13006049712695733,0.12964984388996614,0.34520718232044195,1.7025,2.5919668548776853,2.4970080609805074,0.36952609890109883,0.2097981026044285,0.1463221067475338,0.29481326116297873,18.30886877032609,21.739130434782613,0.04368884625338432,0.2679072612829141,0.20478147764929314,0.4295580110497237,2.75,4.189885735612337,3.8821800027362006,0.4326923076923077
0017SAM,cold_chain,Octobre | avant 2025-09-25,0017SAM__Octobre_avant_2025-09-25,Octobre,avant 2025-09-25,30,30,0,2024-10-01,2024-10-31,0,,,,,,,,,hors service,,,,,,,,,,,,,,,,,,,,,,,,,,,
0017SAM,cold_chain,Octobre | depuis 2025-09-25,0017SAM__Octobre_depuis_2025-09-25,Octobre,depuis 2025-09-25,26,0,26,2025-10-02,2025-10-30,14,1.0,4.12292459686015,0.1073,True,1.009,0.81,-19.69,0.571,a calibrer,28,0.16336481133827616,0.12425668663436695,0.18442582363947882,13.119136278506117,9.467125382262997,0.027163042548394217,0.09618980928301622,0.134842069345979,0.07103225806451612,0.18375,2.1655783053129305,2.1343726675702,0.33356978527607367,0.25758064764416994,0.18255138117260722,0.23564447703093977,23.71929051448717,25.535168195718658,0.05744885601273597,0.20563159508469853,0.2110441414931591,0.2721774193548386,0.25,3.1005337491675005,3.02906661421254,0.5115030674846626
0017SAM,cold_chain,Saison des pluies | avant 2025-09-25,0017SAM__Saison_des_pluies_avant_2025-09-25,Saison des pluies,avant 2025-09-25,205,126,79,2024-06-01,2025-09-24,38,2.0,4.258235905978774,0.1144,True,0.22,0.229,4.12,0.211,a calibrer,1 85,0.16739364404152277,0.10662583618662741,0.16455345512344358,12.775343568512444,13.800641025641026,0.058211728550092955,0.13851680468180225,0.12204886173021155,0.304583931133429,0.95375,2.3830482393774512,2.1927117250928267,0.35336,0.22408201952947115,0.15856291444106488,0.23107141365077521,22.6893220631361,31.602564102564074,0.1403596937770221,0.26924101081769136,0.17829985083330668,0.496413199426112,2.0,2.9741542512056456,2.807166773900868,0.5194666666666666
0017SAM,cold_chain,Saison des pluies | depuis 2025-09-25,0017SAM__Saison_des_pluies_depuis_2025-09-25,Saison des pluies,depuis 2025-09-25,10,5,5,2025-09-25,2026-07-29,4,0.0,,0.0,False,0.556,0.649,16.65,0.75,non calibrable (moins de 10 journees),,,,,,,,,,,,,,,,,,,,,,,,,,,
0017SAM,cold_chain,Saison seche | avant 2025-09-25,0017SAM__Saison_seche_avant_2025-09-25,Saison seche,avant 2025-09-25,206,134,72,2024-03-19,2025-04-30,36,8.0,2.645072442970532,0.2508,True,0.579,0.493,-14.79,0.611,a calibrer,1 21 68 78 85,0.1683493044040524,0.12152439838719062,0.19711774062490373,19.723090681200446,16.64467162329616,0.046962890791111246,0.12778283361678186,0.11840889324201764,0.25902344454463483,1.31,2.2849738091606526,2.0946435030739283,0.3651187106918239,0.27334967393433873,0.23550894078893816,0.31890847061759375,44.603841874744695,38.30235439900867,0.113549199309624,0.3134487769005897,0.20508683731561458,0.4811451758340847,2.5,3.0854953057436467,3.0407202811966036,0.5891430817610062
0017SAM,cold_chain,Saison seche | depuis 2025-09-25,0017SAM__Saison_seche_depuis_2025-09-25,Saison seche,depuis 2025-09-25,136,1,135,2025-11-01,2026-04-30,67,3.0,2.6851235296165306,0.0945,False,1.308,1.203,-7.99,0.731,a calibrer,6 27 38 82 94,0.22262926513606274,0.16103604869402502,0.2106170868083947,12.852790894518662,22.64474129184985,0.07902372773925907,0.14913613340157325,0.10945911534243315,0.4589206144360201,1.2375,1.9926512844985524,1.9249042150182933,0.45507544514270754,0.38914580840806307,0.3455685872451662,0.29674349561439256,31.004554600953085,63.769022658099416,0.1675607946136377,0.4538167445172715,0.1867856427922918,0.8872129913426898,3.0,2.7999713290597206,2.7729186979254514,0.8102611940298505
0018SAM,cold_chain,Mai | avant 2025-10-02,0018SAM__Mai_avant_2025-10-02,Mai,avant 2025-10-02,62,57,5,2024-05-01,2025-05-31,0,0.0,,0.0,False,0.198,0.0,-100.0,,non calibrable (moins de 10 journees),,,,,,,,,,,,,,,,,,,,,,,,,,,
0018SAM,cold_chain,Mai | depuis 2025-10-02,0018SAM__Mai_depuis_2025-10-02,Mai,depuis 2025-10-02,2,2,0,2026-05-18,2026-05-26,0,,,,,,,,,hors service,,,,,,,,,,,,,,,,,,,,,,,,,,,
0018SAM,cold_chain,Octobre | avant 2025-10-02,0018SAM__Octobre_avant_2025-10-02,Octobre,avant 2025-10-02,30,30,0,2024-10-01,2024-10-31,0,,,,,,,,,hors service,,,,,,,,,,,,,,,,,,,,,,,,,,,
0018SAM,cold_chain,Octobre | depuis 2025-10-02,0018SAM__Octobre_depuis_2025-10-02,Octobre,depuis 2025-10-02,26,0,26,2025-10-02,2025-10-30,14,1.0,4.550127649429661,0.1964,True,0.406,0.35,-13.61,0.286,a calibrer,,0.29815840453267745,0.24462867252013493,0.26264287461318697,18.517533129459743,40.64673913043478,0.1280292043293862,0.2908245757999031,0.22788114568278275,0.7428187250996016,0.0,2.6397486828636745,2.245788826251237,0.7417490310077518,0.3821301740161802,0.3232239192898348,0.38614676092586275,39.69469928644235,73.55072463768116,0.21181694309095453,0.5303588311657743,0.3476005580765278,0.8009960159362549,0.0,3.4843728714518334,2.76983888959153,0.8062015503875969
0018SAM,cold_chain,Saison des pluies | avant 2025-10-02,0018SAM__Saison_des_pluies_avant_2025-10-02,Saison des pluies,avant 2025-10-02,211,205,6,2024-06-01,2025-09-29,5,0.0,,0.0,False,0.2,0.208,3.82,0.4,non calibrable (moins de 10 journees),,,,,,,,,,,,,,,,,,,,,,,,,,,
0018SAM,cold_chain,Saison des pluies | depuis 2025-10-02,0018SAM__Saison_des_pluies_depuis_2025-10-02,Saison des pluies,depuis 2025-10-02,4,4,0,2026-06-13,2026-07-29,0,,,,,,,,,hors service,,,,,,,,,,,,,,,,,,,,,,,,,,,
0018SAM,cold_chain,Saison seche | avant 2025-10-02,0018SAM__Saison_seche_avant_2025-10-02,Saison seche,avant 2025-10-02,251,144,107,2024-02-01,2025-04-30,55,6.0,2.7896728062902976,0.2312,True,0.486,0.452,-7.12,0.382,a calibrer,1 57 78 94,0.1869031482973412,0.15012845639904218,0.16831867621193586,24.30114357043629,22.656455592105264,0.07627322647208665,0.18654428258796676,0.10920686173971099,0.42089597361550096,0.485,2.1314447254032474,2.035790178510005,0.41753302348336596,0.3062304232881159,0.26005208467841473,0.26739555670266985,48.38294509653906,45.44819078947367,0.17606983398773957,0.4931327629036264,0.1846067927609787,0.7968805826576885,0.7624999999999957,2.92315298454877,2.8755787020995753,0.7586656066536203
0018SAM,cold_chain,Saison seche | depuis 2025-10-02,0018SAM__Saison_seche_depuis_2025-10-02,Saison seche,depuis 2025-10-02,137,0,137,2025-11-01,2026-04-30,69,4.0,1.9399133974180411,0.0447,False,0.622,0.648,4.15,0.377,a calibrer,4 55 94,0.19470855742052998,0.15014931734415607,0.21167788401125812,13.812910981883242,17.65049019607843,0.055227725019841994,0.13016191312011155,0.10390071465459151,0.3143076491340603,0.515,2.328550300710697,2.2210851028308265,0.4055472675879397,0.3376112689920644,0.2875806245038197,0.29590260128896634,32.507576604786365,48.783422459893046,0.12682710720658696,0.29145835700260514,0.17599382533844066,0.6213438101347014,1.75,3.421775464459749,3.1366311275112393,0.6706147927135678
0035SAM,cold_chain,Mai,0035SAM__Mai,Mai,,32,1,31,2025-05-01,2026-05-20,14,0.0,4.550843383479118,0.0,False,0.16,0.178,11.37,0.5,a calibrer,3 86 93,0.1636733728015966,0.1052562775558265,0.16895550641560228,16.94173782019086,8.390977443609023,0.04974407678761386,0.10076589479261149,0.12167071364592935,0.271904761904762,0.66375,2.58381770738587,2.4699225607224817,0.42652,0.28573974820403214,0.20401148297383945,0.21713200246399222,37.27774987443495,21.804511278195484,0.10491251063438412,0.24535500626178386,0.22514521966236306,0.6604554865424431,2.0,3.876024094615644,3.777712497267777,0.658
0035SAM,cold_chain,Octobre,0035SAM__Octobre,Octobre,,39,8,31,2024-10-20,2025-10-30,16,1.0,3.5895243673628725,0.0422,False,0.095,0.103,8.32,0.438,a calibrer,6 58 85,0.12566434871246546,0.09465637715837744,0.16836402473867382,15.695136778115502,17.283333333333335,0.04180208440201525,0.0754450076753822,0.11519373705253093,0.35750599520383686,0.5725,2.0764626073658716,2.0017984740241714,0.3740989583333334,0.21101738666868575,0.16948184646861333,0.2775498426793427,36.81079027355622,42.66666666666661,0.0973197843148598,0.21634709874507163,0.22084969895947928,0.6558752997601919,1.0,2.929989653416387,3.0166501909754264,0.6326041666666662
0035SAM,cold_chain,Saison des pluies,0035SAM__Saison_des_pluies,Saison des pluies,,116,55,61,2025-06-01,2026-07-29,33,4.0,3.1273869350231536,0.09,False,0.15,0.152,0.77,0.364,a calibrer,6 21 90,0.08514124144985737,0.05857132271087683,0.10922210343327583,7.9424066763280186,9.854838709677416,0.042861151166752605,0.025858639069649633,0.06995308281001844,0.13755629477993858,1.68125,2.3335819310116093,2.286176910430705,0.2082842205323194,0.133642887566299,0.09330294266545097,0.18095617939851197,16.765528959072505,27.240143369175623,0.09637380517911392,0.07169073393071895,0.12794114293532227,0.3090839303991809,3.0,3.2737492649788558,3.287769434802256,0.3315826996197717
0035SAM,cold_chain,Saison seche,0035SAM__Saison_seche,Saison seche,,302,93,209,2024-11-01,2026-04-30,107,11.0,2.1633283930929537,0.1503,True,0.182,0.197,8.01,0.579,a calibrer,8 58 85 94,0.09522544992985474,0.08290231760879672,0.11014884831953906,12.61968834317909,11.973004153207198,0.028446794964620575,0.01434558315464753,0.052631935878037744,0.13957900276279436,1.35125,1.858044106006603,1.7197620008510066,0.21371417130332152,0.16867320811939376,0.1600142071507189,0.16552020553164232,30.68381452734426,29.03091832025843,0.06607382207845496,0.030457034222990752,0.0786996721745646,0.34996053150901196,3.0,2.7681383547435794,2.602305526916511,0.36667298937784504
0151GBO,cold_chain,Mai | avant 2025-09-17,0151GBO__Mai_avant_2025-09-17,Mai,avant 2025-09-17,29,0,29,2025-05-01,2025-05-31,12,1.0,4.6181594100329235,0.0144,False,2.1,2.055,-2.16,1.0,a calibrer,1 42 94,0.0955492704904449,0.0735389163488021,0.13079038391658357,2.6033549289777023,6.077338129496402,0.03420388953507174,0.03279099108225338,0.04949277031209303,0.12993618618618621,1.39875,2.6584294973604448,2.602011532604126,0.19847714870395636,0.1363002848863894,0.11882152969868855,0.17538028890332408,6.202917946690196,9.592326139088737,0.0830856010555795,0.07220205977593808,0.069112432941869,0.2060810810810812,2.25,3.6224137905451923,3.542714108859263,0.2714103001364256
0151GBO,cold_chain,Mai | depuis 2025-09-17,0151GBO__Mai_depuis_2025-09-17,Mai,depuis 2025-09-17,20,0,20,2026-05-01,2026-05-31,10,4.0,3.9722040393585285,0.3729,True,1.541,1.797,16.66,0.9,a calibrer,52 94,0.1706737441640704,0.13714427675116872,0.20741972512554382,8.64821331701278,12.832646755921733,0.05034569759696321,0.1188645499550517,0.1772604256634896,0.25069976544175127,0.245,2.8711624853992803,2.908961889571487,0.3162538619979403,0.22713920869568105,0.1852704856994341,0.3634274679815542,14.976423295731154,32.9557157569516,0.08810125825575828,0.18585780984512656,0.2610115083153708,0.3302058900182432,1.25,4.075436150426859,4.099676723523431,0.4698764160659115
0151GBO,cold_chain,Octobre | depuis 2025-09-17,0151GBO__Octobre_depuis_2025-09-17,Octobre,depuis 2025-09-17,30,0,30,2025-10-01,2025-10-31,14,7.0,2.675967458688136,0.2861,True,2.729,3.147,15.31,1.0,a calibrer,1 32 49 82 94,0.1276670758617593,0.10890971532626288,0.1209743141751159,16.928867728590806,11.79644670050761,0.03024441145576149,0.04407825162153005,0.061680150194842014,0.11300797649034418,2.19875,2.363897133780282,2.3082384481967972,0.22452114111054505,0.21788239464976747,0.20568314217128514,0.1891892564956847,37.00410280273066,31.72588832487309,0.07860739517331106,0.10000520845678756,0.10003519718599183,0.31472152253008645,3.0,3.4704800690260145,3.3926391003919987,0.3892002037697401
0151GBO,cold_chain,Saison des pluies | avant 2025-09-17,0151GBO__Saison_des_pluies_avant_2025-09-17,Saison des pluies,avant 2025-09-17,79,19,60,2025-06-01,2025-09-16,29,15.0,1.4676701398553527,0.8139,True,0.356,0.353,-0.98,0.345,a calibrer,56 92,0.2948717011976828,0.2613284553849679,0.28465539679794705,33.76442542787286,31.881081081081078,0.14159298616950228,0.15564213748625544,0.16644731972047672,0.47587847222222224,1.3975,2.0869445379446785,2.006152978527874,0.5530788288288288,0.4956787510901228,0.4681702950719982,0.4562515712118693,73.51735941320293,75.27027027027012,0.3057182195688249,0.35625626822889006,0.315152652377455,0.846736111111111,3.0,3.222388209918294,3.1108525661690463,0.8767905405405401
0151GBO,cold_chain,Saison des pluies | depuis 2025-09-17,0151GBO__Saison_des_pluies_depuis_2025-09-17,Saison des pluies,depuis 2025-09-17,63,0,63,2025-09-17,2026-07-30,33,5.0,2.808238297425752,0.2183,True,1.257,1.363,8.41,0.758,a calibrer,32 48 94,0.16168511610171998,0.1286858077848586,0.14204371552853917,17.261325232896812,18.407487791644062,0.042302362371869184,0.07156761587555209,0.08008211432494279,0.2204837791690381,1.05,2.5615511285774284,2.5463698505039702,0.3285409843522562,0.3034484647238093,0.2752916711472314,0.2148080136072311,42.41423394179246,40.56158437330439,0.096793794500582,0.22204451020636715,0.1505111717152249,0.5213218554354011,3.0,3.1556644893784114,3.238647872574522,0.5453090884279475
0151GBO,cold_chain,Saison seche | avant 2025-09-17,0151GBO__Saison_seche_avant_2025-09-17,Saison seche,avant 2025-09-17,36,0,36,2025-03-13,2025-04-30,13,4.0,3.829872594855952,0.0668,False,2.533,2.586,2.1,0.923,a calibrer,2 44 77 84 94,0.12743178848406728,0.10322967089745447,0.16530337906895806,9.275839250529762,7.678606001936101,0.012627368058230379,0.049033314272335565,0.03646521422231755,0.22846650383810183,0.1225,3.169723482788078,3.028411310541178,0.24069114963503643,0.16953281462584405,0.1410774808642545,0.2410419978487338,14.418379865422516,12.100677637947722,0.03018848612377544,0.10058745990176265,0.05783388604038589,0.3203070481507327,1.0,4.255301587287287,3.7493834546214297,0.3181265206812651
0151GBO,cold_chain,Saison seche | depuis 2025-09-17,0151GBO__Saison_seche_depuis_2025-09-17,Saison seche,depuis 2025-09-17,122,0,122,2025-11-01,2026-04-30,60,3.0,2.8814452999644433,0.0442,False,4.142,3.848,-7.11,0.917,a calibrer,3 94,0.12787266280216716,0.10921328537106179,0.13727869044172464,12.21565910562714,8.636644147070287,0.038105984727676054,0.029352711798652346,0.03950270463487151,0.07856894929430215,0.325,1.6962923469209676,1.5709155535824955,0.23728045469281894,0.23205556024018598,0.22419644367307065,0.21060035195697455,28.066736840737335,17.68221384955178,0.09827382785994296,0.05817071257909577,0.05940906671768243,0.19720543648719288,0.5,2.6273606694636036,2.523155026559179,0.40812023828821525
0016GBO,grain_milling,Mai,0016GBO__Mai,Mai,,51,22,29,2025-05-01,2026-05-31,13,0.0,,0.0,False,0.296,0.392,32.48,0.231,a calibrer,52,0.15088898374676288,0.10749676333337646,0.19433202076825268,19.00564888495923,45.82998454404946,0.027441215967563687,0.16406592130558564,0.29943141183337424,0.4476120747916197,0.105,2.6212788618104357,2.6131467299725077,0.412098145285935,0.18041486466407639,0.1488019915873574,0.28337457938114347,29.482267413301894,68.39258114374034,0.042361292704732906,0.2207400216896218,0.4059337852441301,0.5411128632574906,0.0,2.9759155488285582,2.9586700868184512,0.46406491499227204
0016GBO,grain_milling,Octobre,0016GBO__Octobre,Octobre,,30,30,0,2025-10-01,2025-10-31,0,,,,,,,,,hors service,,,,,,,,,,,,,,,,,,,,,,,,,,,
0016GBO,grain_milling,Saison des pluies,0016GBO__Saison_des_pluies,Saison des pluies,,142,107,35,2025-06-01,2026-07-30,18,1.0,3.504733007005469,0.1338,True,0.434,0.237,-45.53,0.111,a calibrer,,0.20109186734009682,0.1751148160367879,0.3281900260644883,32.90791172672848,96.25942028985506,0.024873281537628147,0.15141013243204107,0.2575976968063232,0.9778183118741058,0.0,1.2431452494485216,1.2431452494485216,0.8261304347826086,0.40550045230208465,0.36739416286799226,0.5921618409941354,56.708533865477165,200.0,0.042767042404723565,0.3938947959774707,0.5223617795515906,1.9999999999999998,0.0,2.536119523028447,2.536119523028447,1.6884057971014492
0016GBO,grain_milling,Saison seche,0016GBO__Saison_seche,Saison seche,,235,121,114,2024-11-23,2026-04-30,52,4.0,1.8733925876925528,0.1132,True,1.881,1.886,0.26,0.788,a calibrer,43 52 61 69,0.12827469570097688,0.07650375717209071,0.2027340750039464,11.029041929907754,24.458861002379304,0.05107225010476503,0.054036741110401604,0.11179287576123506,0.1927427939337587,1.12625,2.286945078950788,2.231188758991622,0.326272496538994,0.17546186553010917,0.12525045292565584,0.2773163271770455,27.034872751933815,53.92700897996774,0.08735929976963891,0.11016978354236284,0.16043022539313045,0.4623681426143833,2.0,3.2653247162555,3.1755170630998695,0.49226753576372845
0043SAM,grain_milling,Mai,0043SAM__Mai,Mai,,35,2,33,2025-05-01,2026-05-18,17,8.0,2.8624647424278513,0.6053,True,7.632,7.145,-6.38,0.294,a calibrer,31 47 66 74,0.24533826722658256,0.22590248583150926,0.4485396492043954,57.78653901961632,51.2713345085027,0.08179554924860247,0.31438988090988523,0.323159975403522,0.6587400172501916,1.64375,2.6065370043496774,2.30734234780723,0.5496887961426794,0.38591870007250956,0.38573276560426667,1.5416018279826358,99.9471670463971,99.78276648693488,0.2029856446597642,1.0389166561377519,0.8808453942674899,1.0,3.0,3.1755347115730044,3.1725194371371392,0.8114890087100789
0043SAM,grain_milling,Octobre,0043SAM__Octobre,Octobre,,26,24,2,2025-10-02,2025-10-30,0,0.0,,0.0,False,18.596,0.0,-100.0,,non calibrable (moins de 10 journees),,,,,,,,,,,,,,,,,,,,,,,,,,,
0043SAM,grain_milling,Saison des pluies,0043SAM__Saison_des_pluies,Saison des pluies,,105,5,100,2025-06-01,2026-07-29,52,0.0,2.473804816775364,0.0,False,19.457,18.372,-5.58,0.654,a calibrer,34 45 60 72,0.10941450163709465,0.08235896128101519,0.14439790963817217,14.333222204398558,15.14330154235899,0.018865055153479984,0.01775260143568783,0.05270220774614018,0.20331740917955007,0.9625,2.005974468871802,1.8139177013975984,0.2511460584159153,0.19634438695102602,0.17860065342625125,0.27556790661794656,34.99616762186084,36.89292899187834,0.04505482602882508,0.03940062555089251,0.08238865426742789,0.45015103234756004,3.0,3.1236331366961747,2.8697491498088463,0.42433988711720444
0043SAM,grain_milling,Saison seche,0043SAM__Saison_seche,Saison seche,,196,30,166,2025-02-26,2026-04-30,82,3.0,2.372426136091707,0.0368,False,13.356,15.146,13.41,0.634,a calibrer,36 76,0.12616185450122572,0.09771162687769996,0.15384215852636263,14.728902102357187,20.24390875888392,0.048652068673768686,0.01810456032278183,0.05310803146749293,0.24212329102706662,0.5075,1.9682385482025244,1.7639197666680326,0.29992275800799567,0.21575791052324667,0.2005555877851149,0.2521925862656632,34.135778115718686,55.61068702290075,0.09816173901282368,0.03741060294805462,0.07876325125789932,0.5456436900607964,1.5,2.9211741121477264,2.871411931664557,0.5498210848428015
0097SAM,grain_milling,Mai,0097SAM__Mai,Mai,,40,0,40,2025-05-01,2026-05-29,17,4.0,2.8119624971594095,0.1863,True,13.219,13.436,1.64,1.0,a calibrer,32 38 50 65 78 83,0.10672557497595488,0.06555766274290127,0.19329384063158933,9.555823167895278,25.690386284722226,0.03498321065022358,0.044029670271331,0.10895005872570432,0.18998055610701733,1.54375,2.615278668468012,2.413716258670438,0.23560476345486112,0.1546820319463806,0.10383038462116292,0.2700799859657374,21.687205503291793,45.15494791666666,0.06823113911585961,0.08277147131085236,0.16436980388017378,0.3695624248227861,2.0124999999999957,3.8444876771083365,3.53393768320282,0.3520095486111109
0097SAM,grain_milling,Octobre,0097SAM__Octobre,Octobre,,26,0,26,2025-10-02,2025-10-30,13,2.0,3.0659352484035005,0.0901,False,13.746,13.488,-1.88,1.0,a calibrer,27 35 46 56 73 78,0.1404062116043854,0.0766611264552674,0.181286005766993,5.889317738847009,27.464576115392777,0.05514828718075606,0.05406860284458817,0.11926855022493311,0.32459626506556005,0.86125,3.583751022414536,3.2516795281366218,0.3042795906101958,0.20342816030627478,0.12239244144563849,0.3245108748926462,14.175764480102202,66.96917202856515,0.09038444572281759,0.10176953576420489,0.15790649062485282,0.6100326696393089,2.5,4.619696683815062,4.402934286653262,0.4885049140917762
0097SAM,grain_milling,Saison des pluies,0097SAM__Saison_des_pluies,Saison des pluies,,128,0,128,2025-06-01,2026-07-29,65,11.0,2.0235608594040455,0.1424,True,14.987,14.854,-0.89,0.969,a calibrer,29 63 70 76,0.07295803243835118,0.041908694564401376,0.1446262660830269,6.453016377074582,8.510993847678321,0.01915854687375467,0.016895085337877085,0.060694254646103916,0.11436276205078794,0.81625,2.245412047708743,2.0554272762096724,0.16916064281900434,0.10410247132625627,0.07280853187583607,0.22546811762564328,16.232568545079427,22.142080629566685,0.04893779985277618,0.036416425034583054,0.09357116799818338,0.24930802799473037,2.0,3.243672599588758,3.03345648584427,0.2713333497683859
0097SAM,grain_milling,Saison seche,0097SAM__Saison_seche,Saison seche,,216,0,216,2025-02-06,2026-04-30,108,5.0,1.9996087270290863,0.0202,False,10.618,10.578,-0.38,1.0,a calibrer,30 76,0.0623167991766581,0.035368273887015717,0.10869551548480778,2.9262642985164775,10.759182953342515,0.02267013247964571,0.010612708461338816,0.05072398186541699,0.0905384243334629,0.21875,2.342600201838126,2.174000565851951,0.14033315354137968,0.08208778276545338,0.05539757994427974,0.17961747658712587,7.000933356384576,25.98448544728124,0.0549392353025161,0.020210543834838772,0.07231153699415645,0.18523901232980397,0.75,3.447698208449033,3.33158998947785,0.21981516058884476
0154GBO,grain_milling,Mai,0154GBO__Mai,Mai,,38,0,38,2025-05-01,2026-05-29,16,2.0,2.7678806155556717,0.0572,False,8.003,7.949,-0.67,1.0,a calibrer,33 44 52 59 67 75,0.12412433178680668,0.06850809912993076,0.15514319406938504,9.921232849785746,25.703880377946977,0.031935698611616596,0.030742912154980193,0.0839473185072384,0.2925721285487823,0.63875,2.6285861887452775,2.428080397338851,0.26109749105586644,0.19629080071336885,0.13119739982037598,0.24000118263423734,19.160297991115296,53.80699018438675,0.06530847032725202,0.06939565010870506,0.14606960758395868,0.4955267329586395,1.75,3.924133246397176,3.903982732594393,0.4232134666544347
0154GBO,grain_milling,Octobre,0154GBO__Octobre,Octobre,,30,0,30,2025-10-01,2025-10-31,13,1.0,3.4095293872747443,0.0795,False,4.668,3.953,-15.31,1.0,a calibrer,56 65 74,0.07466727584370215,0.04907225876199789,0.12797331524095554,7.222453546064786,16.288437029312945,0.0214780691127113,0.022280704007005728,0.11816636309331399,0.15212311938339332,0.3425,3.2563930114263915,3.148932387174075,0.1799145521955741,0.10444108450469927,0.06758221669096667,0.19654199871593778,15.003405000486419,35.83709882979953,0.037842459288342026,0.038399647556438876,0.15758480618641144,0.242992494362357,2.25,4.008745548401077,3.906460623030894,0.26873624145521924
0154GBO,grain_milling,Saison des pluies,0154GBO__Saison_des_pluies,Saison des pluies,,138,0,138,2025-06-01,2026-07-30,69,9.0,1.9983416301461467,0.1218,True,5.43,5.123,-5.65,0.986,a calibrer,33 71,0.09040917116984329,0.055623238278855534,0.16418268096824876,9.33453642149929,14.617685958314741,0.03370179799001418,0.02357889860890323,0.07780356051591296,0.1321343970043551,0.68375,2.284471687114206,2.175756268196746,0.2502241219963032,0.12826417238037136,0.09250380809666345,0.2531093147056643,21.883942715700137,40.251768755178766,0.06075406925090059,0.04867406540471775,0.11439529276663207,0.2955215922503968,1.25,3.10166795967089,3.1053402929019103,0.41228727133660503
0154GBO,grain_milling,Saison seche,0154GBO__Saison_seche,Saison seche,,186,0,186,2025-01-28,2026-04-30,84,9.0,1.89778302740705,0.0775,False,5.904,5.621,-4.79,0.964,a calibrer,34 54 62 72,0.07121838297641211,0.04453906062852817,0.13393354829464557,9.170150269245635,10.665306122448984,0.01758503874834383,0.015985985113807975,0.06372341652142391,0.11049273286084833,0.74125,2.1387518479082863,1.989798297507084,0.16104711266529087,0.10180615577175296,0.07705521955966065,0.20304379918623922,21.34353836948864,24.628869525338228,0.041659523993166116,0.03049675931758261,0.09239258782475564,0.19802875300562306,2.2624999999999957,3.061051061350229,2.8859602872486865,0.26293969273102497
0152GBO,poultry_incubation,Mai | active,0152GBO__Mai_active,Mai,active,29,0,29,2025-05-01,2025-05-31,11,4.0,3.2440679226705726,0.064,False,2.741,2.828,3.16,1.0,a calibrer,4 34 94,0.18169141057424965,0.1574315368322565,0.15669634398909396,6.605070687424149,4.3242774566473985,0.038239522630348376,0.05545861326057655,0.03397381106983441,0.21456735842419966,2.0875,2.839479441004063,2.733774682289445,0.33322203947368423,0.29523046168688044,0.28104999557292654,0.19931024083148274,12.61684120847766,9.942196531791918,0.11362363195214831,0.1285162669772979,0.06193848498262197,0.44073162152655626,3.0,4.083126205354618,4.02809416719269,0.5365131578947367
0152GBO,poultry_incubation,Mai | hors service,0152GBO__Mai_hors_service,Mai,hors service,17,17,0,2026-05-01,2026-05-31,0,,,,,,,,,hors service,,,,,,,,,,,,,,,,,,,,,,,,,,,
0152GBO,poultry_incubation,Octobre | hors service,0152GBO__Octobre_hors_service,Octobre,hors service,30,30,0,2025-10-01,2025-10-31,0,,,,,,,,,hors service,,,,,,,,,,,,,,,,,,,,,,,,,,,
0152GBO,poultry_incubation,Saison des pluies | active,0152GBO__Saison_des_pluies_active,Saison des pluies,active,11,0,11,2025-06-01,2025-06-13,5,2.0,4.964730803126026,0.1065,True,2.298,2.026,-11.84,1.0,non calibrable (moins de 10 journees),,,,,,,,,,,,,,,,,,,,,,,,,,,
0152GBO,poultry_incubation,Saison des pluies | hors service,0152GBO__Saison_des_pluies_hors_service,Saison des pluies,hors service,130,130,0,2025-06-14,2026-07-30,0,,,,,,,,,hors service,,,,,,,,,,,,,,,,,,,,,,,,,,,
0152GBO,poultry_incubation,Saison seche | active,0152GBO__Saison_seche_active,Saison seche,active,83,0,83,2024-12-30,2025-04-30,33,10.0,2.4887680629351077,0.0865,False,1.977,2.278,15.22,1.0,a calibrer,1 62 94,0.12728138323103164,0.10000317132084614,0.14629331658838446,6.8492610870201425,8.901025412394116,0.0202946899056088,0.04920214261594014,0.024720069879959877,0.18970537634408594,0.40125,2.1921217555742185,2.0519417452115376,0.24084728169196837,0.2436197252439448,0.21784164007430173,0.2472203940001992,17.078733140014364,23.245653143111888,0.048157069319995624,0.11522865794003585,0.041637927085191276,0.3739247311827952,0.7749999999999915,3.3249255193743186,3.277341466989375,0.431257298559751
0152GBO,poultry_incubation,Saison seche | hors service,0152GBO__Saison_seche_hors_service,Saison seche,hors service,144,144,0,2024-12-01,2026-04-30,0,,,,,,,,,hors service,,,,,,,,,,,,,,,,,,,,,,,,,,,
