client,season,method_arm,p1_W,p2_W,t1_amp_min,n_regions,on_minutes_per_day,occasional_use,tfrv,ratio_daily_max,n_pass,n_pass_holdout,all_criteria_met,activity_cv,cv_E_meas,cv_E_sim,NRMSE,LDC_err,FFT_err,err_E_pct,err_P_pct,err_LF
0016GBO,Dry season,classic,4285.400000000001,1.401639344262295,12,3,85.9905,0.696,0.95,1.0164322747284256,4,3,False,0.5514786570717375,0.5969332445668549,0.2694954108588887,0.17349837932617215,0.03719566245770137,0.16865583636131443,0.4280061183300836,-5.171828775425877,0.01483484323367057
0016GBO,May,classic,3694.4,0.0,13,3,96.864,0.933,0.6548113818075939,0.8753528832224227,2,0,False,0.2788235458201769,0.35837533629006374,0.22218717480866404,0.1839487898029973,0.07408416963815528,0.29966028235210446,-2.730075873217116,-27.829540263893183,0.07351080358096862
0016GBO,Rainy season,screened,3692.4000000000005,0.0,13,3,67.0095,0.867,0.0,0.898816788496554,4,3,False,0.3614010567881508,0.43691991722729195,0.25752911397726647,0.1412689581784388,0.05206676538592675,0.2765048291345545,-6.215153931956282,-4.530865942733837,-0.0032911013159420133
0016GBO,October,screened,6347.000000000001,3.1736842105263157,7,3,88.041,0.807,0.0,0.5947827248945515,3,1,False,0.762233257190176,0.7901090028609914,0.18409125561901316,0.15870704786747136,0.08823905969789535,0.1766151987259269,2.3488527885538755,-12.581818400644403,0.037762291732916176
0043SAM,Dry season,screened,7385.0,0.0,15,2,223.6635,0.217,0.9397256501200145,1.1141124941007852,4,1,False,0.5149797934862698,0.5290308941868961,0.18644011097755187,0.17547478463587865,0.09552886041889098,0.24282140021551654,2.1434017997370938,-4.2312202895669815,0.025183403419203887
0043SAM,May,screened,6395.599999999999,0.0,16,3,229.76250000000002,0.323,0.0,1.0986900165602211,4,3,False,0.38826305751631957,0.4111781120295018,0.1366537055980726,0.24588200444124875,0.06044543940823135,0.30740107188417315,4.151856444245039,-6.058621421430945,0.032917983939631634
0043SAM,Rainy season,screened,6730.2,0.0,15,3,319.5825,0.644,0.7379908813806239,1.0387932288525892,4,2,False,0.3341453872562853,0.3535351296271567,0.1605110224673304,0.13176761518011346,0.0771044490222923,0.11228845284862118,0.9921144423262184,-5.992971549796712,0.028895112716154803
0043SAM,October,classic,5853.6,0.0,18,3,259.119,0.107,0.6746170011002421,1.0083871169959306,4,4,False,0.2917148882220492,0.3101081124847143,0.1514226938516325,0.12304490971526104,0.05983100110125149,0.18291701453927384,2.533450206601173,-9.77051400941456,0.024601395674754778
0097SAM,Dry season,classic,6494.600000000001,0.40588235294117647,10,3,96.8625,0.709,0.95,0.7497074653924425,4,3,False,0.6723368889317984,0.7008041404268998,0.2579371335712739,0.1386921007946133,0.04235653330506443,0.1768159838916293,2.0693353139168194,-4.744840603509872,0.01857462981248159
0097SAM,May,classic,6521.6,0.0,19,3,127.536,0.968,0.95,1.0897281622878006,2,0,False,0.5395367677759789,0.5809892140908958,0.2607254225483159,0.15833428056771184,0.0600615114968546,0.11713708182755125,1.3212155454681667,-30.286301726780927,0.10002319071950286
0097SAM,Rainy season,screened,6729.0,0.0,8,3,175.33950000000002,0.648,0.0,0.630858308130174,4,2,False,0.5428934554291924,0.5643993367523025,0.14087786400803132,0.12835659915000677,0.07901440453090043,0.1682212998180043,3.476995491772192,-6.944431020673298,0.03836310392470743
0097SAM,October,screened,6395.0,0.0,14,3,105.6975,0.929,0.0,0.9582320712586416,4,2,False,0.2802053132003741,0.3508575590244101,0.19774472701216855,0.14689059702716006,0.07701933093310727,0.3352035460991052,4.9947441917537185,-9.041934634066745,0.027480142554316245
0154GBO,Dry season,classic,4390.0,0.8571428571428571,14,3,132.519,0.655,0.8564081049941424,1.058506790310531,4,4,False,0.4310845458718846,0.46311168783082163,0.22219522884393378,0.13844059593558838,0.05154170756372611,0.1597529425029503,-1.3631425908610761,-2.371960141648826,0.0028876041996569457
0154GBO,May,screened,3881.6,0.0,14,3,181.011,1.0,0.6875198027081951,0.9788449827628519,3,0,False,0.286249736823838,0.3326830826061005,0.17984773080076588,0.22723548198721064,0.07159897265239534,0.2642938955814496,1.975170690769976,-10.191977428410631,0.034986456558535994
0154GBO,Rainy season,screened,3857.2000000000003,0.0,18,2,105.27600000000001,0.939,0.0,1.0889320425290832,5,2,False,0.39788049507425494,0.43629376709200934,0.13144921390250866,0.09894336144775338,0.033043334668529344,0.13859344858355388,0.7939634439814156,-5.828879054487298,0.014807484037184182
0154GBO,October,screened,6520.8,3.4,10,3,111.363,0.877,0.0,0.8436428098002926,5,1,False,0.6363924509777259,0.6573483135706494,0.17674586265791206,0.15457343927926756,0.05526200843275656,0.09534069421670091,2.426950978610633,-6.021556192359712,0.02298307013054246
