parameter,min,median,max,n
p1_W,3692.4000000000005,6371.0,7385.0,16
p2_W,0.0,0.0,3.4,16
t1_amp_min,7.0,14.0,19.0,16
n_regions,2.0,3.0,3.0,16
on_minutes_per_day,67.0095,119.4495,319.5825,16
occasional_use,0.107,0.758,1.0,16
ratio_daily_max,0.5947827248945515,0.9936160498793913,1.1141124941007852,16
n_pass,2.0,4.0,5.0,16
n_pass_holdout,0.0,2.0,4.0,16
NRMSE,0.09894336144775338,0.1507320181532138,0.24588200444124875,16
err_E_pct,-6.215153931956282,2.0222530023433976,4.9947441917537185,16
err_P_pct,-30.286301726780927,-6.040088806895328,-2.371960141648826,16
cv_E_sim,0.13144921390250866,0.18526568329828252,0.2694954108588887,16
