season,kind,slot_0,slot_1,slot_2,slot_3,slot_4,slot_5,slot_6,slot_7,slot_8,slot_9,slot_10,slot_11,slot_12,slot_13,slot_14,slot_15,slot_16,slot_17,slot_18,slot_19,slot_20,slot_21,slot_22,slot_23,slot_24,slot_25,slot_26,slot_27,slot_28,slot_29,slot_30,slot_31,slot_32,slot_33,slot_34,slot_35,slot_36,slot_37,slot_38,slot_39,slot_40,slot_41,slot_42,slot_43,slot_44,slot_45,slot_46,slot_47,slot_48,slot_49,slot_50,slot_51,slot_52,slot_53,slot_54,slot_55,slot_56,slot_57,slot_58,slot_59,slot_60,slot_61,slot_62,slot_63,slot_64,slot_65,slot_66,slot_67,slot_68,slot_69,slot_70,slot_71,slot_72,slot_73,slot_74,slot_75,slot_76,slot_77,slot_78,slot_79,slot_80,slot_81,slot_82,slot_83,slot_84,slot_85,slot_86,slot_87,slot_88,slot_89,slot_90,slot_91,slot_92,slot_93,slot_94,slot_95
Dry season,select,2.1724137931034484,2.4482758620689653,2.1724137931034484,2.1379310344827585,1.793103448275862,1.7586206896551724,2.1379310344827585,1.7586206896551724,2.103448275862069,1.9655172413793105,2.3448275862068964,2.103448275862069,1.793103448275862,1.793103448275862,2.103448275862069,1.7586206896551724,1.896551724137931,1.896551724137931,1.7241379310344829,1.7586206896551724,1.9310344827586208,2.1379310344827585,1.9655172413793105,1.896551724137931,1.9310344827586208,1.9655172413793105,1.793103448275862,9.241379310344827,49.13793103448276,55.10344827586207,89.93103448275862,90.48275862068964,190.24137931034485,356.0,554.8275862068965,493.2068965517241,411.1034482758621,452.6206896551725,257.41379310344826,285.3103448275862,321.2413793103448,503.3793103448276,338.3448275862069,280.58620689655174,313.0,417.86206896551727,389.0344827586207,294.13793103448273,211.89655172413796,43.206896551724135,425.5172413793104,356.41379310344826,235.86206896551724,350.58620689655174,403.3103448275862,296.58620689655174,269.7586206896552,297.2068965517241,172.3793103448276,189.8275862068965,327.1034482758621,277.4482758620689,513.7931034482758,380.7586206896552,254.86206896551724,253.06896551724137,427.4051724137931,390.8448275862069,495.4568965517241,627.448275862069,777.1034482758621,624.6206896551724,706.3448275862069,514.4827586206897,431.6206896551725,505.3448275862069,372.2413793103448,288.62068965517244,345.3448275862069,21.03448275862069,131.58620689655172,176.48275862068965,211.41379310344828,51.689655172413794,15.758620689655173,34.13793103448276,3.0689655172413794,2.5517241379310347,2.310344827586207,3.103448275862069,2.6206896551724137,3.4482758620689653,2.5517241379310347,2.7241379310344827,2.689655172413793,2.310344827586207
Dry season,holdout,1.90625,1.78125,2.15625,1.625,2.25,2.03125,1.875,2.03125,2.25,1.90625,2.0625,1.8125,2.0625,2.03125,1.59375,1.75,1.625,1.53125,1.46875,1.625,1.375,1.375,1.40625,1.25,1.71875,1.625,1.53125,1.25,10.78125,19.65625,92.84375,140.5625,337.296875,172.71875,293.046875,343.84375,479.8125,309.34375,332.15625,196.53125,271.125,454.0,513.03125,219.34375,303.84375,206.625,380.875,294.71875,241.3125,190.8125,191.1875,98.65625,351.4375,187.5,215.5,204.03125,330.96875,193.21875,288.875,337.59375,361.96875,351.71875,543.9375,669.09375,435.140625,322.75,282.3125,568.125,753.28125,792.734375,561.375,672.515625,816.59375,332.09375,410.28125,425.90625,292.4375,244.0625,293.65625,333.5625,59.71875,83.375,59.78125,3.0,53.03125,106.0,54.65625,35.25,50.09375,2.34375,2.59375,2.34375,2.34375,2.53125,2.40625,2.1875
Dry season,full,2.0327868852459017,2.098360655737705,2.1639344262295084,1.8688524590163933,2.0327868852459017,1.901639344262295,2.0,1.901639344262295,2.180327868852459,1.9344262295081969,2.19672131147541,1.9508196721311477,1.9344262295081969,1.9180327868852456,1.836065573770492,1.7540983606557377,1.7540983606557377,1.7049180327868851,1.5901639344262295,1.6885245901639343,1.639344262295082,1.7377049180327868,1.6721311475409837,1.5573770491803278,1.819672131147541,1.786885245901639,1.6557377049180328,5.049180327868853,29.016393442622952,36.50819672131148,91.45901639344262,116.75409836065572,267.38524590163934,259.8524590163934,417.5,414.8524590163934,447.1475409836066,377.4590163934426,296.62295081967216,238.7377049180328,294.9508196721312,477.4754098360656,429.9836065573771,248.45901639344265,308.1967213114754,307.04918032786884,384.75409836065575,294.44262295081967,227.327868852459,120.63934426229508,302.59016393442624,221.1967213114754,296.4918032786885,265.0327868852459,304.78688524590166,248.0327868852459,301.8688524590164,242.65573770491804,233.4918032786885,267.344262295082,345.39344262295083,316.40983606557376,529.6065573770492,532.016393442623,349.4344262295082,289.62295081967216,351.2909836065574,483.844262295082,630.7090163934427,714.155737704918,663.9344262295082,649.7459016393443,764.1803278688525,418.8032786885246,420.4262295081968,463.672131147541,330.37704918032784,265.24590163934425,318.2295081967213,184.98360655737704,93.88524590163937,127.63934426229508,131.86885245901638,26.14754098360656,35.31147540983606,71.8360655737705,30.131147540983605,19.704918032786885,27.37704918032787,2.7049180327868854,2.6065573770491803,2.8688524590163933,2.442622950819672,2.622950819672131,2.540983606557377,2.2459016393442623
May,select,0.0,0.0,0.0,0.0,0.0,0.0,0.0,0.0,0.0,0.0,0.0,0.0,0.0,0.0,0.0,0.0,0.0,0.0,0.0,0.0,0.2857142857142857,0.0,0.7142857142857143,0.7142857142857143,0.7142857142857143,0.0,0.0,0.0,199.0,296.7142857142857,14.285714285714286,0.0,568.5714285714286,1003.8571428571428,529.7142857142857,574.2857142857143,509.0,219.8571428571429,0.0,416.57142857142856,84.57142857142857,226.0,214.0,140.71428571428572,183.7142857142857,580.4285714285714,421.7142857142857,553.7142857142857,83.14285714285714,334.0,0.0,94.28571428571428,58.42857142857143,341.42857142857144,199.14285714285717,14.857142857142858,0.0,78.14285714285714,324.57142857142856,549.4285714285714,0.0,223.28571428571428,0.0,107.42857142857144,605.1428571428571,771.1428571428571,219.42857142857144,401.4285714285714,402.1428571428572,515.8571428571429,138.85714285714286,304.1428571428572,86.71428571428571,435.7142857142857,112.28571428571428,427.4285714285714,254.7142857142857,365.1428571428572,369.1428571428572,7.857142857142857,241.7142857142857,443.57142857142856,389.0,0.0,206.14285714285717,10.571428571428571,28.857142857142858,5.0,0.0,0.0,0.0,0.0,0.0,0.0,0.0,0.0
May,holdout,0.0,0.0,0.0,0.0,0.0,0.0,0.0,0.0,0.0,0.0,0.0,0.0,0.0,0.0,0.0,0.0,0.0,0.0,0.0,0.0,0.0,0.0,0.0,0.0,0.0,0.0,0.0,0.0,0.0,0.0,0.0,0.0,0.0,435.6923076923077,286.61538461538464,262.3076923076923,408.9230769230769,390.0,513.8461538461538,0.0,0.0,0.0,94.92307692307692,514.6153846153846,470.9230769230769,178.92307692307693,430.7692307692308,482.7692307692308,767.2307692307693,329.53846153846155,383.6923076923077,357.6923076923077,86.46153846153847,696.7692307692307,422.7692307692308,373.38461538461536,320.46153846153845,780.1538461538462,140.76923076923077,254.6153846153846,244.92307692307693,258.9230769230769,71.53846153846153,143.07692307692307,480.1538461538461,292.7692307692308,60.76923076923077,233.3846153846154,701.8461538461538,524.1538461538462,632.0,374.46153846153845,337.6923076923077,1370.1538461538462,533.8461538461538,861.3846153846154,251.69230769230768,1312.0,786.3076923076923,190.92307692307693,530.0,278.7692307692308,1.2307692307692308,0.0,0.0,250.15384615384616,106.6153846153846,0.0,0.0,0.0,0.0,0.0,0.0,0.0,0.0,0.0
May,full,0.0,0.0,0.0,0.0,0.0,0.0,0.0,0.0,0.0,0.0,0.0,0.0,0.0,0.0,0.0,0.0,0.0,0.0,0.0,0.0,0.1481481481481481,0.0,0.3703703703703703,0.3703703703703703,0.3703703703703703,0.0,0.0,0.0,103.1851851851852,153.85185185185185,7.407407407407407,0.0,294.81481481481484,730.2962962962963,412.6666666666667,424.0740740740741,460.8148148148149,301.77777777777777,247.40740740740745,216.0,43.851851851851855,117.1851851851852,156.66666666666666,320.7407407407408,322.0,387.1111111111111,426.0740740740741,519.5555555555555,412.5185185185185,331.85185185185185,184.74074074074076,221.11111111111111,71.92592592592592,512.5185185185185,306.81481481481484,187.4814814814815,154.2962962962963,416.14814814814815,236.07407407407408,407.4814814814815,117.92592592592592,240.44444444444449,34.44444444444444,124.5925925925926,544.9629629629629,540.8148148148148,143.03703703703704,320.51851851851853,546.4444444444445,519.8518518518518,376.2962962962963,338.0,207.55555555555557,885.6296296296297,315.25925925925924,636.3703703703703,253.25925925925927,821.0370370370371,570.0,96.0,380.5185185185185,364.22222222222223,202.2962962962963,0.0,106.88888888888889,125.92592592592592,66.29629629629629,2.592592592592593,0.0,0.0,0.0,0.0,0.0,0.0,0.0,0.0
Rainy season,select,0.0,0.0,0.0,0.0,0.0,0.0,0.0,0.0,0.0,0.0,0.0,0.0,0.0,0.0,0.0,0.0,0.0,0.0,0.0,0.0,0.0,0.0,0.0,0.0,0.0,0.0,0.0,0.0,0.0,0.1395348837209302,12.511627906976743,73.48837209302326,160.88372093023256,403.0232558139535,264.5581395348837,63.44186046511628,213.3023255813953,365.48837209302326,105.76744186046513,0.0,104.18604651162792,253.02325581395348,166.2325581395349,348.3255813953488,102.51162790697674,194.74418604651163,55.627906976744185,161.95348837209303,101.02325581395348,22.79069767441861,77.20930232558139,239.4883720930233,244.1860465116279,248.51162790697677,104.13953488372093,18.186046511627907,138.27906976744185,89.02325581395348,79.90697674418605,118.0,38.372093023255815,145.58139534883722,70.04651162790698,181.46976744186043,342.10232558139535,292.92093023255813,153.27441860465115,481.1162790697674,306.2325581395349,659.3488372093024,811.3953488372093,720.9302325581396,384.9302325581396,441.7674418604651,473.8139534883721,603.0697674418604,702.8372093023256,537.3023255813954,554.6046511627907,359.48837209302326,159.2093023255814,180.88372093023256,158.51162790697674,20.13953488372093,41.76744186046512,0.0,32.93023255813954,6.0,0.0,0.0,0.0,19.25581395348837,0.0,24.0,40.55813953488372,38.74418604651163
Rainy season,holdout,0.0,0.0,0.0,0.0,0.0,0.0,0.0,0.0,0.0,0.0,0.0,0.0,0.0,0.0,0.0,0.0,0.0,0.0,0.0,0.0,0.0,0.0,0.0,0.0,0.0,0.0,0.0,0.0,0.0,0.0,77.17948717948718,62.51282051282051,246.3589743589744,130.35897435897436,211.3846153846154,229.1794871794872,295.4871794871795,138.25641025641025,86.76923076923077,206.4102564102564,124.82051282051282,172.0,17.17948717948718,166.51282051282053,242.56410256410257,136.35897435897436,0.0,18.512820512820515,60.56410256410256,105.28205128205128,164.2051282051282,120.51282051282053,80.15384615384616,232.6153846153846,144.87179487179486,113.07692307692308,105.43589743589745,291.64102564102564,58.20512820512821,0.0,9.948717948717947,16.102564102564102,199.64102564102564,144.97435897435898,300.87179487179486,170.87179487179486,399.6410256410256,353.38461538461536,265.12820512820514,450.0512820512821,651.5897435897435,819.7435897435897,857.2307692307693,797.1282051282051,794.7179487179487,510.71794871794873,292.7179487179488,684.6153846153846,497.4358974358975,756.5128205128206,459.8974358974359,218.51282051282053,159.28205128205127,97.28205128205128,19.17948717948718,43.43589743589744,0.0,7.846153846153846,0.0,0.0,0.0,0.0,0.0,0.0,0.0,0.0
Rainy season,full,0.0,0.0,0.0,0.0,0.0,0.0,0.0,0.0,0.0,0.0,0.0,0.0,0.0,0.0,0.0,0.0,0.0,0.0,0.0,0.0,0.0,0.0,0.0,0.0,0.0,0.0,0.0,0.0,0.0,0.073170731707317,43.26829268292683,68.26829268292683,201.53658536585365,273.3414634146341,239.26829268292684,142.26829268292684,252.390243902439,257.4146341463415,96.73170731707316,98.17073170731707,114.0,214.4878048780488,95.34146341463416,261.8536585365854,169.1219512195122,166.97560975609755,29.170731707317078,93.73170731707316,81.78048780487805,62.02439024390244,118.58536585365852,182.90243902439025,166.17073170731706,240.9512195121951,123.51219512195122,63.31707317073171,122.65853658536584,185.390243902439,69.58536585365853,61.8780487804878,24.853658536585368,84.0,131.6829268292683,164.11219512195123,322.4926829268293,234.8731707317073,270.44878048780487,420.3658536585366,286.6829268292683,559.8048780487804,735.390243902439,767.9268292682926,609.560975609756,610.780487804878,626.439024390244,559.1463414634146,507.780487804878,607.3658536585366,527.4146341463414,548.3170731707318,302.219512195122,198.78048780487805,158.8780487804878,56.829268292682926,31.02439024390244,20.65853658536585,17.26829268292683,6.878048780487805,0.0,0.0,0.0,10.097560975609756,0.0,12.585365853658535,21.26829268292683,20.317073170731707
October,select,4.315789473684211,4.315789473684211,4.315789473684211,4.315789473684211,4.315789473684211,4.315789473684211,4.315789473684211,4.421052631578948,4.315789473684211,4.315789473684211,4.315789473684211,4.315789473684211,4.315789473684211,4.315789473684211,4.315789473684211,4.421052631578948,4.315789473684211,4.315789473684211,4.315789473684211,4.315789473684211,4.315789473684211,4.315789473684211,4.315789473684211,4.315789473684211,4.315789473684211,4.315789473684211,4.421052631578948,4.421052631578948,4.421052631578948,4.526315789473684,4.526315789473684,4.421052631578948,102.94736842105264,8.210526315789474,3.8947368421052633,4.0,148.10526315789474,1120.421052631579,1276.7368421052631,947.6842105263158,1440.2105263157894,1191.7894736842106,1323.4736842105262,885.4736842105264,1274.0,914.842105263158,594.2105263157895,852.5263157894736,991.0526315789474,656.3157894736842,433.2631578947368,476.7368421052632,1012.7368421052632,400.2105263157895,54.31578947368421,99.15789473684212,366.8421052631579,929.0526315789474,492.0,457.7894736842105,1169.6842105263158,1788.6315789473683,1183.157894736842,1292.5263157894738,1515.157894736842,1287.578947368421,1489.7894736842106,1223.6842105263158,746.9473684210526,437.3684210526316,149.26315789473685,430.0,300.5263157894737,165.57894736842104,611.1578947368421,136.31578947368422,244.8421052631579,288.2105263157895,116.0,165.89473684210526,268.94736842105266,4.105263157894737,68.73684210526316,4.526315789473684,4.421052631578948,4.421052631578948,4.526315789473684,4.526315789473684,4.631578947368421,4.631578947368421,4.631578947368421,4.7368421052631575,4.7368421052631575,4.631578947368421,4.631578947368421,4.421052631578948
October,holdout,3.3684210526315788,3.3684210526315788,3.3684210526315788,3.3684210526315788,3.3684210526315788,3.3684210526315788,3.3684210526315788,3.3684210526315788,3.3684210526315788,3.3684210526315788,3.3684210526315788,3.3684210526315788,3.263157894736842,3.263157894736842,3.263157894736842,3.263157894736842,3.263157894736842,3.263157894736842,3.263157894736842,3.263157894736842,3.263157894736842,3.263157894736842,3.263157894736842,3.3684210526315788,3.263157894736842,3.263157894736842,3.473684210526316,3.5789473684210527,3.3684210526315788,3.0526315789473686,2.8421052631578947,2.8421052631578947,110.3157894736842,141.57894736842104,28.31578947368421,208.73684210526315,525.578947368421,595.3684210526316,1260.5263157894738,926.5263157894736,884.421052631579,596.0,361.4736842105263,227.8947368421053,653.7894736842105,271.05263157894734,499.578947368421,1170.0,742.3157894736842,349.89473684210526,461.05263157894734,520.9473684210526,118.63157894736842,468.10526315789474,642.9473684210526,1.6842105263157894,51.1578947368421,868.7368421052631,857.578947368421,235.47368421052636,102.63157894736842,470.0,624.6315789473684,1167.6842105263158,1255.578947368421,1028.1052631578948,1108.1052631578948,1153.157894736842,976.0,617.2631578947369,121.89473684210526,168.8421052631579,360.3157894736842,355.2631578947368,432.9473684210527,433.05263157894734,337.57894736842104,193.68421052631575,125.89473684210526,2.1052631578947367,2.8421052631578947,2.9473684210526314,3.263157894736842,3.263157894736842,3.263157894736842,3.263157894736842,100.3157894736842,3.473684210526316,3.473684210526316,3.263157894736842,3.263157894736842,3.263157894736842,3.263157894736842,3.263157894736842,3.263157894736842,3.263157894736842
October,full,3.842105263157895,3.842105263157895,3.842105263157895,3.842105263157895,3.842105263157895,3.842105263157895,3.842105263157895,3.8947368421052633,3.842105263157895,3.842105263157895,3.842105263157895,3.842105263157895,3.789473684210526,3.789473684210526,3.789473684210526,3.842105263157895,3.789473684210526,3.789473684210526,3.789473684210526,3.789473684210526,3.789473684210526,3.789473684210526,3.789473684210526,3.842105263157895,3.789473684210526,3.789473684210526,3.947368421052632,4.0,3.8947368421052633,3.789473684210526,3.684210526315789,3.631578947368421,106.63157894736842,74.89473684210526,16.105263157894736,106.36842105263158,336.8421052631579,857.8947368421053,1268.6315789473683,937.1052631578948,1162.3157894736842,893.8947368421053,842.4736842105264,556.6842105263158,963.8947368421052,592.9473684210526,546.8947368421053,1011.2631578947368,866.6842105263158,503.10526315789474,447.1578947368421,498.8421052631579,565.6842105263158,434.1578947368421,348.63157894736844,50.42105263157895,209.0,898.8947368421053,674.7894736842105,346.63157894736844,636.1578947368421,1129.3157894736842,903.8947368421052,1230.1052631578948,1385.3684210526317,1157.842105263158,1298.9473684210527,1188.421052631579,861.4736842105264,527.3157894736842,135.57894736842104,299.42105263157896,330.42105263157896,260.42105263157896,522.0526315789474,284.6842105263158,291.2105263157895,240.94736842105263,120.94736842105264,84.0,135.89473684210526,3.526315789473684,36.0,3.8947368421052633,3.842105263157895,3.842105263157895,52.42105263157895,4.0,4.052631578947368,3.947368421052632,3.947368421052632,4.0,4.0,3.947368421052632,3.947368421052632,3.842105263157895
Dry season,sim_select,1.401639344262293,1.401639344262293,1.401639344262293,1.401639344262293,1.401639344262293,1.401639344262293,1.401639344262293,1.401639344262293,1.401639344262293,1.401639344262293,1.401639344262293,1.401639344262293,1.401639344262293,1.401639344262293,1.401639344262293,1.401639344262293,1.401639344262293,1.401639344262293,1.401639344262293,1.401639344262293,1.401639344262293,1.401639344262293,1.401639344262293,1.401639344262293,1.401639344262293,1.401639344262293,1.401639344262293,1.401639344262293,1.401639344262293,1.401639344262293,305.6632351369863,284.08100683091726,210.9266408658651,209.2904072878754,144.61344560450286,197.9457659480522,543.5243242734061,555.8682420885996,474.2659353961511,453.82739739142517,398.5401193535007,375.84616159471165,466.18015028148983,313.3044021721984,285.7247724463211,314.2571463996511,318.0300803852478,313.59278064162237,256.88406666615856,1.401639344262293,308.9369377666907,241.16310808178133,182.80186638786716,124.79802102621504,115.51584128391168,223.66742194187896,533.7596625190454,547.5513317766139,427.9671009109522,373.23468741153647,242.32330890757277,248.92640024972957,307.5773297253787,342.0675362817423,278.7713671627365,210.3655730513714,347.0138935905528,381.28762958674247,265.5420739274085,205.7032249129415,179.90216611087206,354.52440094361816,713.2473382895756,714.3171929312994,616.5735109232792,549.7904755189849,546.207838381911,414.9972657724069,388.23761016474356,399.82105356114954,428.925613644808,393.2036277268165,283.10642046802343,1.401639344262293,1.401639344262293,1.401639344262293,1.401639344262293,1.401639344262293,1.401639344262293,1.401639344262293,1.401639344262293,1.401639344262293,1.401639344262293,1.401639344262293,1.401639344262293,1.401639344262293
May,sim_select,0.0,0.0,0.0,0.0,0.0,0.0,0.0,0.0,0.0,0.0,0.0,0.0,0.0,0.0,0.0,0.0,0.0,0.0,0.0,0.0,0.0,0.0,0.0,0.0,0.0,0.0,0.0,0.0,434.2518633934331,414.70273875274563,648.1121316859967,835.8060745244098,715.6625988130548,686.6078876539675,541.5755005552813,393.0917174926748,232.39973503912444,117.86044844718603,234.2451050049346,360.48918040674926,259.1102289386917,245.43965896090162,261.7016252454297,246.6816435695991,249.11206377914777,259.9290131339259,249.54517656297838,251.81130798001217,255.65434849464768,264.3313829407664,241.98884200596612,245.56295266581702,258.8689786493198,253.24419573223082,251.8495153591456,247.02910601629802,241.72758923043745,240.09383018743512,271.1913889497474,224.75044288083842,188.0373776776889,187.0192159316838,0.0,81.72682149465558,87.68968474876921,153.01428285034586,186.43444441464916,152.0775827296163,146.82913152741463,159.59324863567693,151.88038918266977,149.76591212581968,152.6327314014386,156.14950689060035,148.86491106362072,155.09726479524596,156.04577156368958,151.9312271218776,154.07032291310412,156.27783851665984,147.6157956360501,149.82909162645473,161.33746534786846,153.458707495715,115.4338607970619,89.4768209189988,0.0,0.0,0.0,0.0,0.0,0.0,0.0,0.0,0.0,0.0
Rainy season,sim_select,0.0,0.0,0.0,0.0,0.0,0.0,0.0,0.0,0.0,0.0,0.0,0.0,0.0,0.0,0.0,0.0,0.0,0.0,0.0,0.0,0.0,0.0,0.0,0.0,0.0,0.0,0.0,0.0,0.0,0.0,0.0,0.0,208.19929484506298,142.41377388069742,107.5956420103945,77.85231068442457,92.70919688060533,339.49036198995043,336.1185457914777,285.7223365857891,266.54932301435696,151.39814524567302,168.69383232924864,197.2406860243713,181.40607480153153,165.7917121139612,0.0,97.89923419593353,95.66422572528624,98.36645550082854,98.6838987145867,110.86376386919919,199.86725248628022,180.62908703958536,176.5118556912425,188.37342930620983,163.19435471326128,130.17957350897976,0.0,0.0,0.0,330.69498198347503,288.9436700496741,217.80751995273286,161.32400884724385,204.89844416446422,567.5572116250835,635.8434637720859,508.46137902021803,424.61037319390687,395.7336404251018,416.0912666209404,411.49862909963696,460.9854685458846,434.17941163984204,403.7870066849378,463.21406902153547,506.04422248053805,330.2145810320659,316.79652861756045,313.27224191293783,345.91055267184834,294.18945056314135,0.0,0.0,0.0,0.0,0.0,0.0,0.0,0.0,0.0,0.0,0.0,0.0,0.0
October,sim_select,3.1736842105263094,3.1736842105263094,3.1736842105263094,3.1736842105263094,3.1736842105263094,3.1736842105263094,3.1736842105263094,3.1736842105263094,3.1736842105263094,3.1736842105263094,3.1736842105263094,3.1736842105263094,3.1736842105263094,3.1736842105263094,3.1736842105263094,3.1736842105263094,3.1736842105263094,3.1736842105263094,3.1736842105263094,3.1736842105263094,3.1736842105263094,3.1736842105263094,3.1736842105263094,3.1736842105263094,3.1736842105263094,3.1736842105263094,3.1736842105263094,3.1736842105263094,3.1736842105263094,3.1736842105263094,3.1736842105263094,3.1736842105263094,3.1736842105263094,3.1736842105263094,3.1736842105263094,3.1736842105263094,325.32482909553147,602.5295545288678,848.7515425354679,812.7686468849427,793.7211562743211,803.6766982433185,818.2127966081623,788.5828251997358,843.1651752686663,788.4967348319964,826.7728802651669,811.2586619287983,776.4127281258217,828.2007303473283,772.430595072374,761.9125840700376,867.167252619866,685.6524950847513,379.56245107584715,3.1736842105263094,505.5733227126125,1285.068367895158,1544.1223878114015,1527.5241008683774,1529.4316768012445,1503.4425997224248,1502.1876135768825,1484.7717711416183,1465.1887547478716,1591.814241316875,1415.0747286694873,646.835960776885,264.11181528571154,237.22564536809332,322.56411930620413,293.0662399594466,251.61302090163645,262.98848925083263,250.96505237624746,251.0960520266323,182.96643903633947,188.75791167269665,3.1736842105263094,3.1736842105263094,3.1736842105263094,3.1736842105263094,3.1736842105263094,3.1736842105263094,3.1736842105263094,3.1736842105263094,3.1736842105263094,3.1736842105263094,3.1736842105263094,3.1736842105263094,3.1736842105263094,3.1736842105263094,3.1736842105263094,3.1736842105263094,3.1736842105263094,3.1736842105263094
