date,p_peak,p_mean,lf,hour_of_peak_min,ratio_day_night,entropy
2024-10-01 00:00:00+00:00,1.0,0.11857014943806349,0.11857014943806349,600,11.382734346054095,0.8404564979312737
2024-10-02 00:00:00+00:00,1.0,0.07234414758269721,0.07234414758269721,885,6.945038167938932,0.7150111167870298
2024-10-03 00:00:00+00:00,1.0,0.09449865757951259,0.09449865757951259,825,9.071871127633209,0.6991915372646279
2024-10-04 00:00:00+00:00,1.0,0.09115646258503403,0.09115646258503403,900,8.751020408163267,0.7515033008137426
2024-10-05 00:00:00+00:00,1.0,0.16364283173247954,0.16364283173247954,705,15.709711846318037,0.9865106799041128
2024-10-06 00:00:00+00:00,1.0,0.10748307846578091,0.10748307846578091,900,10.112232340634998,0.8494465626953919
2024-10-07 00:00:00+00:00,1.0,0.05892293439472962,0.05892293439472962,855,5.1689137624014245,0.6951200490278168
2024-10-08 00:00:00+00:00,1.0,0.12476244773850247,0.12476244773850247,675,11.177402097153863,1.082334618413754
2024-10-09 00:00:00+00:00,1.0,0.11077443225312582,0.11077443225312582,525,9.837889232231996,0.8422311964534308
2024-10-10 00:00:00+00:00,1.0,0.12938176007866273,0.12938176007866273,945,11.366403914107094,1.0648850696791745
2024-10-11 00:00:00+00:00,1.0,0.09959373299121377,0.09959373299121377,645,8.891850557133495,0.7843288859046382
2024-10-12 00:00:00+00:00,1.0,0.10278927572389808,0.10278927572389808,930,9.402952670429874,0.8531321994485256
2024-10-13 00:00:00+00:00,1.0,0.21174059636219592,0.21174059636219592,705,10.025376328018147,1.8531731699675724
2024-10-14 00:00:00+00:00,1.0,0.10310906987309802,0.10310906987309802,630,9.057195847278773,0.8836561704324584
2024-10-15 00:00:00+00:00,1.0,0.08682128638110927,0.08682128638110927,870,7.759984540066992,0.6386112921973928
2024-10-16 00:00:00+00:00,1.0,0.18810640362225092,0.18810640362225092,915,16.68547418967587,1.1780601436858844
2024-10-17 00:00:00+00:00,1.0,0.1176023155627356,0.1176023155627356,855,10.405397301349325,0.8746661056683402
2024-10-18 00:00:00+00:00,1.0,0.08977609943568787,0.08977609943568787,915,8.030693340641273,0.7370627345520772
2024-10-19 00:00:00+00:00,1.0,0.12893748001279182,0.12893748001279182,600,11.442891136228434,0.9332166015392084
2024-10-20 00:00:00+00:00,1.0,0.16337999535315986,0.16337999535315986,615,14.52984429065744,1.1726608040707138
2024-10-21 00:00:00+00:00,1.0,0.060709932967702614,0.060709932967702614,870,5.34305123124823,0.7425132360496244
2024-10-22 00:00:00+00:00,1.0,0.058926656507506496,0.058926656507506496,900,5.148889583984985,0.5675379582394924
2024-10-23 00:00:00+00:00,1.0,0.09040523283440248,0.09040523283440248,660,7.8987549148099605,0.8910033967359746
2024-10-24 00:00:00+00:00,1.0,0.09156661239994572,0.09156661239994572,885,8.005990265818046,0.728072669787959
2024-10-25 00:00:00+00:00,1.0,0.14792200268325406,0.14792200268325406,855,12.954652334565,1.169121240804143
2024-10-26 00:00:00+00:00,1.0,0.17869281045751637,0.17869281045751637,825,15.580945558739254,1.100550965164337
2024-10-27 00:00:00+00:00,1.0,0.13734417783542296,0.13734417783542296,780,11.973507315144325,1.1663957269087102
2024-10-28 00:00:00+00:00,1.0,0.06284063383124748,0.06284063383124748,660,5.449463161791929,0.5451142727174044
2024-10-29 00:00:00+00:00,1.0,0.033696274589059556,0.033696274589059556,660,2.8475945648182157,0.3313360592715472
2024-10-30 00:00:00+00:00,1.0,0.03589363504356244,0.03589363504356244,540,2.9865451388888884,0.2165269055341737
2024-10-31 00:00:00+00:00,1.0,0.01763930102209034,0.01763930102209034,660,1.4076038903625108,0.17339243247561953
2024-11-01 00:00:00+00:00,1.0,0.05125815470643056,0.05125815470643056,915,4.920782851817334,0.3741270911720005
2024-11-02 00:00:00+00:00,1.0,0.037742094114086855,0.037742094114086855,720,3.378761822871883,0.34577662553321276
2024-11-03 00:00:00+00:00,1.0,0.06805176595422162,0.06805176595422162,990,5.786153215895125,0.5252232049581915
2024-11-04 00:00:00+00:00,1.0,0.10681576374511159,0.10681576374511159,555,9.403508771929825,1.0624435506545409
2024-11-05 00:00:00+00:00,1.0,0.13602659778032913,0.13602659778032913,630,9.453898690950485,1.0360039371558436
2024-11-06 00:00:00+00:00,1.0,0.03536361063950198,0.03536361063950198,615,3.0258164852255054,0.3741270911720005
2024-11-07 00:00:00+00:00,1.0,0.49583333333333335,0.49583333333333335,0,0.012499999999999999,0.7437795893433412
2024-11-08 00:00:00+00:00,1.0,0.017370892018779345,0.017370892018779345,645,1.2833031946955997,0.17339243247561953
2024-11-09 00:00:00+00:00,1.0,0.40277777777777785,0.40277777777777785,1215,0.030303030303030304,0.8787534628911303
2024-11-10 00:00:00+00:00,1.0,0.3975694444444445,0.3975694444444445,1215,0.05381165919282511,0.8276914247246031
2024-11-11 00:00:00+00:00,1.0,0.057650944114511965,0.057650944114511965,795,4.99748427672956,0.6018695922603707
2024-11-12 00:00:00+00:00,1.0,0.5208333333333334,0.5208333333333334,1125,0.21428571428571427,1.041127325851019
2024-11-13 00:00:00+00:00,1.0,0.04319031662781663,0.04319031662781663,990,3.714895888948211,0.27398871798707325
2024-11-14 00:00:00+00:00,1.0,0.11187848050914877,0.11187848050914877,885,9.506621102093122,0.8964538982335221
2024-11-15 00:00:00+00:00,1.0,0.051621811302331254,0.051621811302331254,960,4.470904809956273,0.5026783926754541
2024-11-16 00:00:00+00:00,1.0,0.08486567048621864,0.08486567048621864,570,7.516724336793541,0.6716894180020333
2024-11-17 00:00:00+00:00,1.0,0.07806118728121353,0.07806118728121353,1020,6.9663474692202465,0.7150111167870297
2024-11-18 00:00:00+00:00,1.0,0.09744867149758456,0.09744867149758456,495,8.604032483898067,0.6861299842636988
2024-11-19 00:00:00+00:00,1.0,0.0810518143184047,0.0810518143184047,855,7.073639915840097,0.728072669787959
2024-11-20 00:00:00+00:00,1.0,0.06956585081585082,0.06956585081585082,795,6.150056625141562,0.7005705505253642
2024-11-21 00:00:00+00:00,1.0,0.11802455357142856,0.11802455357142856,510,10.53892897835169,1.1082067684641712
2024-11-22 00:00:00+00:00,1.0,0.057759439231456655,0.057759439231456655,945,3.9923312883435584,0.4312416456728159
2024-11-23 00:00:00+00:00,1.0,0.11034491921768708,0.11034491921768708,945,7.875976562499998,0.9613095032383332
2024-11-24 00:00:00+00:00,1.0,0.1033266129032258,0.1033266129032258,600,7.41395793499044,1.0902266389359347
2024-11-25 00:00:00+00:00,1.0,0.08494918699186992,0.08494918699186992,930,6.336982017200939,0.7569538023112901
2024-11-26 00:00:00+00:00,1.0,0.07965916197623514,0.07965916197623514,555,6.058192955589585,0.7280726697879589
2024-11-27 00:00:00+00:00,1.0,0.11186552151036828,0.11186552151036828,810,8.762934362934363,1.0757860726742694
2024-11-28 00:00:00+00:00,1.0,0.06929930332261523,0.06929930332261523,690,5.780626780626781,0.7425132360496245
2024-11-29 00:00:00+00:00,1.0,0.12096330449301762,0.12096330449301762,975,10.426155115511552,1.0094254306527386
2024-11-30 00:00:00+00:00,1.0,0.046546994274809156,0.046546994274809156,750,3.9066780821917804,0.4456822119344815
2024-12-01 00:00:00+00:00,1.0,0.05124695863746958,0.05124695863746958,765,3.8562874251497,0.48823782641378866
2024-12-02 00:00:00+00:00,1.0,0.07157335444252542,0.07157335444252542,465,6.362412493268713,0.6951200490278169
2024-12-03 00:00:00+00:00,1.0,0.04421768707482993,0.04421768707482993,540,3.784065524944155,0.4030082236953315
2024-12-04 00:00:00+00:00,1.0,0.06219195480740067,0.06219195480740067,645,5.297163995067818,0.7788783844070909
2024-12-05 00:00:00+00:00,1.0,0.05362804573596964,0.05362804573596964,915,4.735885969815539,0.7788783844070909
2024-12-06 00:00:00+00:00,1.0,0.0808699831771209,0.0808699831771209,480,7.763518385003605,0.7226221682904117
2024-12-07 00:00:00+00:00,1.0,0.017072039367537914,0.017072039367537914,570,1.6389157792836397,0.17339243247561953
2024-12-08 00:00:00+00:00,1.0,0.01888394565633372,0.01888394565633372,870,1.812858783008037,0.17339243247561953
2024-12-09 00:00:00+00:00,1.0,0.04279574592074592,0.04279574592074592,735,4.108391608391608,0.34577662553321276
2024-12-10 00:00:00+00:00,1.0,0.04835371880405239,0.04835371880405239,495,4.359859154929578,0.46012277819614705
2024-12-11 00:00:00+00:00,1.0,0.03750900576368876,0.03750900576368876,555,2.879708383961118,0.2165269055341737
2024-12-12 00:00:00+00:00,1.0,0.032643779342723,0.032643779342723,690,2.7628205128205123,0.2884292842487388
2024-12-13 00:00:00+00:00,1.0,0.028361852281515856,0.028361852281515856,705,2.301440329218107,0.2309674717958392
2024-12-14 00:00:00+00:00,1.0,0.01842948717948718,0.01842948717948718,555,1.437684003925417,0.17339243247561953
2024-12-15 00:00:00+00:00,1.0,0.02230691056910569,0.02230691056910569,495,1.949618320610687,0.17339243247561953
2024-12-16 00:00:00+00:00,1.0,0.03603489159891599,0.03603489159891599,915,3.459349593495935,0.2884292842487388
2024-12-17 00:00:00+00:00,1.0,0.03153310684785505,0.03153310684785505,900,3.027178257394085,0.2884292842487388
2024-12-18 00:00:00+00:00,1.0,0.045091711956521736,0.045091711956521736,930,4.328804347826087,0.38856765743366606
2024-12-19 00:00:00+00:00,1.0,0.03122510951812027,0.03122510951812027,900,2.997610513739546,0.2165269055341737
2024-12-20 00:00:00+00:00,1.0,0.04361598440545809,0.04361598440545809,690,3.7369826435246996,0.5026783926754542
2024-12-21 00:00:00+00:00,1.0,0.03327332594780896,0.03327332594780896,660,2.7166230366492146,0.2884292842487388
2024-12-22 00:00:00+00:00,1.0,0.06149088541666667,0.06149088541666667,990,5.545185185185185,0.48823782641378866
2024-12-23 00:00:00+00:00,1.0,0.03151766595289079,0.03151766595289079,855,2.6540330417881437,0.3168954930098817
2024-12-24 00:00:00+00:00,1.0,0.011286953727506427,0.011286953727506427,885,1.083547557840617,0.11570538382845746
2024-12-25 00:00:00+00:00,1.0,0.02872539035980991,0.02872539035980991,825,2.404059040590406,0.2739887179870733
2024-12-26 00:00:00+00:00,1.0,0.029216835656949724,0.029216835656949724,930,2.3429844097995547,0.17339243247561953
2024-12-27 00:00:00+00:00,1.0,0.0640344416386083,0.0640344416386083,780,5.6387802971071155,0.48823782641378866
2024-12-28 00:00:00+00:00,1.0,0.01947944297082228,0.01947944297082228,600,1.6749072929542648,0.17339243247561953
2024-12-29 00:00:00+00:00,1.0,0.04657844009489918,0.04657844009489918,765,3.943729903536978,0.48823782641378866
2024-12-30 00:00:00+00:00,1.0,0.013832338038364098,0.013832338038364098,870,1.2217616580310882,0.11570538382845746
2024-12-31 00:00:00+00:00,1.0,0.015823791348600506,0.015823791348600506,675,1.2000000000000002,0.17339243247561953
2025-01-01 00:00:00+00:00,1.0,0.17500000000000002,0.17500000000000002,0,0.37887323943661966,0.9574319491864764
2025-01-02 00:00:00+00:00,1.0,0.023943163430420713,0.023943163430420713,675,2.2985436893203883,0.17339243247561953
2025-01-03 00:00:00+00:00,1.0,0.02123170443814919,0.02123170443814919,540,1.86,0.17339243247561953
2025-01-04 00:00:00+00:00,1.0,0.06376802481556001,0.06376802481556001,705,5.716318785578747,0.5026783926754542
2025-01-05 00:00:00+00:00,1.0,0.08533025037369207,0.08533025037369207,810,8.191704035874439,0.5819785245011578
2025-01-06 00:00:00+00:00,1.0,0.08333333333333333,0.08333333333333333,1350,0.2857142857142857,0.46201043841398204
2025-01-07 00:00:00+00:00,1.0,0.03376225490196078,0.03376225490196078,960,2.794736842105263,0.2309674717958392
2025-01-08 00:00:00+00:00,1.0,0.04033049738219895,0.04033049738219895,735,3.8717277486910997,0.33133605927154725
2025-01-09 00:00:00+00:00,1.0,0.030314009661835745,0.030314009661835745,525,2.898843930635838,0.34577662553321276
2025-01-10 00:00:00+00:00,1.0,0.04030341163310962,0.04030341163310962,810,3.8691275167785233,0.3741270911720005
2025-01-11 00:00:00+00:00,1.0,0.03831129807692308,0.03831129807692308,870,3.4378563283922463,0.2739887179870733
2025-01-12 00:00:00+00:00,1.0,0.4333333333333333,0.4333333333333333,45,1.6962025316455693,0.8867073139046111
2025-01-13 00:00:00+00:00,1.0,0.01785323709536308,0.01785323709536308,750,1.7139107611548556,0.17339243247561953
2025-01-14 00:00:00+00:00,1.0,0.014915693904020753,0.014915693904020753,1005,1.4319066147859922,0.17339243247561953
2025-01-15 00:00:00+00:00,1.0,0.027396053558844256,0.027396053558844256,945,2.6300211416490487,0.2309674717958392
2025-01-16 00:00:00+00:00,1.0,0.019698844884488448,0.019698844884488448,1005,1.891089108910891,0.11570538382845746
2025-01-17 00:00:00+00:00,1.0,0.07899524209347887,0.07899524209347887,690,7.569153394803019,0.8061248639103954
2025-01-18 00:00:00+00:00,1.0,0.019015885837372105,0.019015885837372105,705,1.534782608695652,0.11570538382845746
2025-01-19 00:00:00+00:00,1.0,0.06055590584279108,0.06055590584279108,630,4.8474025974025965,0.5451142727174044
2025-01-20 00:00:00+00:00,1.0,0.05163788377192983,0.05163788377192983,930,3.0972850678733033,0.530673706455739
2025-01-21 00:00:00+00:00,1.0,0.04354866946778712,0.04354866946778712,1095,1.3003731343283582,0.2739887179870733
2025-01-22 00:00:00+00:00,1.0,0.02434008049242424,0.02434008049242424,1005,2.331914893617021,0.2309674717958392
2025-01-23 00:00:00+00:00,1.0,0.0259163802978236,0.0259163802978236,960,2.4290540540540544,0.2739887179870733
2025-01-24 00:00:00+00:00,1.0,0.06995381689758218,0.06995381689758218,555,6.715566422167889,0.6806794827661514
2025-01-25 00:00:00+00:00,1.0,0.07728747906197654,0.07728747906197654,495,7.086389961389962,0.6937410357670807
2025-01-26 00:00:00+00:00,1.0,0.035850253807106595,0.035850253807106595,825,3.441624365482233,0.34577662553321276
2025-01-27 00:00:00+00:00,1.0,0.02955665024630542,0.02955665024630542,990,2.8374384236453203,0.2884292842487388
2025-01-28 00:00:00+00:00,1.0,0.07279185867895545,0.07279185867895545,465,6.9880184331797235,0.6386112921973928
2025-01-29 00:00:00+00:00,1.0,0.04704773869346734,0.04704773869346734,495,4.4400396432111,0.388567657433666
2025-01-30 00:00:00+00:00,1.0,0.06176750380517504,0.06176750380517504,570,5.929680365296804,0.5595548389790699
2025-01-31 00:00:00+00:00,1.0,0.10557432432432433,0.10557432432432433,870,3.379251700680272,0.7987694521663038
2025-02-01 00:00:00+00:00,1.0,0.0863532484492328,0.0863532484492328,885,4.8876474239602725,0.6806794827661513
2025-02-02 00:00:00+00:00,1.0,0.04827604611443211,0.04827604611443211,1035,3.251288659793815,0.3596865249103349
2025-02-03 00:00:00+00:00,1.0,0.02527794471153846,0.02527794471153846,1020,2.426682692307692,0.2309674717958392
2025-02-04 00:00:00+00:00,1.0,0.041857260145437496,0.041857260145437496,1110,0.9526286966046003,0.38856765743366606
2025-02-05 00:00:00+00:00,1.0,0.027458506823964838,0.027458506823964838,1110,0.7986611740473737,0.2884292842487388
2025-02-06 00:00:00+00:00,1.0,0.048811697653829124,0.048811697653829124,495,3.3116817724068484,0.4456822119344815
2025-02-07 00:00:00+00:00,1.0,0.03354891636141636,0.03354891636141636,570,3.220695970695971,0.431241645672816
2025-02-08 00:00:00+00:00,1.0,0.08698478428351308,0.08698478428351308,525,3.6897217928902633,0.7862337961511825
2025-02-09 00:00:00+00:00,1.0,0.07881928317076946,0.07881928317076946,660,7.566651184393868,0.7933189506687564
2025-02-10 00:00:00+00:00,1.0,0.06867458521870286,0.06867458521870286,810,3.7112774918109497,0.7569538023112901
2025-02-11 00:00:00+00:00,1.0,0.039677822482321386,0.039677822482321386,1065,3.6591070163004957,0.33133605927154725
2025-02-12 00:00:00+00:00,1.0,0.05464467501957713,0.05464467501957713,1020,4.771345875542692,0.5451142727174044
2025-02-13 00:00:00+00:00,1.0,0.06133591684691179,0.06133591684691179,645,4.748495788206979,0.6530518584590582
2025-02-14 00:00:00+00:00,1.0,0.08167719167904904,0.08167719167904904,945,3.561134534304331,0.8132100184279693
2025-02-15 00:00:00+00:00,1.0,0.09209166666666667,0.09209166666666667,1065,4.338975694444445,0.6806794827661513
2025-02-16 00:00:00+00:00,1.0,0.04174209510016896,0.04174209510016896,675,3.2138939670932354,0.4030082236953315
2025-02-17 00:00:00+00:00,1.0,0.041594013368206915,0.041594013368206915,720,2.40487514863258,0.4168010794111504
2025-02-18 00:00:00+00:00,1.0,0.06670850066934404,0.06670850066934404,930,2.9681446405510115,0.4827873249162413
2025-02-19 00:00:00+00:00,1.0,0.04399420024420025,0.04399420024420025,480,2.637755102040816,0.530673706455739
2025-02-20 00:00:00+00:00,1.0,0.04673276983094929,0.04673276983094929,990,2.8813247470101193,0.44568221193448143
2025-02-21 00:00:00+00:00,1.0,0.0413849447825107,0.0413849447825107,600,3.9729546991210274,0.4030082236953315
2025-02-22 00:00:00+00:00,1.0,0.031902706734867864,0.031902706734867864,645,2.9912060301507544,0.2739887179870733
2025-02-23 00:00:00+00:00,1.0,0.057462152209492634,0.057462152209492634,1065,3.231137088204038,0.7005705505253642
2025-02-24 00:00:00+00:00,1.0,0.05177489905787349,0.05177489905787349,900,2.723038187159043,0.5451142727174044
2025-02-25 00:00:00+00:00,1.0,0.13282263294422827,0.13282263294422827,1050,2.473218673218673,0.9089977396892187
2025-02-26 00:00:00+00:00,1.0,0.097642471340388,0.097642471340388,630,9.238250652741515,1.0293164984119512
2025-02-27 00:00:00+00:00,1.0,0.0636843808851224,0.0636843808851224,960,3.2146443514644347,0.6018695922603707
2025-02-28 00:00:00+00:00,1.0,0.04566375968992248,0.04566375968992248,540,4.383720930232558,0.4456822119344815
2025-03-01 00:00:00+00:00,1.0,0.04053124139829342,0.04053124139829342,1005,2.0157841140529533,0.44568221193448143
2025-03-02 00:00:00+00:00,1.0,0.08615258365099536,0.08615258365099536,870,4.265968964272825,0.8494465626953918
2025-03-03 00:00:00+00:00,1.0,0.04295149507305471,0.04295149507305471,810,1.2928832116788322,0.3168954930098816
2025-03-04 00:00:00+00:00,1.0,0.055963671227197344,0.055963671227197344,945,2.1155366372757674,0.5252232049581915
2025-03-05 00:00:00+00:00,1.0,0.06575206320450885,0.06575206320450885,630,6.31219806763285,0.6018695922603708
2025-03-06 00:00:00+00:00,1.0,0.055552950737684424,0.055552950737684424,930,5.3330832708177045,0.7734278829095436
2025-03-07 00:00:00+00:00,1.0,0.0654876741693462,0.0654876741693462,1020,6.171518987341772,0.5451142727174044
2025-03-08 00:00:00+00:00,1.0,0.05549180327868852,0.05549180327868852,570,3.132334047109208,0.6241707259357273
2025-03-09 00:00:00+00:00,1.0,0.06808631270010672,0.06808631270010672,525,2.6692647440893738,0.6585023599566057
2025-03-10 00:00:00+00:00,1.0,0.04933574879227053,0.04933574879227053,1020,2.5696248196248197,0.5171189589371198
2025-03-11 00:00:00+00:00,1.0,0.09816997518610421,0.09816997518610421,690,4.403215434083601,0.8126290069609128
2025-03-12 00:00:00+00:00,1.0,0.014360723964382498,0.014360723964382498,1020,1.285714285714286,0.11570538382845746
2025-03-13 00:00:00+00:00,1.0,0.11194659063036545,0.11194659063036545,945,3.43075215098529,0.9827098587909391
2025-03-14 00:00:00+00:00,1.0,0.062251810324690494,0.062251810324690494,825,3.6259293680297398,0.5026783926754542
2025-03-15 00:00:00+00:00,1.0,0.08854166666666667,0.08854166666666667,945,4.285813148788927,0.878205668934911
2025-03-16 00:00:00+00:00,1.0,0.09650414485165794,0.09650414485165794,435,3.255018990775909,0.6716894180020332
2025-03-17 00:00:00+00:00,1.0,0.07175925925925926,0.07175925925925926,465,2.4164689935615047,0.7425132360496245
2025-03-18 00:00:00+00:00,1.0,0.07270961508124309,0.07270961508124309,825,5.550893550893551,0.7005705505253642
2025-03-19 00:00:00+00:00,1.0,0.0767176341856715,0.0767176341856715,1125,1.671374972412271,0.7933189506687564
2025-03-20 00:00:00+00:00,1.0,0.0348202614379085,0.0348202614379085,645,3.3427450980392157,0.27398871798707325
2025-03-21 00:00:00+00:00,1.0,0.03622083775185578,0.03622083775185578,720,3.4772004241781547,0.44568221193448143
2025-03-22 00:00:00+00:00,1.0,0.08100787918581746,0.08100787918581746,735,3.8678077203204655,0.9378788722125496
2025-03-23 00:00:00+00:00,1.0,0.05517522701475596,0.05517522701475596,975,3.155430711610487,0.4683467586545758
2025-03-24 00:00:00+00:00,1.0,0.05289985590778098,0.05289985590778098,480,4.833394793126336,0.431241645672816
2025-03-25 00:00:00+00:00,1.0,0.0708912037037037,0.0708912037037037,420,1.6523732470334416,0.5595548389790699
2025-03-26 00:00:00+00:00,1.0,0.03615486675700089,0.03615486675700089,1065,1.8483867486781052,0.4737972601521232
2025-03-27 00:00:00+00:00,1.0,0.1058627416724901,0.1058627416724901,465,1.1595241314046236,0.8404564979312739
2025-03-28 00:00:00+00:00,1.0,0.09799890350877194,0.09799890350877194,1110,1.5299856069086837,0.6806794827661513
2025-03-29 00:00:00+00:00,1.0,0.05144993390614672,0.05144993390614672,1035,4.939193654990086,0.4683467586545758
2025-03-30 00:00:00+00:00,1.0,0.10162490922294844,0.10162490922294844,855,3.550230414746544,0.7370627345520772
2025-03-31 00:00:00+00:00,1.0,0.03387663127626631,0.03387663127626631,1050,1.9407985314364387,0.3313360592715472
2025-04-01 00:00:00+00:00,1.0,0.057936401148188016,0.057936401148188016,480,2.6360262442839155,0.3741270911720005
2025-04-02 00:00:00+00:00,1.0,0.0667776907001045,0.0667776907001045,990,1.688196497612008,0.45390619239291025
2025-04-03 00:00:00+00:00,1.0,0.08532574533045978,0.08532574533045978,450,3.2969773299748124,0.6806794827661513
2025-04-04 00:00:00+00:00,1.0,0.040164818237831176,0.040164818237831176,1215,0.6393135725429017,0.3741270911720005
2025-04-05 00:00:00+00:00,1.0,0.07611315938740783,0.07611315938740783,660,3.672941927249522,0.83869163318686
2025-04-06 00:00:00+00:00,1.0,0.13785428028425054,0.13785428028425054,780,7.9915440025054805,1.175385791672828
2025-04-07 00:00:00+00:00,1.0,0.09579402515723269,0.09579402515723269,465,3.7084889220811554,0.8276505846896347
2025-04-08 00:00:00+00:00,1.0,0.04721492873218305,0.04721492873218305,420,2.1967923710446464,0.2970044252506688
2025-04-09 00:00:00+00:00,1.0,0.06438648293963255,0.06438648293963255,435,2.183751190098381,0.6296212274332746
2025-04-10 00:00:00+00:00,1.0,0.07892456676860347,0.07892456676860347,975,4.091866376180102,0.5729884597370397
2025-04-11 00:00:00+00:00,1.0,0.05077525750602674,0.05077525750602674,1035,1.0502524093620926,0.46012277819614705
2025-04-12 00:00:00+00:00,1.0,0.09956364410387399,0.09956364410387399,690,1.7122703412073492,0.6607884150069384
2025-04-13 00:00:00+00:00,1.0,0.0830542575285566,0.0830542575285566,1110,1.4977454040929588,0.8566717627150963
2025-04-14 00:00:00+00:00,1.0,0.04626416840157299,0.04626416840157299,1230,0.6902349644319896,0.5026783926754542
2025-04-15 00:00:00+00:00,1.0,0.059269056643503897,0.059269056643503897,1080,1.6742424242424243,0.5874290259987053
2025-04-16 00:00:00+00:00,1.0,0.0324905137186223,0.0324905137186223,630,3.1190893169877407,0.34577662553321276
2025-04-17 00:00:00+00:00,1.0,0.039227207977207974,0.039227207977207974,975,3.7658119658119658,0.3313360592715472
2025-04-18 00:00:00+00:00,1.0,0.06281729315186867,0.06281729315186867,1005,1.0865551067512984,0.5026783926754542
2025-04-19 00:00:00+00:00,1.0,0.12576766817838247,0.12576766817838247,945,6.482803374432187,0.8476816979509781
2025-04-20 00:00:00+00:00,1.0,0.07710248413219523,0.07710248413219523,1080,1.3810941570524746,0.6151806611716092
2025-04-21 00:00:00+00:00,1.0,0.04724215340718362,0.04724215340718362,870,0.5740263459335625,0.4030082236953315
2025-04-22 00:00:00+00:00,1.0,0.030160501700680274,0.030160501700680274,570,2.8954081632653064,0.2884292842487388
2025-04-23 00:00:00+00:00,1.0,0.06882133018496656,0.06882133018496656,765,1.9939591078066916,0.6440617936949402
2025-04-24 00:00:00+00:00,1.0,0.045783952594490716,0.045783952594490716,780,1.9081491712707184,0.38856765743366606
2025-04-25 00:00:00+00:00,1.0,0.09375644595709572,0.09375644595709572,525,1.646740910579758,0.7005705505253643
2025-04-26 00:00:00+00:00,1.0,0.09376085069444444,0.09376085069444444,960,2.677135197242436,0.925335030756853
2025-04-27 00:00:00+00:00,1.0,0.07186792258595841,0.07186792258595841,885,1.7874891020052308,0.6861299842636988
2025-04-28 00:00:00+00:00,1.0,0.11088618983355825,0.11088618983355825,645,2.8548134911771275,0.9035472381916712
2025-04-29 00:00:00+00:00,1.0,0.04465197413206263,0.04465197413206263,1155,1.066524747205961,0.4030082236953315
2025-04-30 00:00:00+00:00,1.0,0.06002411740558292,0.06002411740558292,1005,5.762315270935961,0.6440617936949401
2025-05-01 00:00:00+00:00,1.0,0.05353682170542636,0.05353682170542636,525,2.21186943620178,0.5171189589371198
2025-05-02 00:00:00+00:00,1.0,0.014905530530530531,0.014905530530530531,915,0.6988457502623294,0.11570538382845746
2025-05-03 00:00:00+00:00,1.0,0.04038978494623656,0.04038978494623656,1155,0.6848673946957877,0.3741270911720005
2025-05-04 00:00:00+00:00,1.0,0.078498648367644,0.078498648367644,1140,1.8482514571190676,0.562087456741945
2025-05-05 00:00:00+00:00,1.0,0.08814880952380953,0.08814880952380953,1050,3.4936227951153325,0.8765628304743092
2025-05-06 00:00:00+00:00,1.0,0.04911623172311679,0.04911623172311679,1110,1.276205218929677,0.4257911441752686
2025-05-07 00:00:00+00:00,1.0,0.04155898231104985,0.04155898231104985,975,3.5024875621890548,0.4456822119344815
2025-05-08 00:00:00+00:00,1.0,0.04041048237476809,0.04041048237476809,795,2.6426592797783934,0.4113505779136031
2025-05-09 00:00:00+00:00,1.0,0.060358913680414704,0.060358913680414704,630,2.635672937771346,0.3741270911720005
2025-05-10 00:00:00+00:00,1.0,0.06341801558752998,0.06341801558752998,645,2.5697463768115942,0.6440617936949401
2025-05-11 00:00:00+00:00,1.0,0.05098054043153862,0.05098054043153862,420,4.8941318814277075,0.4030082236953315
2025-05-12 00:00:00+00:00,1.0,0.12455410864706894,0.12455410864706894,420,0.7966247139588101,0.9955007446682308
2025-05-13 00:00:00+00:00,1.0,0.027491080530071352,0.027491080530071352,375,1.0298507462686566,0.3313360592715472
2025-05-14 00:00:00+00:00,1.0,0.07528378083387906,0.07528378083387906,1095,2.341223404255319,0.6729429262182711
2025-05-15 00:00:00+00:00,1.0,0.031663308534821244,0.031663308534821244,450,3.0396776193428394,0.27398871798707325
2025-05-16 00:00:00+00:00,1.0,0.06099262059035277,0.06099262059035277,660,2.5533165407220824,0.48823782641378866
2025-05-17 00:00:00+00:00,1.0,0.07152454968041835,0.07152454968041835,900,3.0666866927005105,0.6018695922603708
2025-05-18 00:00:00+00:00,1.0,0.08903897159479808,0.08903897159479808,990,6.339779005524863,0.7370627345520772
2025-05-19 00:00:00+00:00,1.0,0.07705449059282925,0.07705449059282925,810,1.9732277526395177,0.6440617936949402
2025-05-20 00:00:00+00:00,1.0,0.05639571518588532,0.05639571518588532,795,3.6703372333103927,0.5451142727174044
2025-05-21 00:00:00+00:00,1.0,0.04925073099415204,0.04925073099415204,465,1.8473837209302322,0.5026783926754541
2025-05-22 00:00:00+00:00,1.0,0.04712754743499648,0.04712754743499648,450,2.7150283553875236,0.46012277819614705
2025-05-23 00:00:00+00:00,1.0,0.07335645355850422,0.07335645355850422,480,5.5330720235178825,0.7425132360496245
2025-05-24 00:00:00+00:00,1.0,0.05424484915378955,0.05424484915378955,1155,2.1037527593818983,0.4456822119344815
2025-05-25 00:00:00+00:00,1.0,0.050597659074475776,0.050597659074475776,825,4.48274111675127,0.6018695922603707
2025-05-26 00:00:00+00:00,1.0,0.048167977855477856,0.048167977855477856,1020,1.2309292649098476,0.31144499151233435
2025-05-27 00:00:00+00:00,1.0,0.030719439728353143,0.030719439728353143,615,1.951776649746193,0.3313360592715472
2025-05-28 00:00:00+00:00,1.0,0.0817903391093721,0.0817903391093721,495,2.634610970851503,0.5441073272137087
2025-05-29 00:00:00+00:00,1.0,0.050451072821846556,0.050451072821846556,960,1.8869257950530032,0.44568221193448143
2025-05-30 00:00:00+00:00,1.0,0.0718679696287964,0.0718679696287964,1095,1.7298347910592806,0.6018695922603708
2025-05-31 00:00:00+00:00,1.0,0.015081091772151898,0.015081091772151898,990,0.6907103825136612,0.11570538382845746
2025-06-01 00:00:00+00:00,1.0,0.05258899676375405,0.05258899676375405,1125,0.8317191283292977,0.44568221193448143
2025-06-02 00:00:00+00:00,1.0,0.07528941694788151,0.07528941694788151,975,1.5746216121084124,0.7713943685729555
2025-06-03 00:00:00+00:00,1.0,0.058952294685990336,0.058952294685990336,990,5.659420289855072,0.6018695922603707
2025-06-04 00:00:00+00:00,1.0,0.04760145784081954,0.04760145784081954,1035,4.569739952718676,0.4456822119344815
2025-06-05 00:00:00+00:00,1.0,0.04246149023822318,0.04246149023822318,1020,2.820056611403154,0.2739887179870733
2025-06-06 00:00:00+00:00,1.0,0.07071071690502383,0.07071071690502383,795,6.604189044038669,0.6585023599566057
2025-06-07 00:00:00+00:00,1.0,0.03396894676588438,0.03396894676588438,870,3.2610188895249,0.27398871798707325
2025-06-08 00:00:00+00:00,1.0,0.056815621056426895,0.056815621056426895,1110,0.6057588805166846,0.5451142727174044
2025-06-09 00:00:00+00:00,1.0,0.046500167757087735,0.046500167757087735,930,4.4640161046804225,0.38856765743366606
2025-06-10 00:00:00+00:00,1.0,0.03029985077410931,0.03029985077410931,1005,1.539076699382043,0.38856765743366606
2025-06-11 00:00:00+00:00,1.0,0.04244733407904549,0.04244733407904549,1005,4.074944071588367,0.46012277819614705
2025-06-12 00:00:00+00:00,1.0,0.050054347826086955,0.050054347826086955,450,1.8384353741496597,0.46834675865457576
2025-06-13 00:00:00+00:00,1.0,0.05871640291384075,0.05871640291384075,600,3.7298603651987112,0.48823782641378866
2025-06-14 00:00:00+00:00,1.0,0.04057473655019412,0.04057473655019412,1110,0.6769903097092913,0.34577662553321276
2025-06-15 00:00:00+00:00,1.0,0.12282544127630685,0.12282544127630685,1020,1.7485776805251643,0.8476816979509781
2025-06-16 00:00:00+00:00,1.0,0.0528542742398164,0.0528542742398164,945,2.2004232164449817,0.3741270911720005
2025-06-17 00:00:00+00:00,1.0,0.05709921093148576,0.05709921093148576,1020,0.711280487804878,0.5026783926754542
2025-06-18 00:00:00+00:00,1.0,0.0637874531835206,0.0637874531835206,1155,0.4993496511765402,0.4113505779136031
2025-06-19 00:00:00+00:00,1.0,0.03756642512077295,0.03756642512077295,1035,1.2239014833473272,0.4456822119344815
2025-06-20 00:00:00+00:00,1.0,0.02108500294637596,0.02108500294637596,900,0.7021558872305141,0.2309674717958392
2025-06-21 00:00:00+00:00,1.0,0.030368110889774234,0.030368110889774234,450,2.9153386454183265,0.3313360592715472
2025-06-22 00:00:00+00:00,1.0,0.039950766395032984,0.039950766395032984,810,3.8352735739231663,0.3313360592715472
2025-06-23 00:00:00+00:00,1.0,0.052642101377952756,0.052642101377952756,975,1.14564800279086,0.431241645672816
2025-06-24 00:00:00+00:00,1.0,0.026789529914529913,0.026789529914529913,1110,0.37072570725707255,0.2884292842487388
2025-06-25 00:00:00+00:00,1.0,0.07634327377824489,0.07634327377824489,1065,2.45918812745526,0.6806794827661513
2025-06-26 00:00:00+00:00,1.0,0.021217161378369157,0.021217161378369157,1125,0.5184237461617196,0.17339243247561953
2025-06-27 00:00:00+00:00,1.0,0.045024174053182923,0.045024174053182923,855,0.8352320088913586,0.34577662553321276
2025-06-28 00:00:00+00:00,1.0,0.04802901524032826,0.04802901524032826,990,4.029952706253285,0.4683467586545758
2025-06-29 00:00:00+00:00,1.0,0.0763471983990852,0.0763471983990852,555,2.7770287788436607,0.6861299842636988
2025-06-30 00:00:00+00:00,1.0,0.045577644638102155,0.045577644638102155,975,3.4671092335546168,0.4456822119344815
2025-07-01 00:00:00+00:00,1.0,0.046284165639128655,0.046284165639128655,930,2.2340659340659346,0.3313360592715472
2025-07-02 00:00:00+00:00,1.0,0.04418437361664453,0.04418437361664453,870,4.241699867197875,0.388567657433666
2025-07-03 00:00:00+00:00,1.0,0.03370421729177672,0.03370421729177672,1110,0.38169912114423576,0.33133605927154725
2025-07-04 00:00:00+00:00,1.0,0.027346918085969184,0.027346918085969184,1080,0.22381930184804927,0.2165269055341737
2025-07-05 00:00:00+00:00,1.0,0.054427239178136834,0.054427239178136834,1125,1.6603580562659848,0.48823782641378866
2025-07-06 00:00:00+00:00,1.0,0.010416666666666666,0.010416666666666666,600,1.0,0.05790751748813433
2025-07-07 00:00:00+00:00,1.0,0.13575520833333332,0.13575520833333332,990,0.18730830248545746,1.305206733743491
2025-07-08 00:00:00+00:00,1.0,0.023836765827612506,0.023836765827612506,990,2.224382946896036,0.2309674717958392
2025-07-09 00:00:00+00:00,1.0,0.06720144785543218,0.06720144785543218,1020,1.7129607609988107,0.5252232049581915
2025-07-10 00:00:00+00:00,1.0,0.0683996456185567,0.0683996456185567,1035,1.0692511013215857,0.530673706455739
2025-07-11 00:00:00+00:00,1.0,0.034719766619519095,0.034719766619519095,795,1.5286834502682627,0.42579114417526864
2025-07-12 00:00:00+00:00,1.0,0.021927557209815273,0.021927557209815273,465,2.105045492142266,0.2309674717958392
2025-07-13 00:00:00+00:00,1.0,0.03579494128274616,0.03579494128274616,390,3.436314363143631,0.2884292842487388
2025-07-14 00:00:00+00:00,1.0,0.05123286650774731,0.05123286650774731,915,1.0797905759162305,0.4456822119344815
2025-07-15 00:00:00+00:00,1.0,0.047697368421052634,0.047697368421052634,1095,0.4858119658119658,0.4030082236953315
2025-07-16 00:00:00+00:00,1.0,0.055221538652746704,0.055221538652746704,1080,2.150633855331842,0.46012277819614705
2025-07-17 00:00:00+00:00,1.0,0.020787139689578713,0.020787139689578713,1185,0.1230257689110557,0.2309674717958392
2025-07-18 00:00:00+00:00,1.0,0.03873076923076923,0.03873076923076923,930,3.718153846153846,0.4030082236953315
2025-07-19 00:00:00+00:00,1.0,0.0329872510396148,0.0329872510396148,930,2.786396181384249,0.27398871798707325
2025-07-20 00:00:00+00:00,1.0,0.02184094952190349,0.02184094952190349,975,2.096731154102735,0.2309674717958392
2025-07-21 00:00:00+00:00,1.0,0.02960075394105552,0.02960075394105552,705,1.926892950391645,0.38856765743366606
2025-07-22 00:00:00+00:00,1.0,0.10615799556362171,0.10615799556362171,690,4.407483192049109,0.8638871289570573
2025-07-23 00:00:00+00:00,1.0,0.06278478128797084,0.06278478128797084,750,3.750308008213553,0.5874290259987053
2025-07-24 00:00:00+00:00,1.0,0.09568197479818863,0.09568197479818863,480,0.9377458141364198,0.9737197940268211
2025-07-25 00:00:00+00:00,1.0,0.1682584555827221,0.1682584555827221,1230,1.4641728134878822,1.3515602999812537
2025-07-26 00:00:00+00:00,1.0,0.33764012528849324,0.33764012528849324,765,1.4237288135593222,2.4558204680318183
2025-07-27 00:00:00+00:00,1.0,0.07986111111111112,0.07986111111111112,135,0.2648648648648649,0.6296212274332748
2025-07-29 00:00:00+00:00,1.0,0.018723786698621927,0.018723786698621927,1080,0.2444029850746269,0.17339243247561953
2025-07-30 00:00:00+00:00,1.0,0.02913895925691366,0.02913895925691366,705,2.797340088663711,0.2309674717958392
2025-07-31 00:00:00+00:00,1.0,0.025193798449612406,0.025193798449612406,675,2.418604651162791,0.2309674717958392
2025-08-02 00:00:00+00:00,1.0,0.02703948959845186,0.02703948959845186,990,2.5957910014513788,0.2309674717958392
2025-08-03 00:00:00+00:00,1.0,0.07139008620689655,0.07139008620689655,960,3.1843832020997374,0.6018695922603708
2025-08-04 00:00:00+00:00,1.0,0.046308947532792,0.046308947532792,1140,0.3664289632473944,0.388567657433666
2025-08-05 00:00:00+00:00,1.0,0.010416666666666666,0.010416666666666666,1050,1.0,0.05790751748813433
2025-08-06 00:00:00+00:00,1.0,0.05790798611111111,0.05790798611111111,675,3.7935444579780757,0.7713943685729555
2025-08-07 00:00:00+00:00,1.0,0.028498774509803922,0.028498774509803922,915,2.7358823529411764,0.2884292842487388
2025-08-08 00:00:00+00:00,1.0,0.010416666666666666,0.010416666666666666,1005,1.0,0.05790751748813433
2025-08-09 00:00:00+00:00,1.0,0.09375,0.09375,1185,0.36,0.9686567295418498
2025-08-10 00:00:00+00:00,1.0,0.025826149425287354,0.025826149425287354,465,1.3019011406844105,0.17339243247561953
2025-08-11 00:00:00+00:00,1.0,0.021337719298245614,0.021337719298245614,945,2.048421052631579,0.17339243247561953
2025-08-12 00:00:00+00:00,1.0,0.026700680272108843,0.026700680272108843,1095,0.36798119613476105,0.2309674717958392
2025-08-13 00:00:00+00:00,1.0,0.027041245791245793,0.027041245791245793,960,0.9347826086956522,0.17339243247561953
2025-08-14 00:00:00+00:00,1.0,0.020209973753280836,0.020209973753280836,915,1.5894590846047156,0.2739887179870733
2025-08-15 00:00:00+00:00,1.0,0.040150657611039246,0.040150657611039246,1005,3.8544631306597674,0.3313360592715472
2025-08-16 00:00:00+00:00,1.0,0.01745706198426406,0.01745706198426406,1050,1.6758779504893495,0.2309674717958392
2025-08-17 00:00:00+00:00,1.0,0.05303744612068966,0.05303744612068966,990,3.142909490655918,0.5819785245011578
2025-08-18 00:00:00+00:00,1.0,0.02992303609341826,0.02992303609341826,585,0.3481152993348115,0.15895186621395402
2025-08-19 00:00:00+00:00,1.0,0.025003432180120813,0.025003432180120813,990,2.400329489291598,0.2884292842487388
2025-08-20 00:00:00+00:00,1.0,0.03551033357505439,0.03551033357505439,1110,0.0,0.2884292842487388
2025-08-21 00:00:00+00:00,1.0,0.014151589912280702,0.014151589912280702,1035,1.3585526315789473,0.11570538382845746
2025-08-22 00:00:00+00:00,1.0,0.0647501440092166,0.0647501440092166,1005,2.6257597684515197,0.530673706455739
2025-08-23 00:00:00+00:00,1.0,0.0170680856360468,0.0170680856360468,1050,1.6385362210604928,0.11570538382845746
2025-08-24 00:00:00+00:00,1.0,0.04221809769743921,0.04221809769743921,1125,0.18196919359710056,0.2739887179870733
2025-08-25 00:00:00+00:00,1.0,0.04266981943250215,0.04266981943250215,900,4.096302665520207,0.3313360592715472
2025-08-26 00:00:00+00:00,1.0,0.010416666666666666,0.010416666666666666,555,1.0,0.05790751748813433
2025-08-27 00:00:00+00:00,1.0,0.038810347165717386,0.038810347165717386,495,3.7257933279088693,0.388567657433666
2025-08-28 00:00:00+00:00,1.0,0.01829481792717087,0.01829481792717087,1005,1.7563025210084033,0.17339243247561953
2025-08-29 00:00:00+00:00,1.0,0.04038190245868601,0.04038190245868601,435,1.4576477757464958,0.48823782641378866
2025-08-30 00:00:00+00:00,1.0,0.03530773420479303,0.03530773420479303,1005,2.8399085191538025,0.34577662553321276
2025-08-31 00:00:00+00:00,1.0,0.05380948587210538,0.05380948587210538,780,1.8774538964901843,0.431241645672816
2025-09-01 00:00:00+00:00,1.0,0.038903958207755676,0.038903958207755676,1035,3.734779987944545,0.33133605927154725
2025-09-02 00:00:00+00:00,1.0,0.02186428877463582,0.02186428877463582,1170,0.4025596276905178,0.17339243247561953
2025-09-03 00:00:00+00:00,1.0,0.012262658227848102,0.012262658227848102,630,1.0918918918918918,0.11570538382845746
2025-09-04 00:00:00+00:00,1.0,0.04325868154932264,0.04325868154932264,975,1.8550586742784647,0.4030082236953315
2025-09-05 00:00:00+00:00,1.0,0.023160034231921266,0.023160034231921266,420,2.2233632862644415,0.2309674717958392
2025-09-06 00:00:00+00:00,1.0,0.03412572415329768,0.03412572415329768,990,0.7617736160837235,0.2884292842487388
2025-09-07 00:00:00+00:00,1.0,0.05227077977720651,0.05227077977720651,1065,1.2979141104294478,0.38856765743366606
2025-09-08 00:00:00+00:00,1.0,0.015782178783721994,0.015782178783721994,1050,1.5150891632373114,0.2165269055341737
2025-09-09 00:00:00+00:00,1.0,0.030897309711286087,0.030897309711286087,1005,0.9752941176470589,0.3313360592715472
2025-09-10 00:00:00+00:00,1.0,0.020317656765676567,0.020317656765676567,1080,0.4752475247524752,0.11570538382845746
2025-09-11 00:00:00+00:00,1.0,0.05294778699861687,0.05294778699861687,915,2.093759421163702,0.3168954930098817
2025-09-12 00:00:00+00:00,1.0,0.024666605211406095,0.024666605211406095,1005,1.5671725688589098,0.2309674717958392
2025-09-13 00:00:00+00:00,1.0,0.03289218537909638,0.03289218537909638,975,3.157649796393252,0.2309674717958392
2025-09-14 00:00:00+00:00,1.0,0.022064041156643604,0.022064041156643604,885,1.4280978035640282,0.34577662553321276
2025-09-15 00:00:00+00:00,1.0,0.017253722794959906,0.017253722794959906,990,1.656357388316151,0.11570538382845746
2025-09-16 00:00:00+00:00,1.0,0.05316162109375,0.05316162109375,435,2.5947085889570554,0.33133605927154725
2025-09-17 00:00:00+00:00,1.0,0.08215249662618083,0.08215249662618083,525,5.297131147540984,0.5675379582394924
2025-09-18 00:00:00+00:00,1.0,0.014689338871581864,0.014689338871581864,570,1.4101765316718589,0.11570538382845746
2025-09-19 00:00:00+00:00,1.0,0.029559304399524377,0.029559304399524377,1050,2.144179249878227,0.3168954930098816
2025-09-20 00:00:00+00:00,1.0,0.02268951194184839,0.02268951194184839,1005,0.6626466753585397,0.2309674717958392
2025-09-21 00:00:00+00:00,1.0,0.053424509237875284,0.053424509237875284,795,1.1111774065234685,0.46012277819614705
2025-09-22 00:00:00+00:00,1.0,0.019914802981895633,0.019914802981895633,1065,1.0855835240274598,0.17339243247561953
2025-09-23 00:00:00+00:00,1.0,0.021991471888818698,0.021991471888818698,960,1.4296990626541684,0.2309674717958392
2025-09-24 00:00:00+00:00,1.0,0.02123632278233685,0.02123632278233685,615,0.8163980378416257,0.2309674717958392
2025-09-25 00:00:00+00:00,1.0,0.021438953488372093,0.021438953488372093,1035,1.307017543859649,0.17339243247561953
2025-09-26 00:00:00+00:00,1.0,0.05553794123863876,0.05553794123863876,945,2.75375939849624,0.4456822119344815
2025-09-27 00:00:00+00:00,1.0,0.030521761480466075,0.030521761480466075,1050,0.9391274940818397,0.4030082236953315
2025-09-28 00:00:00+00:00,1.0,0.05351064997804129,0.05351064997804129,555,5.137022397891964,0.4312416456728159
2025-09-29 00:00:00+00:00,1.0,0.041064502002002,0.041064502002002,690,3.942192192192192,0.44568221193448143
2025-09-30 00:00:00+00:00,1.0,0.02867674769172791,0.02867674769172791,795,1.356762513312034,0.2739887179870733
2025-10-01 00:00:00+00:00,1.0,0.03834603239978034,0.03834603239978034,825,3.6812191103789127,0.38856765743366606
2025-10-02 00:00:00+00:00,1.0,0.04618001046572475,0.04618001046572475,1140,0.2553500181356547,0.388567657433666
2025-10-03 00:00:00+00:00,1.0,0.0421602787456446,0.0421602787456446,570,4.047386759581881,0.3596865249103349
2025-10-04 00:00:00+00:00,1.0,0.03482271141215107,0.03482271141215107,900,3.3429802955665027,0.2884292842487388
2025-10-05 00:00:00+00:00,1.0,0.057061669040835705,0.057061669040835705,810,5.477920227920228,0.4456822119344815
2025-10-06 00:00:00+00:00,1.0,0.011535535266738275,0.011535535266738275,1050,1.1074113856068744,0.11570538382845746
2025-10-07 00:00:00+00:00,1.0,0.06259282834712497,0.06259282834712497,915,6.008911521323997,0.5026783926754542
2025-10-08 00:00:00+00:00,1.0,0.02296455938697318,0.02296455938697318,1050,2.2045977011494253,0.2165269055341737
2025-10-10 00:00:00+00:00,1.0,0.038984491183343954,0.038984491183343954,1050,3.7425111536010194,0.34577662553321276
2025-10-11 00:00:00+00:00,1.0,0.019835434173669467,0.019835434173669467,1050,1.9042016806722688,0.11570538382845746
2025-10-12 00:00:00+00:00,1.0,0.07843734382808595,0.07843734382808595,1020,2.1005449591280656,0.46834675865457576
2025-10-13 00:00:00+00:00,1.0,0.02037130376344086,0.02037130376344086,675,1.192969334330591,0.2739887179870733
2025-10-14 00:00:00+00:00,1.0,0.01994949494949495,0.01994949494949495,1110,0.4575757575757576,0.11570538382845746
2025-10-15 00:00:00+00:00,1.0,0.05258296996124031,0.05258296996124031,1095,0.6561194029850747,0.411350577913603
2025-10-16 00:00:00+00:00,1.0,0.03301056338028169,0.03301056338028169,825,3.169014084507042,0.2165269055341737
2025-10-17 00:00:00+00:00,1.0,0.03161764705882353,0.03161764705882353,1020,0.8915441176470588,0.2309674717958392
2025-10-18 00:00:00+00:00,1.0,0.03738547120418848,0.03738547120418848,1005,2.175724637681159,0.2884292842487388
2025-10-19 00:00:00+00:00,1.0,0.01925872093023256,0.01925872093023256,825,1.168141592920354,0.17339243247561953
2025-10-20 00:00:00+00:00,1.0,0.041235475671750184,0.041235475671750184,945,3.9586056644880174,0.34577662553321276
2025-10-21 00:00:00+00:00,1.0,0.04752188313224509,0.04752188313224509,1065,4.562100780695529,0.2540976502278604
2025-10-22 00:00:00+00:00,1.0,0.021371249127704117,0.021371249127704117,1095,0.11102642276422767,0.17339243247561953
2025-10-23 00:00:00+00:00,1.0,0.038378033205619416,0.038378033205619416,1065,1.0978037062457104,0.2739887179870733
2025-10-24 00:00:00+00:00,1.0,0.010416666666666666,0.010416666666666666,705,1.0,0.05790751748813433
2025-10-25 00:00:00+00:00,1.0,0.030418387244780912,0.030418387244780912,930,2.9201651754989677,0.3313360592715472
2025-10-26 00:00:00+00:00,1.0,0.06735912981455064,0.06735912981455064,720,3.3872590108968987,0.6585023599566057
2025-10-27 00:00:00+00:00,1.0,0.04115704500978474,0.04115704500978474,540,2.8764044943820224,0.3741270911720005
2025-10-28 00:00:00+00:00,1.0,0.02459490740740741,0.02459490740740741,510,2.361111111111111,0.2309674717958392
2025-10-29 00:00:00+00:00,1.0,0.0334712543554007,0.0334712543554007,1050,3.2132404181184673,0.2309674717958392
2025-10-30 00:00:00+00:00,1.0,0.013451443569553806,0.013451443569553806,465,1.2913385826771653,0.17339243247561953
2025-10-31 00:00:00+00:00,1.0,0.014385718113612006,0.014385718113612006,1170,0.19051446945337622,0.11570538382845746
2025-11-01 00:00:00+00:00,1.0,0.03398907639979069,0.03398907639979069,570,1.4030973451327435,0.2739887179870733
2025-11-02 00:00:00+00:00,1.0,0.05997023809523808,0.05997023809523808,1035,5.757142857142856,0.3741270911720005
2025-11-03 00:00:00+00:00,1.0,0.034516183412002695,0.034516183412002695,1080,0.554178814382896,0.38856765743366606
2025-11-04 00:00:00+00:00,1.0,0.025990302432610125,0.025990302432610125,480,2.495069033530572,0.2309674717958392
2025-11-08 00:00:00+00:00,1.0,0.02004787552363854,0.02004787552363854,1110,0.4622980251346499,0.11570538382845746
2025-11-09 00:00:00+00:00,1.0,0.03426734594856865,0.03426734594856865,360,2.7022613065326633,0.388567657433666
2025-11-10 00:00:00+00:00,1.0,0.015634121424401636,0.015634121424401636,690,1.500875656742557,0.11570538382845746
2025-11-11 00:00:00+00:00,1.0,0.06173137737174983,0.06173137737174983,525,5.926212227687984,0.388567657433666
2025-11-12 00:00:00+00:00,1.0,0.020392857142857143,0.020392857142857143,420,1.9577142857142857,0.10126481756679193
2025-11-13 00:00:00+00:00,1.0,0.030398776546629733,0.030398776546629733,1035,1.6501170960187357,0.2309674717958392
2025-11-14 00:00:00+00:00,1.0,0.020747245179063362,0.020747245179063362,585,1.9917355371900827,0.17339243247561953
2025-11-15 00:00:00+00:00,1.0,0.04452376327376328,0.04452376327376328,900,4.274281274281274,0.3686765896744531
2025-11-16 00:00:00+00:00,1.0,0.034455749354005166,0.034455749354005166,405,3.307751937984496,0.38856765743366606
2025-11-17 00:00:00+00:00,1.0,0.010416666666666666,0.010416666666666666,1065,1.0,0.05790751748813433
2025-11-18 00:00:00+00:00,1.0,0.02269503546099291,0.02269503546099291,1095,0.13468354430379745,0.17339243247561953
2025-11-19 00:00:00+00:00,1.0,0.010416666666666666,0.010416666666666666,1080,0.0,0.05790751748813433
2025-11-21 00:00:00+00:00,1.0,0.020963001383125863,0.020963001383125863,1005,0.7943648047454275,0.17339243247561953
2025-11-23 00:00:00+00:00,1.0,0.06137409279419389,0.06137409279419389,510,2.639835728952772,0.48823782641378866
2025-11-24 00:00:00+00:00,1.0,0.24652777777777776,0.24652777777777776,495,0.5416666666666667,1.1486152686387003
2025-11-25 00:00:00+00:00,1.0,0.030524678411633106,0.030524678411633106,1035,2.6066204772902233,0.15895186621395402
2025-11-26 00:00:00+00:00,1.0,0.012563187630092182,0.012563187630092182,1080,0.040387042490534285,0.05790751748813433
2025-11-27 00:00:00+00:00,1.0,0.021311649659863943,0.021311649659863943,555,1.778898370830101,0.17339243247561953
2025-11-28 00:00:00+00:00,1.0,0.03862307578448786,0.03862307578448786,990,3.4809805579036346,0.34577662553321276
2025-11-29 00:00:00+00:00,1.0,0.01164959534648457,0.01164959534648457,960,1.0028694404591105,0.05790751748813433
2025-11-30 00:00:00+00:00,1.0,0.02100151362260343,0.02100151362260343,975,1.8851351351351353,0.17339243247561953
