start,end,minutes
2024-10-05 23:45:00+00:00,2024-10-06 09:00:00+00:00,555
2024-10-10 00:15:00+00:00,2024-10-10 00:30:00+00:00,15
2024-10-13 13:00:00+00:00,2024-10-13 20:45:00+00:00,465
2024-10-13 22:00:00+00:00,2024-10-13 23:45:00+00:00,105
2024-10-14 00:15:00+00:00,2024-10-14 01:45:00+00:00,90
2024-10-14 02:15:00+00:00,2024-10-14 04:15:00+00:00,120
2024-10-14 04:45:00+00:00,2024-10-14 08:00:00+00:00,195
2024-10-14 08:15:00+00:00,2024-10-14 09:00:00+00:00,45
2024-10-14 16:30:00+00:00,2024-10-14 16:45:00+00:00,15
2024-10-14 17:00:00+00:00,2024-10-14 18:00:00+00:00,60
2024-10-14 18:30:00+00:00,2024-10-14 18:45:00+00:00,15
2024-10-15 08:30:00+00:00,2024-10-15 12:15:00+00:00,225
2024-10-16 14:30:00+00:00,2024-10-16 15:30:00+00:00,60
2024-10-20 09:45:00+00:00,2024-10-20 10:00:00+00:00,15
2024-11-22 09:30:00+00:00,2024-11-22 11:45:00+00:00,135
2024-11-22 12:00:00+00:00,2024-11-22 12:15:00+00:00,15
2024-11-29 07:15:00+00:00,2024-11-29 07:30:00+00:00,15
2024-11-29 16:00:00+00:00,2024-11-29 16:15:00+00:00,15
2024-12-01 14:15:00+00:00,2024-12-01 14:30:00+00:00,15
2024-12-02 08:00:00+00:00,2024-12-02 08:15:00+00:00,15
2024-12-02 08:30:00+00:00,2024-12-02 08:45:00+00:00,15
2024-12-02 09:00:00+00:00,2024-12-02 09:30:00+00:00,30
2024-12-02 11:00:00+00:00,2024-12-02 11:15:00+00:00,15
2024-12-02 11:45:00+00:00,2024-12-02 12:00:00+00:00,15
2024-12-02 12:15:00+00:00,2024-12-02 12:30:00+00:00,15
2024-12-02 17:45:00+00:00,2024-12-02 18:00:00+00:00,15
2024-12-02 18:15:00+00:00,2024-12-02 18:30:00+00:00,15
2024-12-02 18:45:00+00:00,2024-12-02 21:00:00+00:00,135
2024-12-02 21:30:00+00:00,2024-12-02 22:45:00+00:00,75
2024-12-03 13:45:00+00:00,2024-12-03 14:00:00+00:00,15
2024-12-03 14:15:00+00:00,2024-12-03 14:30:00+00:00,15
2024-12-03 14:45:00+00:00,2024-12-03 15:00:00+00:00,15
2024-12-03 15:15:00+00:00,2024-12-03 15:30:00+00:00,15
2024-12-04 15:15:00+00:00,2024-12-04 16:00:00+00:00,45
2024-12-04 16:30:00+00:00,2024-12-04 17:30:00+00:00,60
2024-12-05 11:00:00+00:00,2024-12-05 12:45:00+00:00,105
2024-12-06 13:00:00+00:00,2024-12-06 13:15:00+00:00,15
2024-12-06 14:45:00+00:00,2024-12-06 16:15:00+00:00,90
2024-12-06 16:30:00+00:00,2024-12-06 16:45:00+00:00,15
2024-12-06 17:00:00+00:00,2024-12-06 17:15:00+00:00,15
2024-12-06 18:30:00+00:00,2024-12-06 19:15:00+00:00,45
2024-12-07 14:45:00+00:00,2024-12-07 15:00:00+00:00,15
2024-12-07 17:45:00+00:00,2024-12-07 18:45:00+00:00,60
2024-12-07 19:00:00+00:00,2024-12-07 19:45:00+00:00,45
2024-12-07 20:00:00+00:00,2024-12-07 20:30:00+00:00,30
2024-12-07 20:45:00+00:00,2024-12-07 21:00:00+00:00,15
2024-12-07 21:15:00+00:00,2024-12-07 21:30:00+00:00,15
2024-12-07 21:45:00+00:00,2024-12-07 23:00:00+00:00,75
2024-12-08 01:15:00+00:00,2024-12-08 01:30:00+00:00,15
2024-12-10 13:00:00+00:00,2024-12-10 13:30:00+00:00,30
2024-12-13 08:45:00+00:00,2024-12-13 09:45:00+00:00,60
2024-12-21 12:15:00+00:00,2024-12-21 12:30:00+00:00,15
2025-01-01 06:45:00+00:00,2025-01-01 09:15:00+00:00,150
2025-01-02 08:30:00+00:00,2025-01-02 09:45:00+00:00,75
2025-01-03 08:00:00+00:00,2025-01-03 09:45:00+00:00,105
2025-01-04 07:45:00+00:00,2025-01-04 09:30:00+00:00,105
2025-01-05 04:30:00+00:00,2025-01-05 09:15:00+00:00,285
2025-01-14 18:15:00+00:00,2025-01-14 18:30:00+00:00,15
2025-01-14 19:45:00+00:00,2025-01-14 20:00:00+00:00,15
2025-01-20 08:45:00+00:00,2025-01-20 09:30:00+00:00,45
2025-01-25 16:30:00+00:00,2025-01-25 17:15:00+00:00,45
2025-01-26 17:15:00+00:00,2025-01-26 17:45:00+00:00,30
2025-01-26 18:00:00+00:00,2025-01-26 18:30:00+00:00,30
2025-01-27 09:30:00+00:00,2025-01-27 12:00:00+00:00,150
2025-01-27 13:30:00+00:00,2025-01-27 15:15:00+00:00,105
2025-02-02 05:15:00+00:00,2025-02-02 09:00:00+00:00,225
2025-02-04 07:00:00+00:00,2025-02-04 09:00:00+00:00,120
2025-02-05 08:15:00+00:00,2025-02-05 09:45:00+00:00,90
2025-02-05 16:45:00+00:00,2025-02-05 17:00:00+00:00,15
2025-02-06 07:30:00+00:00,2025-02-06 09:00:00+00:00,90
2025-02-08 08:00:00+00:00,2025-02-08 09:15:00+00:00,75
2025-02-15 17:15:00+00:00,2025-02-15 18:00:00+00:00,45
2025-02-16 07:00:00+00:00,2025-02-16 09:30:00+00:00,150
2025-02-23 13:30:00+00:00,2025-02-23 14:15:00+00:00,45
2025-02-24 07:30:00+00:00,2025-02-24 08:45:00+00:00,75
2025-02-28 08:15:00+00:00,2025-02-28 09:00:00+00:00,45
2025-03-06 08:00:00+00:00,2025-03-06 09:00:00+00:00,60
2025-03-10 23:30:00+00:00,2025-03-11 10:30:00+00:00,660
2025-03-14 07:00:00+00:00,2025-03-14 08:30:00+00:00,90
2025-03-15 06:45:00+00:00,2025-03-15 08:30:00+00:00,105
2025-03-15 12:15:00+00:00,2025-03-15 12:45:00+00:00,30
2025-03-17 08:00:00+00:00,2025-03-17 08:45:00+00:00,45
2025-03-17 11:15:00+00:00,2025-03-17 11:30:00+00:00,15
2025-03-20 07:00:00+00:00,2025-03-20 08:00:00+00:00,60
2025-03-20 09:30:00+00:00,2025-03-20 09:45:00+00:00,15
2025-03-23 11:45:00+00:00,2025-03-23 12:00:00+00:00,15
2025-03-23 18:45:00+00:00,2025-03-23 19:00:00+00:00,15
2025-03-24 05:15:00+00:00,2025-03-24 08:45:00+00:00,210
2025-03-26 06:45:00+00:00,2025-03-26 08:30:00+00:00,105
2025-03-28 03:15:00+00:00,2025-03-28 08:30:00+00:00,315
2025-03-29 20:00:00+00:00,2025-03-29 20:45:00+00:00,45
2025-03-30 06:45:00+00:00,2025-03-30 08:30:00+00:00,105
2025-04-01 06:45:00+00:00,2025-04-01 08:45:00+00:00,120
2025-04-02 06:30:00+00:00,2025-04-02 08:45:00+00:00,135
2025-04-11 13:30:00+00:00,2025-04-11 14:45:00+00:00,75
2025-04-25 11:00:00+00:00,2025-04-25 12:15:00+00:00,75
2025-05-05 09:00:00+00:00,2025-05-05 09:30:00+00:00,30
2025-05-05 09:45:00+00:00,2025-05-05 11:45:00+00:00,120
2025-05-05 12:15:00+00:00,2025-05-05 13:45:00+00:00,90
2025-05-27 09:45:00+00:00,2025-05-27 10:45:00+00:00,60
2025-06-02 12:45:00+00:00,2025-06-02 13:00:00+00:00,15
2025-06-06 21:45:00+00:00,2025-06-07 01:00:00+00:00,195
2025-06-15 12:00:00+00:00,2025-06-15 12:15:00+00:00,15
2025-06-16 15:15:00+00:00,2025-06-16 15:45:00+00:00,30
2025-06-27 04:00:00+00:00,2025-06-27 06:00:00+00:00,120
2025-07-07 20:15:00+00:00,2025-07-08 01:00:00+00:00,285
2025-07-12 10:30:00+00:00,2025-07-13 01:00:00+00:00,870
2025-07-23 04:15:00+00:00,2025-07-23 05:15:00+00:00,60
2025-07-25 23:30:00+00:00,2025-07-25 23:45:00+00:00,15
2025-07-26 16:15:00+00:00,2025-07-26 22:30:00+00:00,375
2025-07-28 02:00:00+00:00,2025-07-29 01:00:00+00:00,1380
2025-07-29 08:15:00+00:00,2025-07-29 08:45:00+00:00,30
2025-07-29 10:00:00+00:00,2025-07-29 15:30:00+00:00,330
2025-07-29 17:15:00+00:00,2025-07-29 17:30:00+00:00,15
2025-07-31 10:00:00+00:00,2025-07-31 10:15:00+00:00,15
2025-07-31 12:45:00+00:00,2025-07-31 14:45:00+00:00,120
2025-07-31 16:15:00+00:00,2025-07-31 19:15:00+00:00,180
2025-07-31 19:30:00+00:00,2025-07-31 20:15:00+00:00,45
2025-08-01 07:30:00+00:00,2025-08-01 08:45:00+00:00,75
2025-08-01 09:15:00+00:00,2025-08-01 20:45:00+00:00,690
2025-08-02 06:45:00+00:00,2025-08-02 07:00:00+00:00,15
2025-08-02 08:45:00+00:00,2025-08-02 10:00:00+00:00,75
2025-08-02 10:45:00+00:00,2025-08-02 11:30:00+00:00,45
2025-08-02 11:45:00+00:00,2025-08-02 12:15:00+00:00,30
2025-08-02 14:30:00+00:00,2025-08-02 16:30:00+00:00,120
2025-08-02 17:15:00+00:00,2025-08-02 17:30:00+00:00,15
2025-08-03 15:45:00+00:00,2025-08-03 16:45:00+00:00,60
2025-08-04 09:45:00+00:00,2025-08-04 15:15:00+00:00,330
2025-08-04 19:15:00+00:00,2025-08-04 19:30:00+00:00,15
2025-08-05 13:45:00+00:00,2025-08-05 14:30:00+00:00,45
2025-08-06 10:45:00+00:00,2025-08-06 12:15:00+00:00,90
2025-08-06 18:30:00+00:00,2025-08-06 19:45:00+00:00,75
2025-08-08 11:00:00+00:00,2025-08-08 13:00:00+00:00,120
2025-08-08 14:30:00+00:00,2025-08-08 15:00:00+00:00,30
2025-08-09 08:15:00+00:00,2025-08-09 14:00:00+00:00,345
2025-08-09 16:45:00+00:00,2025-08-09 20:45:00+00:00,240
2025-08-10 11:45:00+00:00,2025-08-10 15:15:00+00:00,210
2025-08-10 16:45:00+00:00,2025-08-10 18:45:00+00:00,120
2025-08-12 13:45:00+00:00,2025-08-12 14:45:00+00:00,60
2025-08-25 13:30:00+00:00,2025-08-25 13:45:00+00:00,15
2025-09-09 20:45:00+00:00,2025-09-10 01:00:00+00:00,255
2025-09-10 21:30:00+00:00,2025-09-11 01:00:00+00:00,210
2025-09-12 23:45:00+00:00,2025-09-13 10:00:00+00:00,615
2025-09-24 09:45:00+00:00,2025-09-24 10:00:00+00:00,15
2025-09-25 20:45:00+00:00,2025-09-26 01:00:00+00:00,255
2025-09-28 22:00:00+00:00,2025-09-28 22:45:00+00:00,45
2025-09-30 10:15:00+00:00,2025-09-30 10:30:00+00:00,15
2025-10-28 12:00:00+00:00,2025-10-28 14:45:00+00:00,165
2025-11-15 00:30:00+00:00,2025-11-15 00:45:00+00:00,15
2025-11-19 10:30:00+00:00,2025-11-19 10:45:00+00:00,15
2025-11-29 13:45:00+00:00,2025-11-29 14:00:00+00:00,15
