variant,setting,value,season,n_pass,NRMSE,LDC_err,FFT_err,err_E_pct,err_P_pct,err_LF
reference,-,-,Dry season,2,0.1776715434809531,0.0584481481182428,0.2801899428482851,-0.796182254307906,-25.32616381377073,0.0825227844059174
reference,-,-,May,2,0.1845019217647199,0.0695931701834887,0.2776186616299377,-2.220121182303845,-28.02843189553445,0.075795740747495
reference,-,-,Rainy season,4,0.1382623282735771,0.0493142793128076,0.3057576728605445,-0.6135185632120901,-9.333276870633933,0.0179409076832373
reference,-,-,October,3,0.1680513351836506,0.0546438389987117,0.2347960483129321,-0.9504997947896252,18.44142056165818,-0.0361991182016415
noise_15pct,EPS_PERCENTILE,85,Dry season,4,0.1479652021891991,0.0645505499589677,0.1707344165438332,-1.3613586571686724,-9.593400675280304,0.0242560240679075
noise_15pct,EPS_PERCENTILE,85,May,2,0.1845019217647199,0.0695931701834887,0.2776186616299377,-2.220121182303845,-28.02843189553445,0.075795740747495
noise_15pct,EPS_PERCENTILE,85,Rainy season,4,0.1382623282735771,0.0493142793128076,0.3057576728605445,-0.6135185632120901,-9.333276870633933,0.0179409076832373
noise_15pct,EPS_PERCENTILE,85,October,4,0.1896443834718155,0.0840809997247586,0.2717980518302633,6.922718823502166,-5.542135029707632,0.0308959700300461
noise_5pct,EPS_PERCENTILE,95,Dry season,4,0.1420903917137696,0.0359198005681024,0.179910426778745,-1.9440255344684905,3.4463682178043635,-0.0136715478359417
noise_5pct,EPS_PERCENTILE,95,May,2,0.1819290268202093,0.057056967474742,0.1940108603280999,-1.6081451039446304,-20.49137868093961,0.0537394659356798
noise_5pct,EPS_PERCENTILE,95,Rainy season,4,0.1414436833501794,0.0549232935123721,0.288970281456815,-1.7303516169228637,-9.975948259411457,0.0173603210603254
noise_5pct,EPS_PERCENTILE,95,October,3,0.1503783808412201,0.0565241390303529,0.2003495842513685,-2.2856044677915226,14.890450686361683,-0.0358194710770843
p1_P90,P1_PCTL,90,Dry season,4,0.1758876686749723,0.0371425514061893,0.1489044205221752,-4.944114670041815,-0.3735587115812885,-0.0115249626665991
p1_P90,P1_PCTL,90,May,2,0.185118352418534,0.0633590835208211,0.278643970276654,0.1262690384004394,-24.41804994880471,0.0686402856110008
p1_P90,P1_PCTL,90,Rainy season,3,0.1370379628361285,0.0502360552723112,0.2870528701580392,-5.619834395029835,-11.54208939310063,0.0124893061032419
p1_P90,P1_PCTL,90,October,3,0.1646912332049943,0.0435427024790189,0.2358159969082115,0.9526771989968538,15.195045074756804,-0.0273356358496783
p1_P99,P1_PCTL,99,Dry season,4,0.194700018364268,0.0403061102096042,0.3359885475289189,1.838764735415674,-7.265814750584335,0.024664092769087
p1_P99,P1_PCTL,99,May,2,0.1857915952597055,0.0662592325520851,0.2672483279431873,0.89595238070263,-25.734824014545197,0.0757957407474952
p1_P99,P1_PCTL,99,Rainy season,3,0.1385627656733136,0.0514786282343753,0.2915941662156082,-3.34874615806924,-10.993318499526508,0.0160220642669303
p1_P99,P1_PCTL,99,October,3,0.1707282232299848,0.0498132168696561,0.2336064663566789,-0.3376318128062347,18.59357115970847,-0.0352937532443595
t1_P60,BURST_PCTL,60,Dry season,2,0.1757876344441744,0.0547356632937095,0.2753200663890339,-2.228260759013257,-24.05738634552818,0.0722097620234326
t1_P60,BURST_PCTL,60,May,2,0.1845019217647199,0.0695931701834887,0.2776186616299377,-2.220121182303845,-28.02843189553445,0.075795740747495
t1_P60,BURST_PCTL,60,Rainy season,4,0.1382623282735771,0.0493142793128076,0.3057576728605445,-0.6135185632120901,-9.333276870633933,0.0179409076832373
t1_P60,BURST_PCTL,60,October,4,0.1622349536919064,0.0504811135775163,0.2325977806028555,-0.4753926360522889,4.975273217104681,-0.0114800379950934
t1_P90,BURST_PCTL,90,Dry season,2,0.1408299186301026,0.046649998433105,0.2316154150548807,1.3306125266741666,-16.779297963906586,0.0546676043721677
t1_P90,BURST_PCTL,90,May,2,0.1845019217647199,0.0695931701834887,0.2776186616299377,-2.220121182303845,-28.02843189553445,0.075795740747495
t1_P90,BURST_PCTL,90,Rainy season,4,0.1382623282735771,0.0493142793128076,0.3057576728605445,-0.6135185632120901,-9.333276870633933,0.0179409076832373
t1_P90,BURST_PCTL,90,October,3,0.168562821217199,0.0500439330198417,0.2358996259312367,-2.266110123410655,19.69139412630932,-0.0405602693256215
