client,fam,saison,cfg,plaque,jours,verdict,tenus,manques,NRMSE,FFT,E,pics,kWh,h_eq,coef,fc,L_et,nfen,d_moy
0016GBO,grain_milling,Mai,-,7500.0,29,non verifiable,9,ELM_1h,10.98482518495821,13.49637456771679,-5.68605844029561,1.25,0.27871395833333334,0.03716186111111111,0.48,15,30,3,0.1028
0016GBO,grain_milling,Saison des pluies,-,7500.0,35,non verifiable,8,err_P_pct ECART_PICS_h,10.57924428574958,10.624733672902453,-6.190557660901326,3.0,0.407561822916667,0.05434157638888893,0.48,15,15,2,0.0667
0016GBO,grain_milling,Saison seche,-,7500.0,114,rejetee,9,ECART_PICS_h,9.645158068155185,16.85159629847099,1.4922688756536755,2.25,1.9088737152777768,0.25451649537037024,0.48,15,60,1,0.0185
0017SAM,cold_chain,Mai,avant 2025-09-25,276.0,31,non verifiable,10,,12.029765448728371,9.850629277574486,-5.3644553909958645,0.75,0.2354975000000033,0.8532518115942148,0.5,30,15,2,0.19123333333333334
0017SAM,cold_chain,Octobre,depuis 2025-09-25,552.0,26,non verifiable,7,err_P_pct ELM_1h ELM_2h,7.945207387475264,16.355364141938058,-4.8000840034534,1.75,0.960750229166687,1.7404895455918241,0.64,15,15,2,0.1003
0017SAM,cold_chain,Saison des pluies,avant 2025-09-25,276.0,79,non verifiable,8,ELM_1h ELM_2h,8.56307845592631,19.56112173585244,0.4420514634168368,0.25,0.2207468364583176,0.7998073784721652,0.5,30,30,2,0.027399999999999997
0017SAM,cold_chain,Saison seche,avant 2025-09-25,276.0,72,non verifiable,9,ECART_PICS_h,7.9013169038955375,14.471296956889068,4.280287301835401,3.0,0.6034280208333359,2.186333408816435,0.5,15,30,1,0.09266666666666667
0017SAM,cold_chain,Saison seche,depuis 2025-09-25,552.0,132,non verifiable,10,,6.675911637873296,10.22949134843705,0.1100223193134019,0.0,1.212518180555584,2.196590906803594,0.64,15,15,2,0.13243333333333332
0018SAM,cold_chain,Octobre,depuis 2025-10-02,496.0,26,non verifiable,7,FFT_err ELM_1h ELM_2h,11.147273400408148,34.55731335543947,-1.5499763952107577,0.0,0.39925271111111454,0.80494498207886,0.73,30,30,3,0.12873333333333334
0018SAM,cold_chain,Saison seche,avant 2025-10-02,276.0,107,non verifiable,8,FFT_err ECART_PICS_h,8.935527614969443,21.443897586923576,1.4037601559289195,3.0,0.4929810138888997,1.7861630938003614,0.68,30,30,1,0.0737
0018SAM,cold_chain,Saison seche,depuis 2025-10-02,496.0,133,non verifiable,8,FFT_err ECART_PICS_h,11.941485242043786,28.935667777603747,-0.14254132050338722,3.0,0.611366028645818,1.2325927996891493,0.73,30,30,1,0.08789999999999999
0035SAM,cold_chain,Mai,-,276.0,31,rejetee,7,err_P_pct ELM_1h ELM_2h,7.58250872057112,18.904154211916033,-0.29040784926740615,0.25,0.15914937482639513,0.576628169660852,0.2,60,30,1,0.11263333333333332
0035SAM,cold_chain,Octobre,-,276.0,30,non verifiable,6,CORR_h ECART_PICS_h ELM_1h ELM_2h,15.67167012770862,14.523618569470745,17.1470785653048,3.0,0.11004991805555675,0.3987315871578143,0.2,15,30,1,0.1295
0035SAM,cold_chain,Saison des pluies,-,276.0,57,rejetee,7,FFT_err ELM_1h ELM_2h,7.178214653559584,21.674856093967225,5.356238082581657,0.75,0.15436999322915812,0.5593115696708628,0.2,60,15,1,0.04776666666666666
0035SAM,cold_chain,Saison seche,-,276.0,209,validee,10,,4.75359846029687,10.455830758638616,-1.383525565603943,0.5,0.17946546875000177,0.6502372056159484,0.2,15,15,2,0.09499999999999999
0043SAM,grain_milling,Mai,-,7500.0,33,non verifiable,9,ECART_PICS_h,9.38746458383242,14.87706827839349,-3.1706530651336275,3.0,7.389920395833384,0.9853227194444512,0.56,15,30,2,0.16433333333333333
0043SAM,grain_milling,Saison des pluies,-,7500.0,100,rejetee,9,ECART_PICS_h,5.888259745862239,13.757910529810713,-2.0330445675332713,2.5,19.06165829166643,2.5415544388888573,0.56,15,60,1,0.2043
0043SAM,grain_milling,Saison seche,-,7500.0,163,validee,10,,4.920988222149136,13.496093526951942,-2.0066061625585703,1.25,12.837647104166463,1.7116862805555284,0.56,15,15,1,0.21719999999999998
0097SAM,grain_milling,Mai,-,7350.0,40,rejetee,9,ECART_PICS_h,6.890351697562883,19.83095608201455,-4.967096405982811,1.5,12.562334190971912,1.709161114417947,0.48,10,15,2,0.2847
0097SAM,grain_milling,Octobre,-,7350.0,24,rejetee,9,err_P_pct,8.201994484724201,14.189508655060632,0.8279070566022697,1.25,13.661792798611161,1.8587473195389335,0.48,15,30,3,0.2031333333333333
0097SAM,grain_milling,Saison des pluies,-,7350.0,128,rejetee,9,ECART_PICS_h,6.140124489119811,16.3070881082004,2.5829034310891488,3.0,15.374286069444267,2.0917396012849343,0.48,15,15,1,0.21273333333333333
0097SAM,grain_milling,Saison seche,-,7350.0,211,rejetee,6,ECART_PICS_h ELM_1h ELM_2h PEL_1h,6.388796852635162,6.784511405190365,-2.461062065946601,3.0,10.388122246527601,1.4133499655139592,0.48,15,15,1,0.16749999999999998
0151GBO,cold_chain,Mai,avant 2025-09-17,220.0,28,rejetee,9,FFT_err,8.303820795214847,25.130569077017878,-0.0013558318119245324,0.75,2.143854861111114,9.744794823232336,0.65,10,30,2,0.5371333333333334
0151GBO,cold_chain,Mai,depuis 2025-09-17,440.0,20,non verifiable,10,,8.903092310336122,19.824367400875005,-1.3006365388583647,0.0,1.5205747309027806,3.4558516611426833,0.76,15,15,2,0.25686666666666663
0151GBO,cold_chain,Octobre,depuis 2025-09-17,440.0,30,rejetee,8,FFT_err ECART_PICS_h,8.424722774978356,23.12880661220399,0.26832181619571005,3.0,2.7363475694444346,6.218971748737351,0.76,60,30,2,0.3972
0151GBO,cold_chain,Saison des pluies,avant 2025-09-17,220.0,60,non verifiable,9,FFT_err,7.071407359527954,26.81655612725553,-0.26005160369297897,1.5,0.3551531770833334,1.6143326231060608,0.65,15,30,2,0.34756666666666663
0151GBO,cold_chain,Saison des pluies,depuis 2025-09-17,440.0,63,non verifiable,8,FFT_err ECART_PICS_h,6.766565982522763,20.194305907555776,1.6961705709766859,3.0,1.2784984288194439,2.905678247316918,0.76,15,15,2,0.18303333333333335
0151GBO,cold_chain,Saison seche,avant 2025-09-17,220.0,32,rejetee,8,FFT_err ECART_PICS_h,10.663804466883699,20.864498357858196,-0.8922558625844887,3.0,2.6358865972222265,11.981302714646484,0.65,5,15,1,0.5935666666666667
0151GBO,cold_chain,Saison seche,depuis 2025-09-17,440.0,119,non verifiable,9,ECART_PICS_h,8.578570649530985,15.299024074958778,-1.282821666181947,1.25,4.006787170138897,9.106334477588401,0.76,15,30,1,0.46213333333333334
0152GBO,poultry_incubation,Mai,active,200.0,25,non verifiable,10,,9.532638094467233,12.490065146259521,-0.1317611531427655,1.5,2.9725182083333976,14.862591041666988,0.67,5,30,1,0.6775666666666668
0152GBO,poultry_incubation,Saison des pluies,active,200.0,11,non verifiable,8,FFT_err ECART_PICS_h,9.10779767869394,28.342082674841464,0.09454146024836652,3.0,2.300559291666695,11.502796458333476,0.67,15,30,1,0.43083333333333335
0152GBO,poultry_incubation,Saison seche,active,200.0,73,rejetee,9,ECART_PICS_h,8.10625653959248,10.058438396557598,0.15604704571437944,2.5,2.0567627361111347,10.283813680555673,0.67,15,30,1,0.48196666666666665
0154GBO,grain_milling,Mai,-,7500.0,36,rejetee,8,err_P_pct ECART_PICS_h,7.2864428689400365,10.594971232624232,0.940752424900256,3.0,8.039173875000118,1.0718898500000158,0.29,15,30,1,0.07626666666666666
0154GBO,grain_milling,Octobre,-,7500.0,29,validee,10,,5.862839479863838,10.292917639597707,-3.2234134040476836,0.25,4.302303270833332,0.5736404361111109,0.29,15,60,2,0.07833333333333334
0154GBO,grain_milling,Saison des pluies,-,7500.0,138,validee,10,,4.842886077413975,8.841605679971702,-0.757305031405228,0.5,5.388937666666688,0.7185250222222251,0.29,15,30,1,0.10686666666666667
0154GBO,grain_milling,Saison seche,-,7500.0,177,rejetee,9,ECART_PICS_h,5.9757317713781095,8.39482812671719,-2.5982013817660565,3.0,5.574348958333334,0.7432465277777779,0.29,30,30,1,0.10579999999999999
