date,E_kWh,P_peak_W,P_mean_W,Load_factor,peak_hour_min,peak_sin,peak_cos,ratio_day_night,entropy,cluster
2023-12-12,0.48475,48.0,20.197916666666668,0.4207899305555556,7.5,0.0327190828217761,0.9994645874763656,0.0671436433681893,0.8539619674377759,0
2023-12-13,0.4925,42.0,20.52083333333333,0.4885912698412698,307.5,0.9738769792773336,0.2270762630343732,0.1782296650717703,0.8829267011960088,0
2023-12-14,0.4975,44.0,20.729166666666668,0.4711174242424242,1162.5,-0.935905926757326,0.3522500479212327,0.1080178173719376,0.8779568829027874,0
2023-12-15,0.4665,40.0,19.4375,0.4859375,97.5,0.4127070298043946,0.9108638249211758,0.1364190012180268,0.8734035200498091,0
2023-12-19,0.503,48.0,20.95833333333333,0.4366319444444444,7.5,0.0327190828217761,0.9994645874763656,0.1252796420581655,0.8613456408600089,0
2023-12-20,0.445,42.0,18.541666666666668,0.441468253968254,397.5,0.986643332084879,-0.1628954733945887,0.1588541666666666,0.8729947995008477,0
2023-12-21,0.5355,46.0,22.3125,0.485054347826087,337.5,0.9951847266721968,0.0980171403295607,0.1782178217821782,0.9057764880969038,0
2023-12-22,0.481,40.0,20.041666666666668,0.5010416666666667,7.5,0.0327190828217761,0.9994645874763656,0.2177215189873417,0.9054984818211896,0
2023-12-23,0.4835,46.0,20.14583333333333,0.4379528985507246,67.5,0.2902846772544623,0.9569403357322088,0.1821515892420538,0.887655084973349,0
2023-12-24,0.444,42.0,18.5,0.4404761904761904,1312.5,-0.5280678506503679,0.849202181526579,0.2595744680851063,0.9334362527810904,0
2023-12-25,0.435,44.0,18.125,0.4119318181818182,7.5,0.0327190828217761,0.9994645874763656,0.1284046692607003,0.8643307291953426,0
2023-12-26,0.5175,46.0,21.5625,0.46875,1342.5,-0.4127070298043955,0.9108638249211756,0.2006960556844547,0.911401687043023,0
2023-12-27,0.5125,48.0,21.354166666666668,0.4448784722222222,7.5,0.0327190828217761,0.9994645874763656,0.1105092091007584,0.8572167277861714,0
2023-12-28,0.5095,46.0,21.229166666666668,0.4615036231884058,1417.5,-0.0980171403295605,0.9951847266721968,0.267412935323383,0.9046153234893924,0
2023-12-29,0.5085,48.0,21.1875,0.44140625,67.5,0.2902846772544623,0.9569403357322088,0.1504524886877828,0.886009150970127,0
2023-12-30,0.4675,48.0,19.479166666666668,0.4058159722222222,7.5,0.0327190828217761,0.9994645874763656,0.1571782178217821,0.8805673181724503,0
2023-12-31,0.45175,42.0,18.822916666666668,0.4481646825396825,1237.5,-0.7730104533627369,0.6343932841636456,0.1429475015812776,0.8914848539618107,0
2024-01-01,0.41975,36.0,17.489583333333332,0.4858217592592592,7.5,0.0327190828217761,0.9994645874763656,0.2729340409401061,0.9190120292844516,0
2024-01-02,6.479,832.0,269.9583333333333,0.3244691506410256,1147.5,-0.9569403357322088,0.290284677254462,0.4999421229308948,0.8402480032893541,-1
2024-01-03,0.76825,978.0,32.010416666666664,0.0327304873892297,7.5,0.0327190828217761,0.9994645874763656,0.1077865897620764,0.6521287082585968,-1
2024-01-04,0.3945,36.0,16.4375,0.4565972222222222,412.5,0.9738769792773336,-0.2270762630343731,0.1900452488687782,0.8975534670760754,0
2024-01-05,0.4155,38.0,17.3125,0.4555921052631579,1432.5,-0.0327190828217765,0.9994645874763656,0.1654978962131837,0.8848027025671948,0
2024-01-06,0.4405,38.0,18.354166666666668,0.4830043859649123,187.5,0.7298640726978357,0.6835923020228712,0.2304469273743016,0.8855945573161049,0
2024-01-07,0.4255,42.0,17.729166666666668,0.4221230158730159,1192.5,-0.881921264348355,0.4713967368259976,0.1167979002624672,0.8718592767187239,0
2024-01-13,0.443,42.0,18.45833333333333,0.439484126984127,1267.5,-0.6835923020228714,0.7298640726978356,0.1673254281949934,0.8792192161142739,0
2024-01-16,0.447,42.0,18.625,0.4434523809523809,217.5,0.8128466845916151,0.5824776968678023,0.1701570680628272,0.8726222669731827,0
2024-01-17,0.392,36.0,16.333333333333332,0.4537037037037036,382.5,0.9951847266721968,-0.0980171403295606,0.1089108910891089,0.8582590701185622,0
2024-01-18,0.4165,36.0,17.354166666666668,0.4820601851851852,277.5,0.9359059267573256,0.3522500479212336,0.2107558139534883,0.8917170788782167,0
2024-01-19,0.4365,44.0,18.1875,0.4133522727272727,1192.5,-0.881921264348355,0.4713967368259976,0.1352405721716515,0.8748013961826184,0
2024-01-20,0.4555,42.0,18.979166666666668,0.4518849206349206,7.5,0.0327190828217761,0.9994645874763656,0.1459119496855346,0.8715026780234659,0
2024-01-21,0.353,40.0,14.708333333333334,0.3677083333333333,67.5,0.2902846772544623,0.9569403357322088,0.1966101694915254,0.86944800060236,0
2024-01-22,0.262,34.0,10.916666666666666,0.321078431372549,442.5,0.9359059267573258,-0.3522500479212335,0.2387706855791962,0.8151023729276294,0
2024-01-23,0.20975,30.0,8.739583333333334,0.2913194444444444,1162.5,-0.935905926757326,0.3522500479212327,0.0500625782227784,0.8225839564479331,0
2024-01-24,0.4115,36.0,17.145833333333332,0.4762731481481481,1177.5,-0.9108638249211756,0.4127070298043951,0.1893063583815029,0.883860313659579,0
2024-01-25,0.4875,40.0,20.3125,0.5078125,52.5,0.2270762630343732,0.9738769792773336,0.2141967621419676,0.8889529270135292,0
2024-01-26,0.5155,48.0,21.479166666666668,0.4474826388888889,1162.5,-0.935905926757326,0.3522500479212327,0.1354625550660793,0.8678570201524244,0
2024-01-27,0.466,40.0,19.416666666666668,0.4854166666666667,7.5,0.0327190828217761,0.9994645874763656,0.1620947630922693,0.8733978763241744,0
2024-01-28,0.452,40.0,18.83333333333333,0.4708333333333333,1192.5,-0.881921264348355,0.4713967368259976,0.1472081218274111,0.870738695562857,0
2024-01-29,0.439,40.0,18.291666666666668,0.4572916666666667,7.5,0.0327190828217761,0.9994645874763656,0.12998712998713,0.863117126792211,0
2024-01-30,0.3605,32.0,15.020833333333334,0.4694010416666667,7.5,0.0327190828217761,0.9994645874763656,0.1917355371900826,0.8860763208417818,0
2024-01-31,0.3285,28.0,13.6875,0.4888392857142857,7.5,0.0327190828217761,0.9994645874763656,0.2548811544991511,0.9114644642493224,0
2024-02-01,0.2755,28.0,11.479166666666666,0.4099702380952381,1342.5,-0.4127070298043955,0.9108638249211756,0.1131313131313131,0.8277454731239324,0
2024-02-02,0.3855,32.0,16.0625,0.501953125,1432.5,-0.0327190828217765,0.9994645874763656,0.3089983022071307,0.9312418495121566,0
2024-02-03,0.8555,60.0,35.645833333333336,0.5940972222222223,1252.5,-0.7298640726978359,0.683592302022871,0.7675619834710744,0.9792166943687456,-1
2024-02-04,0.2885,38.0,12.020833333333334,0.3163377192982456,37.5,0.1628954733945887,0.986643332084879,0.1775510204081632,0.87493560741605,0
2024-02-06,0.4475,60.0,18.64583333333333,0.3107638888888889,1312.5,-0.5280678506503679,0.849202181526579,0.1159600997506234,0.8570230338438334,0
2024-02-07,0.4675,58.0,19.479166666666668,0.3358477011494253,7.5,0.0327190828217761,0.9994645874763656,0.2950138504155125,0.8736024745314281,0
2024-02-08,0.426,44.0,17.75,0.4034090909090909,1162.5,-0.935905926757326,0.3522500479212327,0.109375,0.8614782825989475,0
2024-02-09,0.269,32.0,11.208333333333334,0.3502604166666667,1207.5,-0.8492021815265792,0.5280678506503674,0.1208333333333333,0.8568030598560438,0
2024-02-10,0.4145,72.0,17.270833333333332,0.2398726851851851,1387.5,-0.2270762630343738,0.9738769792773336,0.1127516778523489,0.8390221614049216,0
2024-02-11,0.403,66.0,16.791666666666668,0.2544191919191919,7.5,0.0327190828217761,0.9994645874763656,0.0675496688741721,0.834768359835425,0
2024-02-12,0.301,54.0,12.541666666666666,0.232253086419753,7.5,0.0327190828217761,0.9994645874763656,0.1086556169429097,0.8421484283345461,0
2024-02-13,0.281,56.0,11.708333333333334,0.2090773809523809,1237.5,-0.7730104533627369,0.6343932841636456,0.09765625,0.8029331712279798,0
2024-02-14,0.341,34.0,14.208333333333334,0.4178921568627451,1252.5,-0.7298640726978359,0.683592302022871,0.0964630225080385,0.8502340421479826,0
2024-02-15,0.306,34.0,12.75,0.375,22.5,0.0980171403295606,0.9951847266721968,0.2,0.8914282688670967,0
2024-02-16,0.2475,32.0,10.3125,0.322265625,1312.5,-0.5280678506503679,0.849202181526579,0.0975609756097561,0.8434831391175629,0
2024-02-17,0.183,32.0,7.625,0.23828125,7.5,0.0327190828217761,0.9994645874763656,0.0958083832335329,0.8138204049468551,0
2024-02-18,0.153,28.0,6.375,0.2276785714285714,1222.5,-0.8128466845916154,0.5824776968678019,0.0851063829787234,0.8344261178742989,0
2024-02-19,0.1055,18.0,4.395833333333333,0.2442129629629629,7.5,0.0327190828217761,0.9994645874763656,0.1223404255319148,0.8416347030835751,0
2024-02-20,0.116,20.0,4.833333333333333,0.2416666666666666,1207.5,-0.8492021815265792,0.5280678506503674,0.1658291457286432,0.8595592489431578,0
2024-02-21,0.121,14.0,5.041666666666667,0.3601190476190476,1192.5,-0.881921264348355,0.4713967368259976,0.1152073732718894,0.8377906144904707,0
2024-02-22,0.159,20.0,6.625,0.33125,1192.5,-0.881921264348355,0.4713967368259976,0.0564784053156146,0.8290377813945592,0
2024-02-23,0.1625,20.0,6.770833333333333,0.3385416666666666,52.5,0.2270762630343732,0.9738769792773336,0.1403508771929824,0.8757139718863104,0
2024-02-24,0.117,16.0,4.875,0.3046875,52.5,0.2270762630343732,0.9738769792773336,0.1196172248803827,0.8425752462589621,0
2024-02-25,0.2175,38.0,9.0625,0.2384868421052631,1282.5,-0.6343932841636459,0.7730104533627367,0.0507246376811594,0.8112061404537718,0
2024-02-26,0.2705,36.0,11.270833333333334,0.3130787037037037,1192.5,-0.881921264348355,0.4713967368259976,0.5635838150289018,0.9054682979112004,0
2024-02-27,0.1435,18.0,5.979166666666667,0.3321759259259259,1207.5,-0.8492021815265792,0.5280678506503674,0.0954198473282442,0.8347476691783404,0
2024-02-28,0.166,28.0,6.916666666666667,0.2470238095238095,1222.5,-0.8128466845916154,0.5824776968678019,0.0885245901639344,0.8324476000677908,0
2024-03-01,0.182,30.0,7.583333333333333,0.2527777777777777,1267.5,-0.6835923020228714,0.7298640726978356,0.0224719101123595,0.8202830177252489,0
2024-03-02,0.305,52.0,12.708333333333334,0.2443910256410256,1327.5,-0.4713967368259979,0.8819212643483548,0.07773851590106,0.8358666548416197,0
2024-03-03,0.264,52.0,11.0,0.2115384615384615,1222.5,-0.8128466845916154,0.5824776968678019,0.0497017892644135,0.7721901220154679,0
2024-03-04,0.19725,50.0,8.21875,0.164375,7.5,0.0327190828217761,0.9994645874763656,0.0763983628922237,0.8411976642333886,0
2024-03-05,0.2095,34.0,8.729166666666666,0.2567401960784313,1372.5,-0.2902846772544625,0.9569403357322088,0.2359882005899705,0.8674372275583213,0
2024-03-06,0.223,60.0,9.291666666666666,0.1548611111111111,1327.5,-0.4713967368259979,0.8819212643483548,0.0,0.6971220270175316,0
2024-03-07,0.246,58.0,10.25,0.1767241379310344,7.5,0.0327190828217761,0.9994645874763656,0.28125,0.8910353149169122,0
2024-03-08,0.095,18.0,3.9583333333333335,0.2199074074074074,7.5,0.0327190828217761,0.9994645874763656,0.1111111111111111,0.7256802728740253,0
2024-03-10,0.1585,50.0,6.604166666666667,0.1320833333333333,1267.5,-0.6835923020228714,0.7298640726978356,0.0,0.5694500800426195,0
2024-03-11,0.2015,50.0,8.395833333333334,0.1679166666666667,7.5,0.0327190828217761,0.9994645874763656,0.1163434903047091,0.8327124446566359,0
2024-03-12,0.1745,24.0,7.270833333333333,0.3029513888888889,1177.5,-0.9108638249211756,0.4127070298043951,0.0804953560371517,0.8386614918913256,0
2024-03-13,0.3635,50.0,15.145833333333334,0.3029166666666666,1252.5,-0.7298640726978359,0.683592302022871,0.1859706362153344,0.8691540957635822,0
2024-03-14,0.361,48.0,15.041666666666666,0.3133680555555555,7.5,0.0327190828217761,0.9994645874763656,0.5695652173913044,0.8947589969826082,0
2024-03-15,0.223,28.0,9.291666666666666,0.3318452380952381,1222.5,-0.8128466845916154,0.5824776968678019,0.1094527363184079,0.8363652466392255,0
2024-03-16,0.1515,26.0,6.3125,0.2427884615384615,1207.5,-0.8492021815265792,0.5280678506503674,0.0376712328767123,0.8141598678013603,0
2024-03-17,0.187,32.0,7.791666666666667,0.2434895833333333,817.5,-0.4127070298043948,-0.9108638249211758,0.36996336996337,0.8441450668183522,0
2024-03-18,0.262,32.0,10.916666666666666,0.3411458333333333,592.5,0.5280678506503681,-0.8492021815265788,0.5366568914956011,0.8613237700754824,-1
2024-03-19,1.61825,150.0,67.42708333333333,0.4495138888888889,637.5,0.3522500479212339,-0.9359059267573256,1.616410670978173,0.9163851539771062,-1
2024-03-20,2.219,136.0,92.45833333333331,0.6798406862745098,1432.5,-0.0327190828217765,0.9994645874763656,0.5577395577395577,0.9537992839047594,-1
2024-03-21,0.6165,164.0,25.6875,0.1566310975609756,697.5,0.0980171403295608,-0.9951847266721968,0.2111984282907662,0.7514589548398574,-1
2024-03-22,0.85325,144.0,35.552083333333336,0.2468894675925926,427.5,0.9569403357322088,-0.2902846772544621,1.2062055591467356,0.7890638529850215,-1
2024-03-23,1.3515,144.0,56.3125,0.3910590277777778,1402.5,-0.162895473394589,0.986643332084879,0.6957340025094103,0.8567653331635727,-1
2024-03-24,1.062,140.0,44.25,0.3160714285714285,7.5,0.0327190828217761,0.9994645874763656,0.18,0.8070345076886234,0
2024-03-25,0.98325,144.0,40.96875,0.2845052083333333,817.5,-0.4127070298043948,-0.9108638249211758,5.688775510204081,0.8110325246815934,0
2024-03-26,0.9465,146.0,39.4375,0.2701198630136986,1162.5,-0.935905926757326,0.3522500479212327,1.4712793733681462,0.7969347237186003,0
2024-03-27,0.8435,150.0,35.145833333333336,0.2343055555555555,1177.5,-0.9108638249211756,0.4127070298043951,0.2477810650887573,0.7541674095625929,0
2024-03-28,1.44325,152.0,60.13541666666666,0.3956277412280701,1162.5,-0.935905926757326,0.3522500479212327,1.2836234177215189,0.8614532234177931,-1
2024-03-29,0.36375,140.0,15.15625,0.1082589285714285,352.5,0.9994645874763656,0.0327190828217761,1.1428571428571428,0.7080660243882151,0
2024-03-30,2.226,154.0,92.75,0.6022727272727273,1087.5,-0.9994645874763656,0.0327190828217761,0.7937147461724415,0.9242634933243288,-1
2024-03-31,0.341,140.0,14.208333333333334,0.1014880952380952,7.5,0.0327190828217761,0.9994645874763656,0.0224887556221889,0.6515185424881411,0
2024-04-01,0.988,140.0,41.16666666666666,0.294047619047619,7.5,0.0327190828217761,0.9994645874763656,0.1208167895632444,0.7837179728258029,0
2024-04-02,0.765,140.0,31.875,0.2276785714285714,967.5,-0.8819212643483549,-0.4713967368259978,0.2191235059760956,0.809762404031027,0
2024-04-03,0.514,134.0,21.416666666666668,0.1598258706467661,187.5,0.7298640726978357,0.6835923020228712,0.0878306878306878,0.686812676295954,0
2024-04-04,1.204,142.0,50.16666666666666,0.3532863849765258,1072.5,-0.9994645874763656,-0.0327190828217765,0.7576642335766424,0.8252731932807199,-1
2024-04-05,0.174,18.0,7.25,0.4027777777777778,1357.5,-0.3522500479212331,0.935905926757326,0.0388059701492537,0.8620248719754775,0
2024-04-06,0.5165,138.0,21.52083333333333,0.1559480676328502,847.5,-0.5280678506503675,-0.8492021815265792,4.902857142857143,0.7172439831572613,0
2024-04-07,0.6155,140.0,25.64583333333333,0.1831845238095238,982.5,-0.9108638249211756,-0.4127070298043954,0.7789017341040463,0.7344714059850747,0
2024-04-08,0.515,132.0,21.45833333333333,0.1625631313131313,1027.5,-0.9738769792773336,-0.2270762630343737,0.5944272445820433,0.7398801098371904,0
2024-04-09,0.5455,150.0,22.729166666666668,0.1515277777777778,1312.5,-0.5280678506503679,0.849202181526579,0.0331439393939393,0.7076973596634865,0
2024-04-10,0.49325,142.0,20.55208333333333,0.1447329812206572,7.5,0.0327190828217761,0.9994645874763656,0.0081757792539601,0.675261429563616,0
2024-04-11,0.163,24.0,6.791666666666667,0.2829861111111111,1207.5,-0.8492021815265792,0.5280678506503674,0.0482315112540192,0.8248090218518738,0
2024-04-12,1.2285,150.0,51.1875,0.34125,922.5,-0.7730104533627367,-0.6343932841636459,2.912420382165605,0.8160018527699957,-1
2024-04-13,0.47,150.0,19.58333333333333,0.1305555555555555,892.5,-0.683592302022871,-0.7298640726978359,12.23943661971831,0.6132490131041334,0
2024-04-14,0.0885,8.0,3.6875,0.4609375,7.5,0.0327190828217761,0.9994645874763656,0.3409090909090909,0.8813410954745644,0
2024-04-15,1.109,142.0,46.208333333333336,0.3254107981220657,1057.5,-0.9951847266721968,-0.0980171403295604,0.3949685534591195,0.7993960042742755,-1
2024-04-16,0.473,142.0,19.70833333333333,0.1387910798122065,1327.5,-0.4713967368259979,0.8819212643483548,0.0117647058823529,0.6561548016594699,0
2024-04-18,0.362,140.0,15.083333333333334,0.1077380952380952,307.5,0.9738769792773336,0.2270762630343732,1.0509915014164306,0.5335094778458741,0
2024-04-19,0.2315,138.0,9.645833333333334,0.069897342995169,427.5,0.9569403357322088,-0.2902846772544621,10.0,0.4466861639061178,0
2024-04-20,0.4425,156.0,18.4375,0.1181891025641025,1342.5,-0.4127070298043955,0.9108638249211756,0.0,0.5490691043974716,0
2024-04-21,0.42,144.0,17.5,0.1215277777777777,7.5,0.0327190828217761,0.9994645874763656,0.0,0.5645930853474908,0
2024-04-23,0.7795,140.0,32.479166666666664,0.2319940476190476,307.5,0.9738769792773336,0.2270762630343732,2.3526881720430106,0.7090355107520511,-1
2024-04-24,0.00725,8.0,0.3020833333333333,0.0377604166666666,1177.5,-0.9108638249211756,0.4127070298043951,0.0,0.3593180797677863,0
2024-04-25,0.46925,144.0,19.55208333333333,0.1357783564814814,1282.5,-0.6343932841636459,0.7730104533627367,0.0,0.596942531912467,0
2024-04-26,0.3205,132.0,13.354166666666666,0.1011679292929292,7.5,0.0327190828217761,0.9994645874763656,0.0,0.5062087474458855,0
2024-04-28,0.0305,56.0,1.2708333333333333,0.0226934523809523,1192.5,-0.881921264348355,0.4713967368259976,0.0,0.4062137470130073,0
2024-04-29,0.664,152.0,27.666666666666668,0.1820175438596491,187.5,0.7298640726978357,0.6835923020228712,1.5886939571150098,0.6616678190481472,0
2024-04-30,0.41975,144.0,17.489583333333332,0.1214554398148148,1342.5,-0.4127070298043955,0.9108638249211756,0.0011926058437686,0.5680809994110128,0
2024-05-01,0.0465,4.0,1.9375,0.484375,7.5,0.0327190828217761,0.9994645874763656,0.0689655172413793,0.8428159611545943,0
2024-05-02,0.07125,10.0,2.96875,0.296875,397.5,0.986643332084879,-0.1628954733945887,0.6193181818181818,0.9027460802728936,0
2024-05-03,0.449,144.0,18.70833333333333,0.1299189814814814,877.5,-0.6343932841636453,-0.7730104533627371,6.946902654867257,0.6702430899754374,0
2024-05-04,0.1425,40.0,5.9375,0.1484375,1267.5,-0.6835923020228714,0.7298640726978356,0.0251798561151079,0.724057635316564,0
2024-05-05,0.528,142.0,22.0,0.1549295774647887,412.5,0.9738769792773336,-0.2270762630343731,6.135135135135135,0.672041267111548,0
2024-05-06,0.098,34.0,4.083333333333333,0.1200980392156862,1387.5,-0.2270762630343738,0.9738769792773336,0.2327044025157232,0.8363807303824284,0
2024-05-07,0.169,42.0,7.041666666666667,0.1676587301587301,52.5,0.2270762630343732,0.9738769792773336,0.015015015015015,0.7453888536941151,0
2024-05-08,0.6845,144.0,28.52083333333333,0.1980613425925926,952.5,-0.849202181526579,-0.5280678506503678,1.673828125,0.7491117494501919,0
2024-05-09,0.0505,6.0,2.1041666666666665,0.3506944444444444,1252.5,-0.7298640726978359,0.683592302022871,0.0412371134020618,0.8249606391690205,0
2024-05-10,0.0485,6.0,2.020833333333333,0.3368055555555556,7.5,0.0327190828217761,0.9994645874763656,0.0543478260869565,0.8398033063280921,0
2024-05-11,0.1465,142.0,6.104166666666667,0.0429870892018779,712.5,0.032719082821776,-0.9994645874763656,2.117021276595745,0.7446832209587781,0
2024-05-12,0.06975,6.0,2.90625,0.484375,7.5,0.0327190828217761,0.9994645874763656,0.2290748898678414,0.8886227280856699,0
2024-05-13,0.1585,26.0,6.604166666666667,0.2540064102564102,952.5,-0.849202181526579,-0.5280678506503678,0.6861702127659575,0.8380152247847872,0
2024-05-14,0.65275,142.0,27.197916666666668,0.1915346244131455,337.5,0.9951847266721968,0.0980171403295607,0.156845369960124,0.688232104718939,0
2024-05-15,0.09,14.0,3.75,0.2678571428571428,1162.5,-0.935905926757326,0.3522500479212327,0.0588235294117647,0.8154454684151655,0
2024-05-16,0.1195,22.0,4.979166666666667,0.2263257575757576,1147.5,-0.9569403357322088,0.290284677254462,0.0301724137931034,0.7855107261905634,0
2024-05-17,0.053,6.0,2.208333333333333,0.3680555555555556,142.5,0.5824776968678022,0.8128466845916152,0.06,0.8346505935712712,0
2024-05-18,0.859,146.0,35.791666666666664,0.245148401826484,97.5,0.4127070298043946,0.9108638249211758,0.0386940749697702,0.7699801633774366,0
2024-05-19,0.096,14.0,4.0,0.2857142857142857,7.5,0.0327190828217761,0.9994645874763656,0.0267379679144385,0.8049649954934225,0
2024-05-20,0.458,140.0,19.08333333333333,0.1363095238095238,487.5,0.8492021815265789,-0.528067850650368,2.592156862745098,0.7049256330283189,0
2024-05-21,0.304,154.0,12.666666666666666,0.0822510822510822,1027.5,-0.9738769792773336,-0.2270762630343737,2.707317073170732,0.6884493907060723,0
2024-05-22,0.0845,10.0,3.520833333333333,0.3520833333333333,352.5,0.9994645874763656,0.0327190828217761,0.0628930817610062,0.8272770327044413,0
2024-05-23,0.451,150.0,18.791666666666668,0.1252777777777778,1252.5,-0.7298640726978359,0.683592302022871,0.0157657657657657,0.6734661383061893,0
2024-05-24,0.0545,10.0,2.270833333333333,0.2270833333333333,7.5,0.0327190828217761,0.9994645874763656,0.0792079207920792,0.8311105154086426,0
2024-05-25,0.0855,14.0,3.5625,0.2544642857142857,1387.5,-0.2270762630343738,0.9738769792773336,0.14,0.852609287573993,0
2024-05-26,0.14,22.0,5.833333333333333,0.2651515151515151,532.5,0.7298640726978356,-0.6835923020228714,0.5555555555555556,0.9562160927746564,0
2024-05-27,0.7655,154.0,31.89583333333333,0.2071158008658008,1177.5,-0.9108638249211756,0.4127070298043951,0.9553001277139208,0.7321901150556316,0
2024-05-28,0.114,42.0,4.75,0.1130952380952381,1237.5,-0.7730104533627369,0.6343932841636456,0.0224215246636771,0.8011901847907426,0
2024-05-29,0.067,10.0,2.7916666666666665,0.2791666666666667,7.5,0.0327190828217761,0.9994645874763656,0.046875,0.8312521827871011,0
2024-05-30,0.5705,148.0,23.77083333333333,0.1606137387387387,1342.5,-0.4127070298043955,0.9108638249211756,0.5336021505376344,0.7965085727160746,0
2024-05-31,0.087,14.0,3.625,0.2589285714285714,1297.5,-0.5824776968678023,0.8128466845916151,0.2340425531914893,0.8855259974374599,0
2024-06-01,0.0825,10.0,3.4375,0.34375,1177.5,-0.9108638249211756,0.4127070298043951,0.1785714285714285,0.8624422480119844,0
2024-06-02,0.131,20.0,5.458333333333333,0.2729166666666666,1282.5,-0.6343932841636459,0.7730104533627367,0.3505154639175257,0.9023391099939678,0
2024-06-03,0.166,18.0,6.916666666666667,0.3842592592592593,1237.5,-0.7730104533627369,0.6343932841636456,0.0407523510971786,0.8357332648901901,0
2024-06-04,0.946,152.0,39.41666666666666,0.2593201754385965,127.5,0.528067850650368,0.8492021815265789,0.1657424522489217,0.768993443224935,0
2024-06-05,0.143,16.0,5.958333333333333,0.3723958333333333,157.5,0.6343932841636455,0.773010453362737,0.055350553505535,0.8334725799748499,0
2024-06-06,0.1955,20.0,8.145833333333334,0.4072916666666667,1192.5,-0.881921264348355,0.4713967368259976,0.1268011527377521,0.9006567660022958,0
2024-06-07,0.15025,16.0,6.260416666666667,0.3912760416666667,7.5,0.0327190828217761,0.9994645874763656,0.0674955595026643,0.8517141202122431,0
2024-06-08,0.079,16.0,3.2916666666666665,0.2057291666666666,1402.5,-0.162895473394589,0.986643332084879,0.1126760563380281,0.8267903269820783,0
2024-06-09,0.1425,18.0,5.9375,0.3298611111111111,22.5,0.0980171403295606,0.9951847266721968,0.0877862595419847,0.8384866440243076,0
2024-06-10,0.705,144.0,29.375,0.2039930555555555,802.5,-0.3522500479212332,-0.935905926757326,2.0128205128205128,0.7988693537294871,0
2024-06-11,0.126,26.0,5.25,0.2019230769230769,7.5,0.0327190828217761,0.9994645874763656,0.0413223140495867,0.8381635422552,0
2024-06-12,0.139,14.0,5.791666666666667,0.4136904761904762,7.5,0.0327190828217761,0.9994645874763656,0.0334572490706319,0.8297622637422201,0
2024-06-13,0.1075,16.0,4.479166666666667,0.2799479166666667,7.5,0.0327190828217761,0.9994645874763656,0.0591133004926108,0.8386859309441315,0
2024-06-14,1.0405,154.0,43.35416666666666,0.2815205627705627,112.5,0.4713967368259976,0.881921264348355,0.2853613341568869,0.7808620054952898,0
2024-06-15,0.0835,18.0,3.4791666666666665,0.193287037037037,352.5,0.9994645874763656,0.0327190828217761,0.3916666666666666,0.8335438624610149,0
2024-06-16,0.1075,10.0,4.479166666666667,0.4479166666666667,442.5,0.9359059267573258,-0.3522500479212335,0.1684782608695652,0.8658505294505408,0
2024-06-17,0.09625,16.0,4.010416666666667,0.2506510416666667,1387.5,-0.2270762630343738,0.9738769792773336,0.0724233983286908,0.8449687388067573,0
2024-06-18,0.114,16.0,4.75,0.296875,412.5,0.9738769792773336,-0.2270762630343731,0.2324324324324324,0.8726512990669255,0
2024-06-19,0.5115,142.0,21.3125,0.1500880281690141,907.5,-0.7298640726978357,-0.6835923020228712,5.642857142857143,0.7110540482151088,0
2024-06-20,0.127,24.0,5.291666666666667,0.2204861111111111,1312.5,-0.5280678506503679,0.849202181526579,0.1140350877192982,0.83311134032823,0
2024-06-21,0.1605,22.0,6.6875,0.3039772727272727,37.5,0.1628954733945887,0.986643332084879,0.0255591054313099,0.8322873158376883,0
2024-06-22,0.15525,28.0,6.46875,0.2310267857142857,1387.5,-0.2270762630343738,0.9738769792773336,0.1149012567324955,0.8334758226502561,0
2024-06-23,0.17575,22.0,7.322916666666667,0.3328598484848485,7.5,0.0327190828217761,0.9994645874763656,0.0967238689547582,0.8366385869840349,0
2024-06-24,0.167,18.0,6.958333333333333,0.386574074074074,7.5,0.0327190828217761,0.9994645874763656,0.0739549839228295,0.8407423010877497,0
2024-06-25,0.145,14.0,6.041666666666667,0.431547619047619,7.5,0.0327190828217761,0.9994645874763656,0.2288135593220339,0.8838128825536542,0
2024-06-26,0.3295,132.0,13.729166666666666,0.1040088383838383,727.5,-0.0327190828217762,-0.9994645874763656,6.086021505376344,0.6520363945272976,0
2024-06-27,0.1085,12.0,4.520833333333333,0.3767361111111111,7.5,0.0327190828217761,0.9994645874763656,0.2764705882352941,0.8745237926805979,0
2024-06-28,0.1135,16.0,4.729166666666667,0.2955729166666667,427.5,0.9569403357322088,-0.2902846772544621,0.1884816753926701,0.8725495374941519,0
2024-06-29,0.57425,138.0,23.92708333333333,0.1733846618357487,922.5,-0.7730104533627367,-0.6343932841636459,2.980935875216638,0.7546524245859204,0
2024-06-30,0.12475,20.0,5.197916666666667,0.2598958333333333,427.5,0.9569403357322088,-0.2902846772544621,0.3028720626631854,0.8576578145483562,0
2024-07-01,0.102,10.0,4.25,0.425,7.5,0.0327190828217761,0.9994645874763656,0.2592592592592592,0.8833646908395272,0
2024-07-02,0.14875,12.0,6.197916666666667,0.5164930555555556,1147.5,-0.9569403357322088,0.290284677254462,0.6573816155988857,0.963466207229574,-1
2024-07-03,0.6505,148.0,27.104166666666668,0.1831362612612612,1102.5,-0.9951847266721968,0.09801714032956,1.6991701244813278,0.7384687173829524,0
2024-07-04,0.12,16.0,5.0,0.3125,1177.5,-0.9108638249211756,0.4127070298043951,0.2834224598930481,0.8983986074425898,0
2024-07-05,0.14775,18.0,6.15625,0.3420138888888889,7.5,0.0327190828217761,0.9994645874763656,0.0844036697247706,0.8306630689274416,0
2024-07-06,0.104,12.0,4.333333333333333,0.3611111111111111,1177.5,-0.9108638249211756,0.4127070298043951,0.238095238095238,0.8803115466745443,0
2024-07-07,0.1075,10.0,4.479166666666667,0.4479166666666667,7.5,0.0327190828217761,0.9994645874763656,0.1621621621621621,0.8697600014253072,0
2024-07-08,0.1495,24.0,6.229166666666667,0.2595486111111111,1372.5,-0.2902846772544625,0.9569403357322088,0.0418118466898954,0.8252395951206718,0
2024-07-09,0.1035,22.0,4.3125,0.1960227272727272,1177.5,-0.9108638249211756,0.4127070298043951,0.106951871657754,0.8467710978906401,0
2024-07-10,0.0845,10.0,3.520833333333333,0.3520833333333333,1177.5,-0.9108638249211756,0.4127070298043951,0.0696202531645569,0.8325518596565259,0
2024-07-11,0.0925,10.0,3.8541666666666665,0.3854166666666666,1192.5,-0.881921264348355,0.4713967368259976,0.0755813953488372,0.8361543805902492,0
2024-07-12,0.091,10.0,3.7916666666666665,0.3791666666666666,7.5,0.0327190828217761,0.9994645874763656,0.1234567901234567,0.855376442595419,0
2024-07-13,0.118,16.0,4.916666666666667,0.3072916666666667,412.5,0.9738769792773336,-0.2270762630343731,0.3038674033149171,0.917045385686146,0
2024-07-15,0.1415,14.0,5.895833333333333,0.4211309523809524,1297.5,-0.5824776968678023,0.8128466845916151,0.2304347826086956,0.911803350883958,0
2024-07-16,0.1755,44.0,7.3125,0.1661931818181818,457.5,0.910863824921176,-0.4127070298043946,0.7205882352941176,0.8706379330740303,0
2024-07-17,0.07,8.0,2.9166666666666665,0.3645833333333333,427.5,0.9569403357322088,-0.2902846772544621,0.217391304347826,0.8590386507850614,0
2024-07-24,0.6105,138.0,25.4375,0.1843297101449275,772.5,-0.2270762630343734,-0.9738769792773336,9.710526315789474,0.7175669018753231,0
2024-07-25,0.128,22.0,5.333333333333333,0.2424242424242424,1222.5,-0.8128466845916154,0.5824776968678019,0.1851851851851851,0.8341124633885186,0
2024-07-26,0.084,14.0,3.5,0.25,427.5,0.9569403357322088,-0.2902846772544621,0.2,0.8414535588807797,0
2024-07-27,0.0635,10.0,2.645833333333333,0.2645833333333333,1177.5,-0.9108638249211756,0.4127070298043951,0.0854700854700854,0.835142080482093,0
2024-07-28,0.2175,146.0,9.0625,0.0620719178082191,1432.5,-0.0327190828217765,0.9994645874763656,0.025943396226415,0.6766213863441887,0
2024-07-29,0.68,150.0,28.33333333333333,0.1888888888888888,22.5,0.0980171403295606,0.9951847266721968,0.0649960845732184,0.767809262438529,0
2024-07-30,0.1185,16.0,4.9375,0.30859375,1312.5,-0.5280678506503679,0.849202181526579,0.1126760563380281,0.8497749727943554,0
2024-07-31,0.073,16.0,3.0416666666666665,0.1901041666666666,1162.5,-0.935905926757326,0.3522500479212327,0.0977443609022556,0.832946112548668,0
2024-08-01,0.5995,146.0,24.979166666666668,0.1710901826484018,802.5,-0.3522500479212332,-0.935905926757326,5.377659574468085,0.7566530171266947,0
2024-08-02,0.066,8.0,2.75,0.34375,52.5,0.2270762630343732,0.9738769792773336,0.0909090909090909,0.8475729609199982,0
2024-08-03,0.0895,14.0,3.7291666666666665,0.2663690476190476,1342.5,-0.4127070298043955,0.9108638249211756,0.2971014492753623,0.8657397836299074,0
2024-08-04,0.163,22.0,6.791666666666667,0.3087121212121212,22.5,0.0980171403295606,0.9951847266721968,0.1941391941391941,0.8761338597133752,0
2024-08-05,0.0855,16.0,3.5625,0.22265625,1162.5,-0.935905926757326,0.3522500479212327,0.0891719745222929,0.8401823473731045,0
2024-08-06,0.107,16.0,4.458333333333333,0.2786458333333333,1207.5,-0.8492021815265792,0.5280678506503674,0.0594059405940594,0.8336977438853174,0
2024-08-07,0.1765,40.0,7.354166666666667,0.1838541666666666,1237.5,-0.7730104533627369,0.6343932841636456,0.5758928571428571,0.91194967621788,0
2024-08-08,0.071,14.0,2.958333333333333,0.2113095238095238,1282.5,-0.6343932841636459,0.7730104533627367,0.0518518518518518,0.82867649329792,0
2024-08-09,0.714,152.0,29.75,0.1957236842105263,1237.5,-0.7730104533627369,0.6343932841636456,0.0446232626188734,0.725597111772893,0
2024-08-10,0.1305,108.0,5.4375,0.0503472222222222,7.5,0.0327190828217761,0.9994645874763656,0.0696721311475409,0.7801756892025227,0
2024-08-11,0.1165,12.0,4.854166666666667,0.4045138888888889,1177.5,-0.9108638249211756,0.4127070298043951,0.4121212121212121,0.9148585179555648,0
2024-08-12,0.1165,42.0,4.854166666666667,0.1155753968253968,982.5,-0.9108638249211756,-0.4127070298043954,0.3952095808383233,0.8016918857678283,0
2024-08-13,0.101,12.0,4.208333333333333,0.3506944444444444,1207.5,-0.8492021815265792,0.5280678506503674,0.4125874125874126,0.9095026346208216,0
2024-08-14,0.15075,36.0,6.28125,0.1744791666666666,1312.5,-0.5280678506503679,0.849202181526579,0.1988071570576541,0.817008685023235,0
2024-08-15,0.393,152.0,16.375,0.1077302631578947,1282.5,-0.6343932841636459,0.7730104533627367,0.0155038759689922,0.6203319488824941,0
2024-08-16,0.0825,10.0,3.4375,0.34375,1177.5,-0.9108638249211756,0.4127070298043951,0.2992125984251969,0.8907932159329158,0
2024-08-17,0.09,10.0,3.75,0.375,1387.5,-0.2270762630343738,0.9738769792773336,0.4173228346456692,0.9075171336130784,0
2024-08-18,0.368,140.0,15.333333333333334,0.1095238095238095,1387.5,-0.2270762630343738,0.9738769792773336,0.0919881305637982,0.7078032736890926,0
2024-08-19,0.796,136.0,33.166666666666664,0.2438725490196078,7.5,0.0327190828217761,0.9994645874763656,0.0613333333333333,0.7925481384765487,0
2024-08-20,0.102,16.0,4.25,0.265625,7.5,0.0327190828217761,0.9994645874763656,0.2439024390243902,0.8845993912282076,0
2024-08-21,0.0535,6.0,2.2291666666666665,0.3715277777777777,1162.5,-0.935905926757326,0.3522500479212327,0.0808080808080808,0.8445086802200258,0
2024-08-22,0.1495,16.0,6.229166666666667,0.3893229166666667,1177.5,-0.9108638249211756,0.4127070298043951,0.6988636363636364,0.9408947337026288,0
2024-08-23,0.1035,8.0,4.3125,0.5390625,277.5,0.9359059267573256,0.3522500479212336,0.5109489051094891,0.9514039081772896,0
2024-08-24,0.12225,16.0,5.09375,0.318359375,1147.5,-0.9569403357322088,0.290284677254462,0.956,0.9538616821138116,0
2024-08-25,0.1115,20.0,4.645833333333333,0.2322916666666666,1192.5,-0.881921264348355,0.4713967368259976,0.1925133689839572,0.8900082720424445,0
2024-08-27,0.14275,12.0,5.947916666666667,0.4956597222222222,7.5,0.0327190828217761,0.9994645874763656,0.4133663366336633,0.919909191605415,0
2024-08-28,0.825,144.0,34.375,0.2387152777777778,1027.5,-0.9738769792773336,-0.2270762630343737,0.5291936978683967,0.7631339617007548,0
2024-08-29,0.1655,30.0,6.895833333333333,0.2298611111111111,1387.5,-0.2270762630343738,0.9738769792773336,0.1335616438356164,0.8400080360919022,0
2024-08-30,0.1575,26.0,6.5625,0.2524038461538461,1417.5,-0.0980171403295605,0.9951847266721968,0.2962962962962963,0.8846615319418106,0
2024-08-31,0.156,22.0,6.5,0.2954545454545454,7.5,0.0327190828217761,0.9994645874763656,0.3333333333333333,0.8629460050421104,0
2024-09-01,0.1695,30.0,7.0625,0.2354166666666666,37.5,0.1628954733945887,0.986643332084879,0.3669354838709677,0.8737960335544137,0
2024-09-02,0.1505,28.0,6.270833333333333,0.2239583333333333,862.5,-0.5824776968678024,-0.812846684591615,1.7117117117117118,0.8822034473122701,0
2024-09-03,0.1235,14.0,5.145833333333333,0.3675595238095238,1207.5,-0.8492021815265792,0.5280678506503674,0.3571428571428571,0.8799043302008068,0
2024-09-04,0.0875,14.0,3.6458333333333335,0.2604166666666667,7.5,0.0327190828217761,0.9994645874763656,0.3358778625954198,0.9116393553080648,0
2024-09-05,0.1145,14.0,4.770833333333333,0.3407738095238095,97.5,0.4127070298043946,0.9108638249211758,0.4967320261437908,0.9582192657055036,0
2024-09-06,0.12,12.0,5.0,0.4166666666666667,7.5,0.0327190828217761,0.9994645874763656,0.3043478260869565,0.9129640321663834,0
2024-09-07,0.1235,18.0,5.145833333333333,0.2858796296296296,37.5,0.1628954733945887,0.986643332084879,0.1990291262135922,0.8775970075755618,0
2024-09-08,0.11825,14.0,4.927083333333333,0.3519345238095238,1147.5,-0.9569403357322088,0.290284677254462,0.4643962848297213,0.93355571709122,0
2024-09-09,0.089,16.0,3.7083333333333335,0.2317708333333333,1312.5,-0.5280678506503679,0.849202181526579,0.0532544378698224,0.833778818543871,0
2024-09-10,0.1145,20.0,4.770833333333333,0.2385416666666666,1402.5,-0.162895473394589,0.986643332084879,0.1280788177339901,0.8823970757888467,0
2024-09-11,0.14125,14.0,5.885416666666667,0.4203869047619047,1372.5,-0.2902846772544625,0.9569403357322088,0.2417582417582417,0.9324875335315244,0
2024-09-12,0.091,12.0,3.7916666666666665,0.3159722222222222,1222.5,-0.8128466845916154,0.5824776968678019,0.2214765100671141,0.8589611465510647,0
2024-09-13,0.1015,12.0,4.229166666666667,0.3524305555555556,322.5,0.986643332084879,0.1628954733945888,0.1666666666666666,0.9009572680511316,0
2024-09-14,0.0935,16.0,3.8958333333333335,0.2434895833333333,1147.5,-0.9569403357322088,0.290284677254462,0.1543209876543209,0.8754483126724285,0
2024-09-15,0.114,14.0,4.75,0.3392857142857143,1147.5,-0.9569403357322088,0.290284677254462,0.1343283582089552,0.8936362120227918,0
2024-09-16,0.10925,14.0,4.552083333333333,0.3251488095238095,1237.5,-0.7730104533627369,0.6343932841636456,0.1380208333333333,0.8813472212201601,0
2024-09-17,0.1315,14.0,5.479166666666667,0.3913690476190476,682.5,0.1628954733945889,-0.986643332084879,0.7417218543046358,0.9305618876614928,-1
2024-09-18,0.0895,14.0,3.7291666666666665,0.2663690476190476,1267.5,-0.6835923020228714,0.7298640726978356,0.2695035460992908,0.8994919230567138,0
2024-09-19,0.069,10.0,2.875,0.2875,1417.5,-0.0980171403295605,0.9951847266721968,0.1311475409836065,0.8667528081863302,0
2024-09-20,0.096,12.0,4.0,0.3333333333333333,52.5,0.2270762630343732,0.9738769792773336,0.1228070175438596,0.858040519629949,0
2024-09-21,0.091,16.0,3.7916666666666665,0.2369791666666666,37.5,0.1628954733945887,0.986643332084879,0.0898203592814371,0.8458426216344208,0
2024-09-22,0.1295,10.0,5.395833333333333,0.5395833333333333,1147.5,-0.9569403357322088,0.290284677254462,0.4153005464480874,0.944129078904458,0
2024-09-23,0.0835,10.0,3.4791666666666665,0.3479166666666666,1162.5,-0.935905926757326,0.3522500479212327,0.1438356164383561,0.8654718649995568,0
2024-09-24,0.07925,10.0,3.302083333333333,0.3302083333333333,1192.5,-0.881921264348355,0.4713967368259976,0.1697416974169741,0.8823872472261202,0
2024-09-25,0.0945,20.0,3.9375,0.196875,1222.5,-0.8128466845916154,0.5824776968678019,0.2272727272727272,0.841575120161145,0
2024-09-26,0.08275,14.0,3.4479166666666665,0.2462797619047619,352.5,0.9994645874763656,0.0327190828217761,0.1070234113712374,0.8383983104020959,0
2024-09-27,0.16175,32.0,6.739583333333333,0.2106119791666666,622.5,0.4127070298043946,-0.910863824921176,0.6379746835443038,0.8780273163973624,0
2024-09-28,0.181,18.0,7.541666666666667,0.4189814814814815,7.5,0.0327190828217761,0.9994645874763656,0.1070336391437308,0.8841478761550363,0
2024-09-29,0.201,26.0,8.375,0.3221153846153846,1252.5,-0.7298640726978359,0.683592302022871,0.3009708737864077,0.9127750554600276,0
2024-09-30,0.14975,14.0,6.239583333333333,0.4456845238095238,67.5,0.2902846772544623,0.9569403357322088,0.0792792792792792,0.8799315113121179,0
2024-10-01,0.1145,12.0,4.770833333333333,0.3975694444444444,1072.5,-0.9994645874763656,-0.0327190828217765,0.1507537688442211,0.8792891210438422,0
2024-10-02,0.12975,16.0,5.40625,0.337890625,397.5,0.986643332084879,-0.1628954733945887,0.7242524916943521,0.956176966886834,0
2024-10-03,0.1075,14.0,4.479166666666667,0.3199404761904762,127.5,0.528067850650368,0.8492021815265789,0.2146892655367231,0.8941374324669509,0
2024-10-04,0.0685,10.0,2.8541666666666665,0.2854166666666666,7.5,0.0327190828217761,0.9994645874763656,0.1048387096774193,0.7700888073648722,0
2024-10-05,0.004,6.0,0.1666666666666666,0.0277777777777777,1087.5,-0.9994645874763656,0.0327190828217761,0.1428571428571428,0.2893925458216502,0
2024-10-06,0.007,6.0,0.2916666666666667,0.0486111111111111,412.5,0.9738769792773336,-0.2270762630343731,3.6666666666666665,0.4533401876919326,0
2024-10-07,0.057,10.0,2.375,0.2375,1132.5,-0.9738769792773336,0.2270762630343734,0.2808988764044944,0.7772824111758776,0
2024-10-08,0.131,36.0,5.458333333333333,0.1516203703703703,1222.5,-0.8128466845916154,0.5824776968678019,0.1148936170212766,0.7791719631836136,0
2024-10-09,0.174,28.0,7.25,0.2589285714285714,1297.5,-0.5824776968678023,0.8128466845916151,0.3488372093023256,0.895187073878456,0
2024-10-10,0.1455,22.0,6.0625,0.2755681818181818,7.5,0.0327190828217761,0.9994645874763656,0.0698529411764705,0.8428592165102462,0
2024-10-11,0.0915,14.0,3.8125,0.2723214285714285,82.5,0.3522500479212335,0.9359059267573258,0.0457142857142857,0.8409225779579,0
2024-10-12,0.0985,12.0,4.104166666666667,0.3420138888888889,1192.5,-0.881921264348355,0.4713967368259976,0.1726190476190476,0.8806456441246017,0
2024-10-13,0.13875,22.0,5.78125,0.2627840909090909,1387.5,-0.2270762630343738,0.9738769792773336,0.0632183908045977,0.837380134579948,0
2024-10-14,0.1945,18.0,8.104166666666666,0.4502314814814814,7.5,0.0327190828217761,0.9994645874763656,0.1859756097560975,0.9159947535985656,0
2024-10-15,0.1,14.0,4.166666666666667,0.2976190476190476,1252.5,-0.7298640726978359,0.683592302022871,0.0416666666666666,0.839118688788113,0
2024-10-16,0.1585,14.0,6.604166666666667,0.4717261904761905,52.5,0.2270762630343732,0.9738769792773336,0.2991803278688524,0.9185819820850896,0
2024-10-17,0.10575,22.0,4.40625,0.2002840909090909,1147.5,-0.9569403357322088,0.290284677254462,0.0393120393120393,0.8345997693275263,0
2024-10-18,0.073,12.0,3.0416666666666665,0.2534722222222222,1297.5,-0.5824776968678023,0.8128466845916151,0.0814814814814814,0.8439933439471279,0
2024-10-19,0.1375,20.0,5.729166666666667,0.2864583333333333,1177.5,-0.9108638249211756,0.4127070298043951,0.2557077625570776,0.8857684101146952,0
2024-10-20,0.1005,12.0,4.1875,0.3489583333333333,1342.5,-0.4127070298043955,0.9108638249211756,0.0983606557377049,0.880216879407473,0
2024-10-21,0.1185,12.0,4.9375,0.4114583333333333,1132.5,-0.9738769792773336,0.2270762630343734,0.3021978021978022,0.9259587633828348,0
2024-10-22,0.0835,10.0,3.4791666666666665,0.3479166666666666,1147.5,-0.9569403357322088,0.290284677254462,0.0774193548387096,0.8492141108907402,0
2024-10-23,0.3445,42.0,14.354166666666666,0.341765873015873,1402.5,-0.162895473394589,0.986643332084879,0.6060606060606061,0.8966918819928851,0
2024-10-24,0.1565,16.0,6.520833333333333,0.4075520833333333,397.5,0.986643332084879,-0.1628954733945887,0.526829268292683,0.9073186485430138,0
2024-10-25,0.1115,14.0,4.645833333333333,0.3318452380952381,1162.5,-0.935905926757326,0.3522500479212327,0.0568720379146919,0.8433025748113331,0
2024-10-26,0.137,14.0,5.708333333333333,0.4077380952380952,352.5,0.9994645874763656,0.0327190828217761,0.1138211382113821,0.8767955579843499,0
2024-10-27,0.109,12.0,4.541666666666667,0.3784722222222222,1147.5,-0.9569403357322088,0.290284677254462,0.1847826086956521,0.9048486505051796,0
2024-10-28,0.1235,24.0,5.145833333333333,0.2144097222222222,1417.5,-0.0980171403295605,0.9951847266721968,0.1382488479262673,0.8800241001843445,0
2024-10-29,0.29,30.0,12.083333333333334,0.4027777777777778,922.5,-0.7730104533627367,-0.6343932841636459,1.7230046948356808,0.9186297084147608,-1
2024-10-30,0.1055,14.0,4.395833333333333,0.3139880952380952,1222.5,-0.8128466845916154,0.5824776968678019,0.3973509933774834,0.9204990022095358,0
2024-10-31,0.0975,12.0,4.0625,0.3385416666666667,367.5,0.9994645874763656,-0.032719082821776,0.3636363636363636,0.9289226158165936,0
2024-11-01,0.11125,14.0,4.635416666666667,0.3311011904761905,1357.5,-0.3522500479212331,0.935905926757326,0.3525835866261398,0.911479320625574,0
2024-11-02,0.1135,30.0,4.729166666666667,0.1576388888888889,1417.5,-0.0980171403295605,0.9951847266721968,0.1182266009852216,0.8569934088457012,0
2024-11-03,0.17225,24.0,7.177083333333333,0.2990451388888889,7.5,0.0327190828217761,0.9994645874763656,0.1502504173622704,0.8770794704597166,0
2024-11-04,0.073,12.0,3.0416666666666665,0.2534722222222222,1162.5,-0.935905926757326,0.3522500479212327,0.2372881355932203,0.8807979117010324,0
2024-11-05,0.111,12.0,4.625,0.3854166666666667,1177.5,-0.9108638249211756,0.4127070298043951,0.3619631901840491,0.9186008252731648,0
2024-11-06,0.115,18.0,4.791666666666667,0.2662037037037037,1357.5,-0.3522500479212331,0.935905926757326,0.055045871559633,0.8337012364279972,0
2024-11-07,0.1645,16.0,6.854166666666667,0.4283854166666667,1402.5,-0.162895473394589,0.986643332084879,0.2230483271375464,0.8966500912539307,0
2024-11-08,0.13975,16.0,5.822916666666667,0.3639322916666667,1132.5,-0.9738769792773336,0.2270762630343734,0.5484764542936288,0.9432435673112546,0
2024-11-09,0.1245,14.0,5.1875,0.3705357142857143,1432.5,-0.0327190828217765,0.9994645874763656,0.3833333333333333,0.9252415469266984,0
2024-11-10,0.118,18.0,4.916666666666667,0.2731481481481481,7.5,0.0327190828217761,0.9994645874763656,0.0776255707762557,0.8552320144444785,0
2024-11-11,0.081,10.0,3.375,0.3375,1132.5,-0.9738769792773336,0.2270762630343734,0.0384615384615384,0.8404279635138736,0
2024-11-12,0.098,10.0,4.083333333333333,0.4083333333333333,7.5,0.0327190828217761,0.9994645874763656,0.2810457516339869,0.9106328026725168,0
2024-11-13,0.064,10.0,2.6666666666666665,0.2666666666666666,1147.5,-0.9569403357322088,0.290284677254462,0.0578512396694214,0.8392918743071681,0
2024-11-14,0.1495,12.0,6.229166666666667,0.5190972222222222,7.5,0.0327190828217761,0.9994645874763656,0.410377358490566,0.9325784567909906,0
2024-11-15,0.124,14.0,5.166666666666667,0.369047619047619,1252.5,-0.7298640726978359,0.683592302022871,0.5121951219512195,0.9586323302439952,0
2024-11-16,0.0835,12.0,3.4791666666666665,0.2899305555555555,1342.5,-0.4127070298043955,0.9108638249211756,0.050314465408805,0.8419596679714481,0
2024-11-17,0.087,8.0,3.625,0.453125,7.5,0.0327190828217761,0.9994645874763656,0.1372549019607843,0.8528832470835508,0
2024-11-18,0.0975,12.0,4.0625,0.3385416666666667,202.5,0.773010453362737,0.6343932841636455,0.0893854748603352,0.8395511171702754,0
2024-11-19,0.07975,10.0,3.3229166666666665,0.3322916666666666,1312.5,-0.5280678506503679,0.849202181526579,0.2129277566539923,0.875827117439838,0
2024-11-20,0.156,18.0,6.5,0.3611111111111111,1192.5,-0.881921264348355,0.4713967368259976,0.3054393305439331,0.9213417911371083,0
2024-11-21,0.12125,10.0,5.052083333333333,0.5052083333333333,1342.5,-0.4127070298043955,0.9108638249211756,0.8371212121212122,0.968650782980908,-1
2024-11-22,0.11,18.0,4.583333333333333,0.2546296296296296,1432.5,-0.0327190828217765,0.9994645874763656,0.3580246913580246,0.8920395093311795,0
2024-11-23,0.136,18.0,5.666666666666667,0.3148148148148148,7.5,0.0327190828217761,0.9994645874763656,0.2035398230088495,0.8954126031411719,0
2024-11-24,0.1215,16.0,5.0625,0.31640625,1147.5,-0.9569403357322088,0.290284677254462,0.3135135135135135,0.9177422350803266,0
2024-11-25,0.1145,16.0,4.770833333333333,0.2981770833333333,1132.5,-0.9738769792773336,0.2270762630343734,0.2722222222222222,0.9125670943822604,0
2024-11-26,0.1855,24.0,7.729166666666667,0.3220486111111111,1267.5,-0.6835923020228714,0.7298640726978356,0.5787234042553191,0.941597651420788,0
2024-11-27,0.166,16.0,6.916666666666667,0.4322916666666667,112.5,0.4713967368259976,0.881921264348355,0.2623574144486692,0.9447535088125308,0
2024-11-28,0.154,20.0,6.416666666666667,0.3208333333333333,1147.5,-0.9569403357322088,0.290284677254462,0.2833333333333333,0.9347894842757222,0
2024-11-29,0.1015,14.0,4.229166666666667,0.3020833333333333,1417.5,-0.0980171403295605,0.9951847266721968,0.1153846153846153,0.8657498436756044,0
2024-11-30,0.673,144.0,28.041666666666668,0.1947337962962963,1327.5,-0.4713967368259979,0.8819212643483548,0.0196969696969696,0.7329845419046312,0
2024-12-01,0.2465,136.0,10.270833333333334,0.0755208333333333,7.5,0.0327190828217761,0.9994645874763656,0.1179138321995464,0.7177943753789906,0
2024-12-02,0.06325,6.0,2.6354166666666665,0.4392361111111111,7.5,0.0327190828217761,0.9994645874763656,0.1345291479820627,0.8645776341220899,0
2024-12-03,0.087,12.0,3.625,0.3020833333333333,1417.5,-0.0980171403295605,0.9951847266721968,0.1225806451612903,0.8720791587418988,0
2024-12-04,0.4475,144.0,18.64583333333333,0.1294849537037037,1042.5,-0.986643332084879,-0.1628954733945889,1.0765661252900232,0.7192076030016925,0
2024-12-05,0.0955,12.0,3.9791666666666665,0.3315972222222222,1357.5,-0.3522500479212331,0.935905926757326,0.5528455284552846,0.9466613089397896,0
2024-12-06,0.082,8.0,3.4166666666666665,0.4270833333333333,1282.5,-0.6343932841636459,0.7730104533627367,0.1714285714285714,0.8805838927684931,0
2024-12-07,0.753,140.0,31.375,0.2241071428571428,1252.5,-0.7298640726978359,0.683592302022871,0.0080321285140562,0.7290795986970319,0
2024-12-08,0.3975,126.0,16.5625,0.1314484126984127,7.5,0.0327190828217761,0.9994645874763656,0.0995850622406639,0.7165963151863508,0
2024-12-09,0.111,10.0,4.625,0.4625,142.5,0.5824776968678022,0.8128466845916152,0.3373493975903614,0.914863776658403,0
2024-12-10,0.195,144.0,8.125,0.0564236111111111,1057.5,-0.9951847266721968,-0.0980171403295604,2.8613861386138613,0.6831790928724495,0
2024-12-11,0.88525,152.0,36.88541666666666,0.2426672149122807,727.5,-0.0327190828217762,-0.9994645874763656,7.331764705882353,0.8122235675637535,0
2024-12-12,0.5365,144.0,22.354166666666668,0.1552372685185185,1282.5,-0.6343932841636459,0.7730104533627367,0.0122641509433962,0.6897870401238352,0
2024-12-13,0.566,140.0,23.58333333333333,0.1684523809523809,7.5,0.0327190828217761,0.9994645874763656,0.0198198198198198,0.702052300165288,0
2024-12-14,0.547,180.0,22.791666666666668,0.1266203703703703,1357.5,-0.3522500479212331,0.935905926757326,0.0438931297709923,0.7026381362600044,0
2024-12-15,0.483,176.0,20.125,0.1143465909090909,7.5,0.0327190828217761,0.9994645874763656,0.0157728706624605,0.667387565648393,0
2024-12-16,0.92175,146.0,38.40625,0.2630565068493151,1057.5,-0.9951847266721968,-0.0980171403295604,0.3397529069767442,0.8043452062365821,0
2024-12-17,0.111,12.0,4.625,0.3854166666666667,1432.5,-0.0327190828217765,0.9994645874763656,0.1044776119402985,0.853496150036697,0
2024-12-18,0.096,14.0,4.0,0.2857142857142857,1147.5,-0.9569403357322088,0.290284677254462,0.1162790697674418,0.8653653710446535,0
2024-12-19,1.12225,154.0,46.76041666666666,0.3036390692640692,1147.5,-0.9569403357322088,0.290284677254462,0.3460269865067466,0.7997657838027243,0
2024-12-20,0.1005,10.0,4.1875,0.41875,277.5,0.9359059267573256,0.3522500479212336,0.1893491124260355,0.8689741792715323,0
2024-12-21,0.2725,142.0,11.354166666666666,0.0799589201877934,1267.5,-0.6835923020228714,0.7298640726978356,0.0225140712945591,0.6386210741896597,0
2024-12-22,0.117,14.0,4.875,0.3482142857142857,1297.5,-0.5824776968678023,0.8128466845916151,0.073394495412844,0.8411757432626054,0
2024-12-23,0.639,136.0,26.625,0.1957720588235294,172.5,0.6835923020228712,0.7298640726978356,0.0142857142857142,0.7273205843575046,0
2024-12-24,0.097,10.0,4.041666666666667,0.4041666666666667,7.5,0.0327190828217761,0.9994645874763656,0.1085714285714285,0.8520655185592197,0
2024-12-25,0.96975,148.0,40.40625,0.2730152027027027,877.5,-0.6343932841636453,-0.7730104533627371,2.1231884057971016,0.7848727810391944,0
2024-12-26,0.766,156.0,31.916666666666668,0.2045940170940171,952.5,-0.849202181526579,-0.5280678506503678,1.4356120826709062,0.7542083512037226,0
2024-12-27,0.11625,16.0,4.84375,0.302734375,352.5,0.9994645874763656,0.0327190828217761,0.2466487935656836,0.8545644551729937,0
2024-12-28,0.734,148.0,30.58333333333333,0.2066441441441441,97.5,0.4127070298043946,0.9108638249211758,0.066860465116279,0.7649025729252464,0
2024-12-29,0.9425,156.0,39.270833333333336,0.2517361111111111,982.5,-0.9108638249211756,-0.4127070298043954,0.5189363416599516,0.8204136937231762,0
2024-12-30,0.827,198.0,34.458333333333336,0.1740319865319865,907.5,-0.7298640726978357,-0.6835923020228712,0.6757852077001013,0.8676051597449848,0
2024-12-31,0.22575,28.0,9.40625,0.3359375,277.5,0.9359059267573256,0.3522500479212336,0.5409556313993175,0.876408687577615,0
2025-01-01,0.09775,16.0,4.072916666666667,0.2545572916666667,382.5,0.9951847266721968,-0.0980171403295606,0.5038461538461538,0.879408099209787,0
2025-01-03,0.15775,224.0,6.572916666666667,0.0293433779761904,7.5,0.0327190828217761,0.9994645874763656,0.0804794520547945,0.6920031841295651,0
2025-01-04,0.1335,42.0,5.5625,0.1324404761904762,652.5,0.2902846772544624,-0.9569403357322088,0.8163265306122449,0.9234450080000436,0
2025-01-05,0.12,16.0,5.0,0.3125,1252.5,-0.7298640726978359,0.683592302022871,0.1214953271028037,0.8494738907429474,0
2025-01-06,0.15625,16.0,6.510416666666667,0.4069010416666667,1282.5,-0.6343932841636459,0.7730104533627367,0.1792452830188679,0.899651844938508,0
2025-01-07,0.1045,14.0,4.354166666666667,0.3110119047619047,7.5,0.0327190828217761,0.9994645874763656,0.1942857142857142,0.8528219051657349,0
2025-01-08,0.10625,12.0,4.427083333333333,0.3689236111111111,1162.5,-0.935905926757326,0.3522500479212327,0.2426900584795321,0.8908876776071027,0
2025-01-09,0.071,10.0,2.958333333333333,0.2958333333333333,1207.5,-0.8492021815265792,0.5280678506503674,0.109375,0.8457905436821845,0
2025-01-10,0.09275,14.0,3.8645833333333335,0.2760416666666667,1312.5,-0.5280678506503679,0.849202181526579,0.120845921450151,0.8582136860163564,0
2025-01-11,0.12575,12.0,5.239583333333333,0.4366319444444444,292.5,0.9569403357322088,0.2902846772544623,0.1457858769931662,0.8707955899324834,0
2025-01-12,0.1825,54.0,7.604166666666667,0.1408179012345679,1177.5,-0.9108638249211756,0.4127070298043951,0.0369318181818181,0.7443310865117055,0
2025-01-13,0.0825,14.0,3.4375,0.2455357142857142,1267.5,-0.6835923020228714,0.7298640726978356,0.0855263157894736,0.8444160688696258,0
2025-01-14,0.0995,12.0,4.145833333333333,0.3454861111111111,1162.5,-0.935905926757326,0.3522500479212327,0.1705882352941176,0.865382090476151,0
2025-01-15,0.0755,10.0,3.145833333333333,0.3145833333333333,1177.5,-0.9108638249211756,0.4127070298043951,0.0942028985507246,0.8467413445108181,0
2025-01-21,0.1285,22.0,5.354166666666667,0.2433712121212121,382.5,0.9951847266721968,-0.0980171403295606,0.0936170212765957,0.8160896121094758,0
2025-01-22,0.1285,14.0,5.354166666666667,0.3824404761904762,7.5,0.0327190828217761,0.9994645874763656,0.235576923076923,0.897819397678056,0
2025-01-23,0.08325,14.0,3.46875,0.2477678571428571,1162.5,-0.935905926757326,0.3522500479212327,0.2661596958174905,0.8600406906451101,0
2025-01-24,0.067,16.0,2.7916666666666665,0.1744791666666666,1417.5,-0.0980171403295605,0.9951847266721968,0.1074380165289256,0.8424379318030539,0
2025-01-25,0.0915,12.0,3.8125,0.3177083333333333,1162.5,-0.935905926757326,0.3522500479212327,0.0701754385964912,0.8400636821815195,0
2025-01-26,0.1195,20.0,4.979166666666667,0.2489583333333333,1402.5,-0.162895473394589,0.986643332084879,0.052863436123348,0.8400070361087055,0
2025-01-27,0.08675,18.0,3.6145833333333335,0.2008101851851852,7.5,0.0327190828217761,0.9994645874763656,0.0676923076923076,0.8370322974559976,0
2025-01-28,0.073,10.0,3.0416666666666665,0.3041666666666666,382.5,0.9951847266721968,-0.0980171403295606,0.0977443609022556,0.8425849042243432,0
2025-01-29,0.1165,16.0,4.854166666666667,0.3033854166666667,187.5,0.7298640726978357,0.6835923020228712,0.142156862745098,0.8518109407803465,0
2025-01-30,0.1505,20.0,6.270833333333333,0.3135416666666666,22.5,0.0980171403295606,0.9951847266721968,0.2489626556016597,0.8564769628818498,0
2025-01-31,0.077,12.0,3.208333333333333,0.2673611111111111,262.5,0.9108638249211758,0.4127070298043947,0.0845070422535211,0.8305191813194726,0
2025-02-01,0.1115,22.0,4.645833333333333,0.2111742424242424,1162.5,-0.935905926757326,0.3522500479212327,0.1494845360824742,0.8398095179586864,0
2025-02-02,0.1065,18.0,4.4375,0.2465277777777778,1297.5,-0.5824776968678023,0.8128466845916151,0.3566878980891719,0.8675479422744027,0
2025-02-03,0.105,14.0,4.375,0.3125,1177.5,-0.9108638249211756,0.4127070298043951,0.2209302325581395,0.8823578710175326,0
2025-02-04,0.067,8.0,2.7916666666666665,0.3489583333333333,67.5,0.2902846772544623,0.9569403357322088,0.089430894308943,0.8410957205484655,0
2025-02-05,0.128,22.0,5.333333333333333,0.2424242424242424,112.5,0.4713967368259976,0.881921264348355,0.2864321608040201,0.8758198565130734,0
2025-02-06,0.1235,22.0,5.145833333333333,0.2339015151515151,1312.5,-0.5280678506503679,0.849202181526579,0.0646551724137931,0.8269844502818635,0
2025-02-07,0.0695,10.0,2.895833333333333,0.2895833333333333,7.5,0.0327190828217761,0.9994645874763656,0.1583333333333333,0.8638457315806007,0
2025-02-08,0.1325,20.0,5.520833333333333,0.2760416666666666,1147.5,-0.9569403357322088,0.290284677254462,0.244131455399061,0.8693405473144524,0
2025-02-09,0.1815,22.0,7.5625,0.34375,1162.5,-0.935905926757326,0.3522500479212327,0.194078947368421,0.862048162789285,0
2025-02-10,0.09175,12.0,3.8229166666666665,0.3185763888888889,67.5,0.2902846772544623,0.9569403357322088,0.0988023952095808,0.8446216709232032,0
2025-02-11,0.122,22.0,5.083333333333333,0.231060606060606,1162.5,-0.935905926757326,0.3522500479212327,0.1455399061032863,0.8457974269788647,0
2025-02-12,0.091,12.0,3.7916666666666665,0.3159722222222222,1207.5,-0.8492021815265792,0.5280678506503674,0.3284671532846715,0.8908781839947307,0
2025-02-13,0.059,6.0,2.458333333333333,0.4097222222222222,112.5,0.4713967368259976,0.881921264348355,0.0925925925925925,0.8391417228362981,0
2025-02-14,0.0785,28.0,3.270833333333333,0.1168154761904761,52.5,0.2270762630343732,0.9738769792773336,0.1376811594202898,0.813787981137419,0
2025-02-15,0.05375,6.0,2.239583333333333,0.3732638888888889,142.5,0.5824776968678022,0.8128466845916152,0.1497326203208556,0.848412291728125,0
2025-02-16,0.0685,8.0,2.8541666666666665,0.3567708333333333,1297.5,-0.5824776968678023,0.8128466845916151,0.096,0.8400281394566078,0
2025-02-17,0.137,24.0,5.708333333333333,0.2378472222222222,1222.5,-0.8128466845916154,0.5824776968678019,0.2398190045248869,0.8862447557699913,0
2025-02-18,0.08,10.0,3.333333333333333,0.3333333333333333,442.5,0.9359059267573258,-0.3522500479212335,0.3793103448275862,0.900405791090485,0
2025-02-19,0.0525,8.0,2.1875,0.2734375,397.5,0.986643332084879,-0.1628954733945887,0.1052631578947368,0.8380521446187938,0
2025-02-20,0.151,26.0,6.291666666666667,0.2419871794871795,1387.5,-0.2270762630343738,0.9738769792773336,0.1936758893280632,0.8292888805469075,0
2025-02-21,0.13,28.0,5.416666666666667,0.1934523809523809,172.5,0.6835923020228712,0.7298640726978356,0.0441767068273092,0.8298146103578345,0
2025-02-22,0.135,22.0,5.625,0.2556818181818182,1252.5,-0.7298640726978359,0.683592302022871,0.1739130434782608,0.863034279752621,0
2025-02-23,0.0995,24.0,4.145833333333333,0.1727430555555555,367.5,0.9994645874763656,-0.032719082821776,0.3355704697986577,0.8366239051325901,0
2025-02-24,0.0885,16.0,3.6875,0.23046875,397.5,0.986643332084879,-0.1628954733945887,0.3208955223880597,0.8586347653517309,0
2025-02-25,0.153,22.0,6.375,0.2897727272727273,1237.5,-0.7730104533627369,0.6343932841636456,0.224,0.8686812983350886,0
2025-02-26,0.097,20.0,4.041666666666667,0.2020833333333333,187.5,0.7298640726978357,0.6835923020228712,0.2435897435897435,0.7414544841503933,0
2025-02-28,0.0355,12.0,1.4791666666666667,0.1232638888888889,1252.5,-0.7298640726978359,0.683592302022871,0.8205128205128205,0.7311538272465419,0
2025-03-01,0.044,18.0,1.8333333333333333,0.1018518518518518,592.5,0.5280678506503681,-0.8492021815265788,1.0952380952380951,0.7018804819745411,0
2025-03-02,0.08025,12.0,3.34375,0.2786458333333333,1177.5,-0.9108638249211756,0.4127070298043951,0.1715328467153284,0.8488532869190514,0
2025-03-03,0.074,16.0,3.083333333333333,0.1927083333333333,1237.5,-0.7730104533627369,0.6343932841636456,0.0802919708029197,0.8084833124066401,0
2025-03-04,0.0945,18.0,3.9375,0.21875,1177.5,-0.9108638249211756,0.4127070298043951,0.2115384615384615,0.872965987536468,0
2025-03-05,0.108,20.0,4.5,0.225,1432.5,-0.0327190828217765,0.9994645874763656,0.0854271356783919,0.8127836371575528,0
2025-03-06,0.09325,19.0,3.8854166666666665,0.2044956140350877,7.5,0.0327190828217761,0.9994645874763656,0.0448179271708683,0.811340808500904,0
2025-03-07,0.1,18.0,4.166666666666667,0.2314814814814815,1162.5,-0.935905926757326,0.3522500479212327,0.282051282051282,0.8570453742558797,0
2025-03-08,0.073,10.0,3.0416666666666665,0.3041666666666666,1177.5,-0.9108638249211756,0.4127070298043951,0.0428571428571428,0.8162441891575132,0
2025-03-09,0.1075,20.0,4.479166666666667,0.2239583333333333,1207.5,-0.8492021815265792,0.5280678506503674,0.0696517412935323,0.831015822196422,0
2025-03-10,0.113,16.0,4.708333333333333,0.2942708333333333,397.5,0.986643332084879,-0.1628954733945887,0.3532934131736527,0.8953579907097771,0
2025-03-11,0.08225,12.0,3.427083333333333,0.2855902777777778,352.5,0.9994645874763656,0.0327190828217761,0.3765690376569037,0.8794584382867386,0
2025-03-12,0.0565,10.0,2.3541666666666665,0.2354166666666666,1417.5,-0.0980171403295605,0.9951847266721968,0.0660377358490566,0.8298082367958811,0
2025-03-13,0.0835,16.0,3.4791666666666665,0.2174479166666666,1177.5,-0.9108638249211756,0.4127070298043951,0.0569620253164556,0.7974004832596926,0
2025-03-14,0.0775,14.0,3.2291666666666665,0.2306547619047619,397.5,0.986643332084879,-0.1628954733945887,0.1313868613138686,0.8210584124184968,0
2025-03-15,0.079,18.0,3.2916666666666665,0.1828703703703703,1192.5,-0.881921264348355,0.4713967368259976,0.0326797385620915,0.7971282765720781,0
2025-03-16,0.0805,22.0,3.3541666666666665,0.1524621212121212,1192.5,-0.881921264348355,0.4713967368259976,0.0387096774193548,0.7871356423728257,0
2025-03-17,0.047,6.0,1.9583333333333333,0.3263888888888889,367.5,0.9994645874763656,-0.032719082821776,0.0804597701149425,0.8378560726877521,0
2025-03-18,0.1155,16.0,4.8125,0.30078125,322.5,0.986643332084879,0.1628954733945888,0.44375,0.8878074194637874,0
2025-03-19,0.11025,18.0,4.59375,0.2552083333333333,397.5,0.986643332084879,-0.1628954733945887,0.3164179104477612,0.8716249899692349,0
2025-03-20,0.083,12.0,3.458333333333333,0.2881944444444445,1162.5,-0.935905926757326,0.3522500479212327,0.0440251572327044,0.819740143526101,0
2025-03-21,0.0795,12.0,3.3125,0.2760416666666667,1207.5,-0.8492021815265792,0.5280678506503674,0.0392156862745098,0.8208415660197876,0
2025-03-22,0.11225,14.0,4.677083333333333,0.3340773809523809,232.5,0.8492021815265789,0.5280678506503681,0.1141439205955335,0.8277727676302006,0
2025-03-23,0.1115,14.0,4.645833333333333,0.3318452380952381,7.5,0.0327190828217761,0.9994645874763656,0.0469483568075117,0.8349456991632149,0
2025-03-24,0.0995,26.0,4.145833333333333,0.1594551282051282,352.5,0.9994645874763656,0.0327190828217761,0.2922077922077922,0.807581472418005,0
2025-03-25,0.1025,18.0,4.270833333333333,0.2372685185185185,307.5,0.9738769792773336,0.2270762630343732,0.1202185792349726,0.829928650975199,0
2025-03-26,0.1085,16.0,4.520833333333333,0.2825520833333333,382.5,0.9951847266721968,-0.0980171403295606,0.1793478260869565,0.8451972844154471,0
2025-03-27,0.0865,12.0,3.6041666666666665,0.3003472222222222,1162.5,-0.935905926757326,0.3522500479212327,0.0359281437125748,0.8120896557566988,0
2025-03-28,0.079,14.0,3.2916666666666665,0.2351190476190476,337.5,0.9951847266721968,0.0980171403295607,0.4495412844036697,0.88173067373418,0
2025-03-29,0.111,20.0,4.625,0.23125,1267.5,-0.6835923020228714,0.7298640726978356,0.0325581395348837,0.809624296756452,0
2025-03-30,0.115,14.0,4.791666666666667,0.3422619047619047,7.5,0.0327190828217761,0.9994645874763656,0.0313901345291479,0.8192565314184794,0
2025-03-31,0.104,16.0,4.333333333333333,0.2708333333333333,1252.5,-0.7298640726978359,0.683592302022871,0.3333333333333333,0.8542666398676333,0
2025-04-01,0.118,24.0,4.916666666666667,0.2048611111111111,1282.5,-0.6343932841636459,0.7730104533627367,0.0128755364806866,0.780930428371896,0
2025-04-02,0.111,14.0,4.625,0.3303571428571428,7.5,0.0327190828217761,0.9994645874763656,0.0373831775700934,0.8298973109505298,0
2025-04-03,0.069,14.0,2.875,0.2053571428571428,1207.5,-0.8492021815265792,0.5280678506503674,0.0697674418604651,0.8237903521320403,0
2025-04-04,0.0735,20.0,3.0625,0.153125,67.5,0.2902846772544623,0.9569403357322088,0.1136363636363636,0.7998550332788874,0
2025-04-05,0.078,22.0,3.25,0.1477272727272727,1282.5,-0.6343932841636459,0.7730104533627367,0.0129870129870129,0.7535021111917688,0
2025-04-07,0.1191315789473684,22.0,4.963815789473684,0.225627990430622,1297.5,-0.5824776968678023,0.8128466845916151,0.0577102803738317,0.8197952597769007,0
2025-04-08,0.11475,16.0,4.78125,0.298828125,292.5,0.9569403357322088,0.2902846772544623,0.0902612826603325,0.8170021137568036,0
2025-04-09,0.0735,10.0,3.0625,0.30625,442.5,0.9359059267573258,-0.3522500479212335,0.1574803149606299,0.8481878466942909,0
2025-04-10,0.0925,22.0,3.8541666666666665,0.1751893939393939,367.5,0.9994645874763656,-0.032719082821776,0.15625,0.8168983734521547,0
2025-04-11,0.0865,18.0,3.6041666666666665,0.2002314814814814,1402.5,-0.162895473394589,0.986643332084879,0.0548780487804878,0.8360032829536053,0
2025-04-12,0.129,18.0,5.375,0.2986111111111111,7.5,0.0327190828217761,0.9994645874763656,0.075,0.8163989317120663,0
2025-04-13,0.03,12.0,1.25,0.1041666666666666,7.5,0.0327190828217761,0.9994645874763656,0.0526315789473684,0.7925178044461346,0
2025-04-14,0.021,10.0,0.875,0.0875,442.5,0.9359059267573258,-0.3522500479212335,0.6153846153846154,0.567051684395787,0
2025-04-15,0.21,40.0,8.75,0.21875,37.5,0.1628954733945887,0.986643332084879,0.3680781758957654,0.8019002009955772,0
2025-04-16,0.158,24.0,6.583333333333333,0.2743055555555555,412.5,0.9738769792773336,-0.2270762630343731,0.3166666666666666,0.7846993352490993,0
2025-04-17,0.0385,6.0,1.6041666666666667,0.2673611111111111,1162.5,-0.935905926757326,0.3522500479212327,0.8780487804878049,0.8391490628997031,0
2025-04-18,0.005,10.0,0.2083333333333333,0.0208333333333333,442.5,0.9359059267573258,-0.3522500479212335,10.0,0.2255859918807926,0
2025-04-19,0.046,14.0,1.9166666666666667,0.1369047619047619,1252.5,-0.7298640726978359,0.683592302022871,0.1794871794871795,0.6659317092672662,0
2025-04-20,0.10425,14.0,4.34375,0.3102678571428571,817.5,-0.4127070298043948,-0.9108638249211758,0.6951219512195121,0.9110087424911748,0
2025-04-21,0.007,8.0,0.2916666666666667,0.0364583333333333,367.5,0.9994645874763656,-0.032719082821776,0.4,0.336679500548364,0
2025-04-22,0.0135,8.0,0.5625,0.0703125,1192.5,-0.881921264348355,0.4713967368259976,0.2272727272727272,0.516623980520748,0
2025-04-23,0.041,10.0,1.7083333333333333,0.1708333333333333,397.5,0.986643332084879,-0.1628954733945887,0.9523809523809524,0.7196788422918214,0
2025-04-24,0.039,12.0,1.625,0.1354166666666666,1147.5,-0.9569403357322088,0.290284677254462,0.625,0.7470263283827726,0
2025-04-25,0.0225,6.0,0.9375,0.15625,1177.5,-0.9108638249211756,0.4127070298043951,0.1842105263157894,0.6507406560814921,0
2025-04-26,0.0235,10.0,0.9791666666666666,0.0979166666666666,1132.5,-0.9738769792773336,0.2270762630343734,0.0,0.5825572199702042,0
2025-04-27,0.038,12.0,1.5833333333333333,0.1319444444444444,1267.5,-0.6835923020228714,0.7298640726978356,0.0,0.6221915561917104,0
2025-04-28,0.026,12.0,1.0833333333333333,0.0902777777777777,1147.5,-0.9569403357322088,0.290284677254462,0.0,0.6070195198209021,0
2025-04-29,0.0265,10.0,1.1041666666666667,0.1104166666666666,412.5,0.9738769792773336,-0.2270762630343731,0.7666666666666667,0.5948153446053985,0
2025-04-30,0.057,16.0,2.375,0.1484375,1387.5,-0.2270762630343738,0.9738769792773336,0.425,0.7826527986008626,0
2025-05-01,0.0635,10.0,2.645833333333333,0.2645833333333333,427.5,0.9569403357322088,-0.2902846772544621,0.1759259259259259,0.7913842378902808,0
2025-05-02,0.091,18.0,3.7916666666666665,0.2106481481481481,412.5,0.9738769792773336,-0.2270762630343731,0.2297297297297297,0.8262878032692503,0
2025-05-03,0.1405,16.0,5.854166666666667,0.3658854166666667,1342.5,-0.4127070298043955,0.9108638249211756,0.1856540084388185,0.8737678413208848,0
2025-05-04,0.1115,18.0,4.645833333333333,0.2581018518518518,1162.5,-0.935905926757326,0.3522500479212327,0.0372093023255813,0.8299972630187985,0
2025-05-05,0.162,16.0,6.75,0.421875,397.5,0.986643332084879,-0.1628954733945887,0.5652173913043478,0.8859731050224496,0
2025-05-06,0.1175,18.0,4.895833333333333,0.2719907407407407,1162.5,-0.935905926757326,0.3522500479212327,0.0730593607305936,0.8403648204684416,0
2025-05-07,0.136,22.0,5.666666666666667,0.2575757575757575,1282.5,-0.6343932841636459,0.7730104533627367,0.110204081632653,0.8360017912146183,0
2025-05-08,0.1585,22.0,6.604166666666667,0.300189393939394,1417.5,-0.0980171403295605,0.9951847266721968,0.0325732899022801,0.8256416667016101,0
2025-05-09,0.13225,16.0,5.510416666666667,0.3444010416666667,7.5,0.0327190828217761,0.9994645874763656,0.1136842105263157,0.8482796257665421,0
2025-05-10,0.14225,16.0,5.927083333333333,0.3704427083333333,1177.5,-0.9108638249211756,0.4127070298043951,0.0963391136801541,0.8595234847007045,0
2025-05-11,0.13075,16.0,5.447916666666667,0.3404947916666667,1252.5,-0.7298640726978359,0.683592302022871,0.0439121756487025,0.833283093863894,0
2025-05-12,0.137,20.0,5.708333333333333,0.2854166666666666,1207.5,-0.8492021815265792,0.5280678506503674,0.0620155038759689,0.8316065379145807,0
2025-05-13,0.1485,24.0,6.1875,0.2578125,1222.5,-0.8128466845916154,0.5824776968678019,0.064516129032258,0.8308401004272183,0
2025-05-14,0.0955,14.0,3.9791666666666665,0.2842261904761904,1177.5,-0.9108638249211756,0.4127070298043951,0.0380434782608695,0.8301443210342766,0
2025-05-15,0.1155,16.0,4.8125,0.30078125,1297.5,-0.5824776968678023,0.8128466845916151,0.0794392523364486,0.8493578777569706,0
2025-05-16,0.1815,16.0,7.5625,0.47265625,1177.5,-0.9108638249211756,0.4127070298043951,0.7451923076923077,0.9562289664214612,-1
2025-05-17,0.18025,30.0,7.510416666666667,0.2503472222222222,1342.5,-0.4127070298043955,0.9108638249211756,0.205685618729097,0.861165658380233,0
2025-05-18,0.221,30.0,9.208333333333334,0.3069444444444444,7.5,0.0327190828217761,0.9994645874763656,0.0523809523809523,0.8464217933403431,0
2025-05-19,0.13175,16.0,5.489583333333333,0.3430989583333333,337.5,0.9951847266721968,0.0980171403295607,0.0518962075848303,0.8414348552950145,0
2025-05-20,0.15025,18.0,6.260416666666667,0.3478009259259259,1177.5,-0.9108638249211756,0.4127070298043951,0.052539404553415,0.8434351434500179,0
2025-05-21,0.1855,18.0,7.729166666666667,0.4293981481481481,7.5,0.0327190828217761,0.9994645874763656,0.1107784431137724,0.8502003369536869,0
2025-05-22,0.146,28.0,6.083333333333333,0.2172619047619047,1162.5,-0.935905926757326,0.3522500479212327,0.046594982078853,0.8246106935056312,0
2025-05-23,0.11975,18.0,4.989583333333333,0.277199074074074,1222.5,-0.8128466845916154,0.5824776968678019,0.1244131455399061,0.8537710839996946,0
2025-05-24,0.1335,28.0,5.5625,0.1986607142857142,367.5,0.9994645874763656,-0.032719082821776,0.1762114537444934,0.8462652674750416,0
2025-05-25,0.1235,16.0,5.145833333333333,0.3216145833333333,1177.5,-0.9108638249211756,0.4127070298043951,0.0421940928270042,0.8305474433601752,0
2025-05-26,0.177,38.0,7.375,0.194078947368421,1282.5,-0.6343932841636459,0.7730104533627367,0.1382636655948553,0.844506729309392,0
2025-05-27,0.1365,22.0,5.6875,0.2585227272727273,1207.5,-0.8492021815265792,0.5280678506503674,0.0790513833992094,0.8405229323133444,0
2025-05-28,0.162,22.0,6.75,0.3068181818181818,1162.5,-0.935905926757326,0.3522500479212327,0.1739130434782608,0.8799942774051731,0
2025-05-29,0.219,22.0,9.125,0.4147727272727273,1297.5,-0.5824776968678023,0.8128466845916151,0.2958579881656805,0.921499972124484,0
2025-05-30,0.18425,28.0,7.677083333333333,0.2741815476190476,367.5,0.9994645874763656,-0.032719082821776,0.1149773071104387,0.8383295802830165,0
2025-05-31,0.135,20.0,5.625,0.28125,1312.5,-0.5280678506503679,0.849202181526579,0.0975609756097561,0.8396444474274285,0
2025-06-01,0.156,20.0,6.5,0.325,1177.5,-0.9108638249211756,0.4127070298043951,0.1304347826086956,0.8508217327755493,0
2025-06-02,0.134,20.0,5.583333333333333,0.2791666666666667,1222.5,-0.8128466845916154,0.5824776968678019,0.2072072072072072,0.8606196399948166,0
2025-06-03,0.1515,18.0,6.3125,0.3506944444444444,1057.5,-0.9951847266721968,-0.0980171403295604,0.1477272727272727,0.8724857051424398,0
2025-06-04,0.1355,20.0,5.645833333333333,0.2822916666666666,397.5,0.986643332084879,-0.1628954733945887,0.1731601731601731,0.8477225284297975,0
2025-06-05,0.15,20.0,6.25,0.3125,1222.5,-0.8128466845916154,0.5824776968678019,0.2605042016806723,0.8741456898247655,0
2025-06-06,0.10875,16.0,4.53125,0.283203125,1192.5,-0.881921264348355,0.4713967368259976,0.084788029925187,0.8624237353283685,0
2025-06-09,0.1175,18.0,4.895833333333333,0.2719907407407407,7.5,0.0327190828217761,0.9994645874763656,0.0779816513761468,0.8412485394517264,0
2025-06-10,0.1345,22.0,5.604166666666667,0.2547348484848485,1252.5,-0.7298640726978359,0.683592302022871,0.076,0.8371709557915096,0
2025-06-11,0.131,16.0,5.458333333333333,0.3411458333333333,1147.5,-0.9569403357322088,0.290284677254462,0.1592920353982301,0.8737736848677942,0
2025-06-12,0.1175,16.0,4.895833333333333,0.3059895833333333,382.5,0.9951847266721968,-0.0980171403295606,0.175,0.855803841057746,0
2025-06-13,0.1065,18.0,4.4375,0.2465277777777778,1222.5,-0.8128466845916154,0.5824776968678019,0.4105960264900662,0.8265262319449259,0
2025-06-14,0.1265,26.0,5.270833333333333,0.2027243589743589,1357.5,-0.3522500479212331,0.935905926757326,0.1933962264150943,0.7784189435906412,0
2025-06-15,0.2015,24.0,8.395833333333334,0.3498263888888889,382.5,0.9951847266721968,-0.0980171403295606,0.1613832853025936,0.8698754493288242,0
2025-06-16,0.113,16.0,4.708333333333333,0.2942708333333333,1177.5,-0.9108638249211756,0.4127070298043951,0.0865384615384615,0.8436264318239972,0
2025-06-17,0.125,22.0,5.208333333333333,0.2367424242424242,1297.5,-0.5824776968678023,0.8128466845916151,0.0917030567685589,0.8420573262335137,0
2025-06-18,0.1355,16.0,5.645833333333333,0.3528645833333333,1192.5,-0.881921264348355,0.4713967368259976,0.097165991902834,0.8594004955518734,0
2025-06-19,0.1695,38.0,7.0625,0.1858552631578947,1267.5,-0.6835923020228714,0.7298640726978356,0.1151315789473684,0.8587399750876096,0
2025-06-20,0.1275,14.0,5.3125,0.3794642857142857,1267.5,-0.6835923020228714,0.7298640726978356,0.3212435233160621,0.9280103539462244,0
2025-06-21,0.1005,12.0,4.1875,0.3489583333333333,1327.5,-0.4713967368259979,0.8819212643483548,0.0864864864864864,0.8488234539914448,0
2025-06-22,0.127,20.0,5.291666666666667,0.2645833333333333,1342.5,-0.4127070298043955,0.9108638249211756,0.118942731277533,0.849069542929997,0
2025-06-23,0.154,18.0,6.416666666666667,0.3564814814814815,412.5,0.9738769792773336,-0.2270762630343731,0.12,0.8547062844422573,0
2025-06-24,0.1375,20.0,5.729166666666667,0.2864583333333333,1162.5,-0.935905926757326,0.3522500479212327,0.160337552742616,0.8552875261535369,0
2025-06-25,0.1325,16.0,5.520833333333333,0.3450520833333333,1177.5,-0.9108638249211756,0.4127070298043951,0.1087866108786611,0.8441834919664444,0
2025-06-26,0.15175,16.0,6.322916666666667,0.3951822916666667,1222.5,-0.8128466845916154,0.5824776968678019,0.2464065708418891,0.9014973265461336,0
2025-06-27,0.15775,36.0,6.572916666666667,0.1825810185185185,1312.5,-0.5280678506503679,0.849202181526579,0.1348920863309352,0.8331810960789542,0
2025-06-28,0.1615,24.0,6.729166666666667,0.2803819444444445,1192.5,-0.881921264348355,0.4713967368259976,0.0802675585284281,0.8441970359243335,0
2025-06-29,0.148,30.0,6.166666666666667,0.2055555555555555,1177.5,-0.9108638249211756,0.4127070298043951,0.088235294117647,0.8502402213139149,0
2025-06-30,0.095,16.0,3.9583333333333335,0.2473958333333333,1177.5,-0.9108638249211756,0.4127070298043951,0.0795454545454545,0.8436427997497601,0
2025-07-01,0.173,44.0,7.208333333333333,0.1638257575757575,1237.5,-0.7730104533627369,0.6343932841636456,0.1036682615629984,0.8355215813538666,0
2025-07-02,0.117,14.0,4.875,0.3482142857142857,37.5,0.1628954733945887,0.986643332084879,0.0985915492957746,0.8402493844802083,0
2025-07-03,0.14675,20.0,6.114583333333333,0.3057291666666666,862.5,-0.5824776968678024,-0.812846684591615,0.4458128078817734,0.9121094225127284,0
2025-07-04,0.13,18.0,5.416666666666667,0.3009259259259259,1192.5,-0.881921264348355,0.4713967368259976,0.1504424778761062,0.8660952416216314,0
2025-07-05,0.1345,20.0,5.604166666666667,0.2802083333333333,1267.5,-0.6835923020228714,0.7298640726978356,0.1545064377682403,0.8460612512225739,0
2025-07-06,0.1505,18.0,6.270833333333333,0.3483796296296296,1282.5,-0.6343932841636459,0.7730104533627367,0.131578947368421,0.8690639890816025,0
2025-07-07,0.123,18.0,5.125,0.2847222222222222,397.5,0.986643332084879,-0.1628954733945887,0.1336405529953917,0.8623353907350217,0
2025-07-11,0.22075,24.0,9.197916666666666,0.3832465277777777,52.5,0.2270762630343732,0.9738769792773336,0.110691823899371,0.8525003523900282,0
2025-07-12,0.232,26.0,9.666666666666666,0.3717948717948717,1207.5,-0.8492021815265792,0.5280678506503674,0.0969267139479905,0.8583572296409113,0
2025-07-13,0.22275,18.0,9.28125,0.515625,7.5,0.0327190828217761,0.9994645874763656,0.1631853785900783,0.8715865401396475,0
2025-07-14,0.23275,22.0,9.697916666666666,0.4408143939393939,412.5,0.9738769792773336,-0.2270762630343731,0.204398447606727,0.8985787853990402,0
2025-07-15,0.2055,24.0,8.5625,0.3567708333333333,67.5,0.2902846772544623,0.9569403357322088,0.1709401709401709,0.8486474690026035,0
2025-07-16,0.231,26.0,9.625,0.3701923076923077,1207.5,-0.8492021815265792,0.5280678506503674,0.1052631578947368,0.8499913719001394,0
2025-07-17,0.219,28.0,9.125,0.3258928571428571,412.5,0.9738769792773336,-0.2270762630343731,0.1116751269035533,0.8518070101245643,0
2025-07-18,0.1975,18.0,8.229166666666666,0.4571759259259259,7.5,0.0327190828217761,0.9994645874763656,0.0533333333333333,0.8442464837769813,0
2025-07-19,0.19425,20.0,8.09375,0.4046875,1402.5,-0.162895473394589,0.986643332084879,0.1376281112737921,0.8616344714309025,0
2025-07-20,0.2515,38.0,10.479166666666666,0.2757675438596491,1357.5,-0.3522500479212331,0.935905926757326,0.1054945054945055,0.8505196430271664,0
2025-07-23,0.2239324324324324,26.0,9.33051801801802,0.3588660776160776,1162.5,-0.935905926757326,0.3522500479212327,0.1636938202247191,0.8682463350588968,0
2025-07-24,0.24825,30.0,10.34375,0.3447916666666666,1327.5,-0.4713967368259979,0.8819212643483548,0.0972375690607734,0.8538709936503213,0
2025-07-25,0.25075,28.0,10.447916666666666,0.3731398809523809,1297.5,-0.5824776968678023,0.8128466845916151,0.1034103410341034,0.8531797300389568,0
2025-07-26,0.2295,26.0,9.5625,0.3677884615384615,412.5,0.9738769792773336,-0.2270762630343731,0.1417910447761194,0.8689179080791958,0
2025-07-27,0.23525,28.0,9.802083333333334,0.3500744047619047,1327.5,-0.4713967368259979,0.8819212643483548,0.1406060606060606,0.8679859107542002,0
2025-07-29,0.1935315789473684,24.0,8.063815789473685,0.3359923245614035,382.5,0.9951847266721968,-0.0980171403295606,0.194406548431105,0.8621859636012138,0
2025-07-30,0.215,26.0,8.958333333333334,0.344551282051282,1177.5,-0.9108638249211756,0.4127070298043951,0.0858585858585858,0.8483288129532262,0
2025-07-31,0.22225,26.0,9.260416666666666,0.3561698717948717,1177.5,-0.9108638249211756,0.4127070298043951,0.0907975460122699,0.8504913787677765,0
2025-08-01,0.263,30.0,10.958333333333334,0.3652777777777778,1222.5,-0.8128466845916154,0.5824776968678019,0.163716814159292,0.8760335097846369,0
2025-08-02,0.252,24.0,10.5,0.4375,52.5,0.2270762630343732,0.9738769792773336,0.217391304347826,0.8875930124017755,0
2025-08-03,0.2485,24.0,10.354166666666666,0.4314236111111111,412.5,0.9738769792773336,-0.2270762630343731,0.255050505050505,0.8987980834218372,0
2025-08-04,0.278,32.0,11.583333333333334,0.3619791666666667,1192.5,-0.881921264348355,0.4713967368259976,0.1416837782340862,0.8916975155372315,0
2025-08-05,0.27925,30.0,11.635416666666666,0.3878472222222222,1342.5,-0.4127070298043955,0.9108638249211756,0.0918866080156402,0.8634340578204895,0
2025-08-06,0.2865,28.0,11.9375,0.4263392857142857,1162.5,-0.935905926757326,0.3522500479212327,0.1838842975206611,0.8993988413272764,0
2025-08-07,0.1875,24.0,7.8125,0.3255208333333333,22.5,0.0980171403295606,0.9951847266721968,0.0744985673352435,0.8374065265063815,0
2025-08-08,0.193,24.0,8.041666666666666,0.3350694444444444,1237.5,-0.7730104533627369,0.6343932841636456,0.20625,0.8627399633836613,0
2025-08-09,0.20275,20.0,8.447916666666666,0.4223958333333333,7.5,0.0327190828217761,0.9994645874763656,0.1263888888888888,0.8546165934547676,0
2025-08-10,0.313,28.0,13.041666666666666,0.4657738095238095,412.5,0.9738769792773336,-0.2270762630343731,0.6430446194225722,0.9477501273373252,0
2025-08-11,0.2035,24.0,8.479166666666666,0.3532986111111111,1297.5,-0.5824776968678023,0.8128466845916151,0.0767195767195767,0.853891081259632,0
2025-08-12,0.242,26.0,10.083333333333334,0.3878205128205128,1312.5,-0.5280678506503679,0.849202181526579,0.1229698375870069,0.8721366682712701,0
2025-08-13,0.244,30.0,10.166666666666666,0.3388888888888888,1207.5,-0.8492021815265792,0.5280678506503674,0.1375291375291375,0.8643455648206929,0
2025-08-16,0.2375,22.0,9.895833333333334,0.4498106060606061,37.5,0.1628954733945887,0.986643332084879,0.1309523809523809,0.8647475230302769,0
2025-08-17,0.2475,30.0,10.3125,0.34375,1132.5,-0.9738769792773336,0.2270762630343734,0.1173814898419864,0.870053965567334,0
2025-08-18,0.19525,26.0,8.135416666666666,0.312900641025641,37.5,0.1628954733945887,0.986643332084879,0.1335268505079825,0.8664430920634039,0
2025-08-19,0.218,20.0,9.083333333333334,0.4541666666666667,532.5,0.7298640726978356,-0.6835923020228714,0.1945205479452054,0.8758022125834428,0
2025-08-20,0.245,26.0,10.208333333333334,0.3926282051282052,1192.5,-0.881921264348355,0.4713967368259976,0.1475409836065573,0.881629436984313,0
2025-08-21,0.265,30.0,11.041666666666666,0.3680555555555555,427.5,0.9569403357322088,-0.2902846772544621,0.3910761154855643,0.9165914443933768,0
2025-08-22,0.172,24.0,7.166666666666667,0.2986111111111111,397.5,0.986643332084879,-0.1628954733945887,0.2554744525547445,0.8655764229994755,0
2025-08-23,0.16625,26.0,6.927083333333333,0.266426282051282,1162.5,-0.935905926757326,0.3522500479212327,0.08130081300813,0.8114046718806728,0
2025-08-24,0.12125,18.0,5.052083333333333,0.2806712962962963,397.5,0.986643332084879,-0.1628954733945887,0.2796833773087071,0.8579930604701815,0
2025-08-25,0.109,16.0,4.541666666666667,0.2838541666666667,1357.5,-0.3522500479212331,0.935905926757326,0.2044198895027624,0.8858635616098185,0
2025-08-26,0.112,16.0,4.666666666666667,0.2916666666666667,1327.5,-0.4713967368259979,0.8819212643483548,0.087378640776699,0.84469624203196,0
2025-08-27,0.22,36.0,9.166666666666666,0.2546296296296296,1192.5,-0.881921264348355,0.4713967368259976,0.2941176470588235,0.9034599483137312,0
2025-08-28,0.037,16.0,1.5416666666666667,0.0963541666666666,1162.5,-0.935905926757326,0.3522500479212327,0.3703703703703703,0.6004934177951982,0
2025-08-29,0.0785,24.0,3.270833333333333,0.1362847222222222,502.5,0.8128466845916152,-0.582477696867802,1.706896551724138,0.7226833558328781,0
2025-08-30,0.0625,26.0,2.6041666666666665,0.1001602564102564,1162.5,-0.935905926757326,0.3522500479212327,0.0,0.586376691262526,0
2025-08-31,0.0495,20.0,2.0625,0.103125,817.5,-0.4127070298043948,-0.9108638249211758,1.8285714285714283,0.6868872375562635,0
2025-09-01,0.0855,32.0,3.5625,0.111328125,1102.5,-0.9951847266721968,0.09801714032956,0.0,0.7595826850847636,0
2025-09-02,0.133,18.0,5.541666666666667,0.3078703703703704,832.5,-0.4713967368259976,-0.881921264348355,0.4301075268817204,0.8965749138954568,0
2025-09-03,0.0353928571428571,12.0,1.4747023809523807,0.122891865079365,1162.5,-0.935905926757326,0.3522500479212327,0.1839904420549582,0.6814166811284922,0
2025-09-04,0.1613571428571428,20.0,6.723214285714286,0.3361607142857142,517.5,0.7730104533627371,-0.6343932841636454,0.4621359223300971,0.8969577919028863,0
2025-09-05,0.1005,12.0,4.1875,0.3489583333333333,1102.5,-0.9951847266721968,0.09801714032956,0.092391304347826,0.8569321722047519,0
2025-09-06,0.0685,38.0,2.8541666666666665,0.075109649122807,1042.5,-0.986643332084879,-0.1628954733945889,1.0147058823529411,0.7273393211286981,0
2025-09-07,0.0975,28.0,4.0625,0.1450892857142857,1147.5,-0.9569403357322088,0.290284677254462,0.4552238805970149,0.7592089301306592,0
2025-09-08,0.0485,14.0,2.020833333333333,0.1443452380952381,412.5,0.9738769792773336,-0.2270762630343731,0.6166666666666667,0.681275580055912,0
2025-09-09,0.1645,18.0,6.854166666666667,0.380787037037037,517.5,0.7730104533627371,-0.6343932841636454,0.4954545454545455,0.9029767616003777,-1
2025-09-10,0.061,14.0,2.5416666666666665,0.181547619047619,442.5,0.9359059267573258,-0.3522500479212335,0.7941176470588235,0.799259560121311,0
2025-09-11,0.05,8.0,2.083333333333333,0.2604166666666667,1162.5,-0.935905926757326,0.3522500479212327,0.0,0.743842039934273,0
2025-09-13,0.0564423076923076,14.0,2.3517628205128207,0.1679830586080586,367.5,0.9994645874763656,-0.032719082821776,0.7133683596030356,0.7843043288840761,0
2025-09-14,0.05725,24.0,2.3854166666666665,0.0993923611111111,1162.5,-0.935905926757326,0.3522500479212327,0.6594202898550725,0.7350574780162304,0
2025-09-15,0.0575,18.0,2.395833333333333,0.1331018518518518,397.5,0.986643332084879,-0.1628954733945887,0.5131578947368421,0.7611063110473317,0
2025-09-16,0.0965,20.0,4.020833333333333,0.2010416666666666,772.5,-0.2270762630343734,-0.9738769792773336,0.5317460317460317,0.7557057131838314,0
2025-09-17,0.11225,14.0,4.677083333333333,0.3340773809523809,7.5,0.0327190828217761,0.9994645874763656,0.3244837758112094,0.8824206996246511,0
2025-09-18,0.021,8.0,0.875,0.109375,397.5,0.986643332084879,-0.1628954733945887,20.0,0.6281354938987925,0
2025-09-19,0.046,14.0,1.9166666666666667,0.1369047619047619,487.5,0.8492021815265789,-0.528067850650368,0.803921568627451,0.708918062109645,0
2025-09-20,0.06325,14.0,2.6354166666666665,0.1882440476190476,472.5,0.881921264348355,-0.4713967368259977,0.3529411764705882,0.8513796300080311,0
2025-09-21,0.037,20.0,1.5416666666666667,0.0770833333333333,412.5,0.9738769792773336,-0.2270762630343731,2.8947368421052637,0.5808112189035055,0
2025-09-22,0.0295,6.0,1.2291666666666667,0.2048611111111111,577.5,0.5824776968678022,-0.8128466845916151,1.681818181818182,0.7182179038626841,0
2025-09-23,0.072,20.0,3.0,0.15,1042.5,-0.986643332084879,-0.1628954733945889,0.6363636363636364,0.724380097507403,0
2025-09-24,0.029,10.0,1.2083333333333333,0.1208333333333333,412.5,0.9738769792773336,-0.2270762630343731,0.5263157894736842,0.6738426813841445,0
2025-09-25,1.56475,382.0,65.19791666666667,0.1706751745200698,1162.5,-0.935905926757326,0.3522500479212327,0.0065937600514634,0.669277876051235,-1
2025-09-26,0.63425,264.0,26.42708333333333,0.1001025883838383,22.5,0.0980171403295606,0.9951847266721968,0.0673117374842238,0.6024225851010274,0
2025-09-27,0.06075,20.0,2.53125,0.1265625,502.5,0.8128466845916152,-0.582477696867802,0.975609756097561,0.7414328021083278,0
2025-09-28,0.3345,362.0,13.9375,0.0385013812154696,1417.5,-0.0980171403295605,0.9951847266721968,0.0721153846153846,0.3967051885623995,0
2025-09-29,0.18575,326.0,7.739583333333333,0.0237410531697341,7.5,0.0327190828217761,0.9994645874763656,0.3267857142857143,0.5405565389114925,0
2025-10-02,0.155,300.0,6.458333333333333,0.0215277777777777,517.5,0.7730104533627371,-0.6343932841636454,10.071428571428571,0.2973243455197784,0
2025-10-03,0.80525,360.0,33.552083333333336,0.0932002314814814,1372.5,-0.2902846772544625,0.9569403357322088,0.4083952776563183,0.5735680157653164,0
2025-10-05,1.277,320.0,53.208333333333336,0.1662760416666666,832.5,-0.4713967368259976,-0.881921264348355,47.18867924528302,0.648665283311459,-1
2025-10-06,0.0405,10.0,1.6875,0.16875,517.5,0.7730104533627371,-0.6343932841636454,0.1408450704225352,0.6809411310830641,0
2025-10-07,2.535,338.0,105.625,0.3125,517.5,0.7730104533627371,-0.6343932841636454,64.84415584415585,0.7877206776453022,-1
2025-10-08,0.088,22.0,3.6666666666666665,0.1666666666666666,862.5,-0.5824776968678024,-0.812846684591615,1.4788732394366195,0.7955312161809126,0
2025-10-09,0.058,92.0,2.4166666666666665,0.0262681159420289,442.5,0.9359059267573258,-0.3522500479212335,3.142857142857143,0.465324935510966,0
2025-10-10,0.029,6.0,1.2083333333333333,0.2013888888888888,382.5,0.9951847266721968,-0.0980171403295606,1.2307692307692308,0.7933645844701279,0
2025-10-11,2.129,340.0,88.70833333333333,0.260906862745098,262.5,0.9108638249211758,0.4127070298043947,1.9507969507969507,0.7556830847347692,-1
2025-10-12,0.1,130.0,4.166666666666667,0.032051282051282,412.5,0.9738769792773336,-0.2270762630343731,1.1978021978021978,0.547586283563366,0
2025-10-14,1.0645,328.0,44.35416666666666,0.1352261178861788,322.5,0.986643332084879,0.1628954733945888,1.6546134663341645,0.6290122247176939,0
2025-10-15,0.53475,364.0,22.28125,0.0612122252747252,1387.5,-0.2270762630343738,0.9738769792773336,2.4006359300476947,0.4947210864136604,0
2025-10-16,3.6705,366.0,152.9375,0.4178620218579235,862.5,-0.5824776968678024,-0.812846684591615,243.7,0.8337714657141015,-1
2025-10-17,0.03525,6.0,1.46875,0.2447916666666666,1147.5,-0.9569403357322088,0.290284677254462,0.175,0.7232261313743091,0
2025-10-18,0.0645,18.0,2.6875,0.1493055555555555,1147.5,-0.9569403357322088,0.290284677254462,0.5542168674698795,0.7215060761112188,0
2025-10-19,1.09475,394.0,45.614583333333336,0.115773054145516,622.5,0.4127070298043946,-0.910863824921176,43.23232323232323,0.577291838494651,-1
2025-10-20,2.138,350.0,89.08333333333333,0.2545238095238095,532.5,0.7298640726978356,-0.6835923020228714,78.18518518518519,0.7335817311565682,-1
2025-10-21,0.028,14.0,1.1666666666666667,0.0833333333333333,397.5,0.986643332084879,-0.1628954733945887,0.3333333333333333,0.6060404160029083,0
2025-10-22,2.502,370.0,104.25,0.2817567567567567,67.5,0.2902846772544623,0.9569403357322088,0.3934837092731829,0.7571375893515468,1
2025-10-23,0.031,8.0,1.2916666666666667,0.1614583333333333,1252.5,-0.7298640726978359,0.683592302022871,0.2156862745098039,0.7308102060469673,0
2025-10-24,0.0325,10.0,1.3541666666666667,0.1354166666666666,397.5,0.986643332084879,-0.1628954733945887,0.1818181818181818,0.7529869230015315,0
2025-10-25,1.00475,372.0,41.864583333333336,0.1125392025089605,622.5,0.4127070298043946,-0.910863824921176,56.41428571428571,0.5595658927251572,-1
2025-10-26,0.6305,364.0,26.27083333333333,0.072172619047619,1372.5,-0.2902846772544625,0.9569403357322088,0.0,0.4768520507476734,0
2025-10-27,2.81575,352.0,117.32291666666669,0.333303740530303,1432.5,-0.0327190828217765,0.9994645874763656,1.1518914787925103,0.7937160264751086,-1
2025-10-28,2.469,354.0,102.875,0.2906073446327684,7.5,0.0327190828217761,0.9994645874763656,0.2332667332667332,0.7630581071764885,1
2025-10-29,1.213,320.0,50.54166666666666,0.1579427083333333,292.5,0.9569403357322088,0.2902846772544623,1.9053892215568864,0.6276312132678143,0
2025-10-30,0.9705,392.0,40.4375,0.103156887755102,817.5,-0.4127070298043948,-0.9108638249211758,38.61224489795919,0.5606869674049993,-1
2025-10-31,0.032,8.0,1.3333333333333333,0.1666666666666666,1312.5,-0.5280678506503679,0.849202181526579,0.0158730158730158,0.6796071943451829,0
2025-11-01,1.935,382.0,80.625,0.2110602094240837,982.5,-0.9108638249211756,-0.4127070298043954,0.6145181476846058,0.6948292786123411,-1
2025-11-02,2.009,334.0,83.70833333333333,0.2506237524950099,292.5,0.9569403357322088,0.2902846772544623,0.0425531914893617,0.72667729647741,1
2025-11-03,1.255,366.0,52.29166666666666,0.1428734061930783,1432.5,-0.0327190828217765,0.9994645874763656,0.5455665024630542,0.6378486020183873,-1
2025-11-04,3.903,374.0,162.625,0.4348262032085561,922.5,-0.7730104533627367,-0.6343932841636459,0.9099584046978224,0.8548309450955687,-1
2025-11-05,1.1575,374.0,48.22916666666666,0.128954991087344,1267.5,-0.6835923020228714,0.7298640726978356,0.0122431132487975,0.5857625147348675,0
2025-11-06,1.9915,344.0,82.97916666666667,0.241218507751938,7.5,0.0327190828217761,0.9994645874763656,0.0332036316472114,0.7152619378132126,1
2025-11-07,1.8815,344.0,78.39583333333333,0.2278948643410852,922.5,-0.7730104533627367,-0.6343932841636459,1.0732782369146006,0.7098027228048076,-1
2025-11-08,0.0075,10.0,0.3125,0.03125,412.5,0.9738769792773336,-0.2270762630343731,14.0,0.313782788752287,0
2025-11-09,1.1655,366.0,48.5625,0.1326844262295081,397.5,0.986643332084879,-0.1628954733945887,128.5,0.5839370507063956,-1
2025-11-10,0.566,368.0,23.58333333333333,0.0640851449275362,1372.5,-0.2902846772544625,0.9569403357322088,0.0,0.4497885051934747,0
2025-11-11,2.7785,358.0,115.77083333333331,0.3233822160148976,1372.5,-0.2902846772544625,0.9569403357322088,0.1047713717693837,0.7792660434446449,-1
2025-11-12,2.402,338.0,100.08333333333331,0.2961045364891518,22.5,0.0980171403295606,0.9951847266721968,0.234009761109684,0.7504559640345771,1
2025-11-13,1.1385,344.0,47.4375,0.1378997093023256,52.5,0.2270762630343732,0.9738769792773336,0.0030837004405286,0.6094351897431848,0
2025-11-14,2.1175,390.0,88.22916666666667,0.2262286324786324,847.5,-0.5280678506503675,-0.8492021815265792,1.141051567239636,0.7080496176716896,-1
2025-11-15,1.214,320.0,50.583333333333336,0.1580729166666666,7.5,0.0327190828217761,0.9994645874763656,6.058139534883721,0.6173399586386813,-1
2025-11-16,0.9165,334.0,38.1875,0.1143338323353293,562.5,0.6343932841636455,-0.773010453362737,20.313953488372093,0.5850319742411837,-1
2025-11-17,2.791,368.0,116.29166666666669,0.3160099637681159,832.5,-0.4713967368259976,-0.881921264348355,12.32219570405728,0.790534329660779,-1
2025-11-18,4.09725,374.0,170.71875,0.4564672459893048,1372.5,-0.2902846772544625,0.9569403357322088,0.5790538587532518,0.8819435274553244,-1
2025-11-19,3.00975,360.0,125.40625,0.3483506944444444,742.5,-0.0980171403295605,-0.9951847266721968,0.5903566710700132,0.8051461698755521,-1
2025-11-22,1.99,338.0,82.91666666666667,0.2453155818540434,142.5,0.5824776968678022,0.8128466845916152,0.063034188034188,0.7293741874138022,1
2025-11-23,2.894,352.0,120.58333333333331,0.3425662878787878,67.5,0.2902846772544623,0.9569403357322088,0.0224341989047871,0.7868012566468043,-1
2025-11-24,0.59225,372.0,24.67708333333333,0.0663362455197132,1387.5,-0.2270762630343738,0.9738769792773336,0.0128259940145361,0.511386965388775,0
2025-11-25,2.6615,350.0,110.89583333333331,0.316845238095238,7.5,0.0327190828217761,0.9994645874763656,0.3068990915786889,0.7733158664794834,1
2025-11-26,2.723,358.0,113.45833333333331,0.3169227188081936,502.5,0.8128466845916152,-0.582477696867802,0.6012937371361364,0.8100891549996484,-1
2025-11-28,1.8182,370.0,75.75833333333334,0.2047522522522522,1387.5,-0.2270762630343738,0.9738769792773336,2.1122903115371447,0.6802761592363873,-1
2025-11-29,3.304,360.0,137.66666666666666,0.3824074074074073,7.5,0.0327190828217761,0.9994645874763656,0.6470588235294118,0.8225934461292458,1
2025-11-30,1.5375,396.0,64.0625,0.1617739898989899,1117.5,-0.986643332084879,0.1628954733945886,0.0019550342130987,0.6309179304395799,-1
2025-12-01,0.0905,200.0,3.7708333333333335,0.0188541666666666,1432.5,-0.0327190828217765,0.9994645874763656,0.0969696969696969,0.4736045642476566,0
2025-12-04,0.984,404.0,41.0,0.1014851485148514,1357.5,-0.3522500479212331,0.935905926757326,0.004594180704441,0.5505089152464275,0
2025-12-05,2.59175,386.0,107.98958333333331,0.2797657599309153,7.5,0.0327190828217761,0.9994645874763656,0.2103911266783421,0.7545243020019158,1
2025-12-06,1.9695,380.0,82.0625,0.215953947368421,442.5,0.9359059267573258,-0.3522500479212335,95.07317073170732,0.6853051859035538,-1
2025-12-07,2.34025,364.0,97.51041666666669,0.2678857600732601,97.5,0.4127070298043946,0.9108638249211758,0.2338210096217213,0.7288086367509222,1
2025-12-08,0.8925,378.0,37.1875,0.0983796296296296,412.5,0.9738769792773336,-0.2270762630343731,13.75206611570248,0.5162353077444379,0
2025-12-09,0.8385,390.0,34.9375,0.0895833333333333,1372.5,-0.2902846772544625,0.9569403357322088,0.0047932893948472,0.5159437358143135,0
2025-12-10,3.00275,378.0,125.11458333333331,0.3309909611992945,7.5,0.0327190828217761,0.9994645874763656,0.3604032166723298,0.7838086246425835,1
2025-12-11,2.166,368.0,90.25,0.2452445652173913,22.5,0.0980171403295606,0.9951847266721968,0.0243556396311184,0.7153442350555446,1
2025-12-12,1.2575,412.0,52.395833333333336,0.127174352750809,1327.5,-0.4713967368259979,0.8819212643483548,0.0275091924281628,0.5937862879515783,0
2025-12-13,3.3715,398.0,140.47916666666666,0.3529627303182579,7.5,0.0327190828217761,0.9994645874763656,0.5146001796945193,0.8040691255283882,1
2025-12-14,2.5275,364.0,105.3125,0.2893200549450549,1057.5,-0.9951847266721968,-0.0980171403295604,0.1899717514124294,0.7493527504572338,-1
