client,cible,rayon,eps,part_ecartee,biais_E_pct
0017SAM,Mai | avant 2025-09-25,coude,5.292681777839094,0.0,0.0
0017SAM,Mai | avant 2025-09-25,80,5.16626261195466,0.09090909090909091,-8.173077961780695
0017SAM,Mai | avant 2025-09-25,90,5.292681777839094,0.0,0.0
0017SAM,Mai | avant 2025-09-25,95,5.732035196890555,0.0,0.0
0017SAM,Octobre | depuis 2025-09-25,coude,4.12292459686015,0.05555555555555555,-7.16041007660354
0017SAM,Octobre | depuis 2025-09-25,80,4.525185686781201,0.0,0.0
0017SAM,Octobre | depuis 2025-09-25,90,4.86475027821041,0.0,0.0
0017SAM,Octobre | depuis 2025-09-25,95,5.436086516119788,0.0,0.0
0017SAM,Saison des pluies | avant 2025-09-25,coude,4.258235905978774,0.11764705882352941,-9.141268384742018
0017SAM,Saison des pluies | avant 2025-09-25,80,4.554277031609862,0.11764705882352941,-9.141268384742018
0017SAM,Saison des pluies | avant 2025-09-25,90,5.351400760012258,0.0,0.0
0017SAM,Saison des pluies | avant 2025-09-25,95,6.151058680956318,0.0,0.0
0017SAM,Saison des pluies | depuis 2025-09-25,coude,,0.0,0.0
0017SAM,Saison des pluies | depuis 2025-09-25,80,,0.0,0.0
0017SAM,Saison des pluies | depuis 2025-09-25,90,,0.0,0.0
0017SAM,Saison des pluies | depuis 2025-09-25,95,,0.0,0.0
0017SAM,Saison seche | avant 2025-09-25,coude,2.645072442970532,0.1509433962264151,-15.717819554286116
0017SAM,Saison seche | avant 2025-09-25,80,2.988165358176295,0.1320754716981132,-15.73033396691994
0017SAM,Saison seche | avant 2025-09-25,90,3.4571750539082373,0.05660377358490566,-8.856099150491946
0017SAM,Saison seche | avant 2025-09-25,95,3.956884091358888,0.03773584905660377,-8.116491139040837
0017SAM,Saison seche | depuis 2025-09-25,coude,2.6851235296165306,0.02912621359223301,-7.396992247774659
0017SAM,Saison seche | depuis 2025-09-25,80,1.9659357075338584,0.1262135922330097,-15.574950762852014
0017SAM,Saison seche | depuis 2025-09-25,90,2.431693038125663,0.05825242718446602,-11.47004505599105
0017SAM,Saison seche | depuis 2025-09-25,95,2.7841232247725434,0.02912621359223301,-7.396992247774659
0018SAM,Mai | avant 2025-10-02,coude,,0.0,0.0
0018SAM,Mai | avant 2025-10-02,80,,0.0,0.0
0018SAM,Mai | avant 2025-10-02,90,,0.0,0.0
0018SAM,Mai | avant 2025-10-02,95,,0.0,0.0
0018SAM,Octobre | depuis 2025-10-02,coude,4.550127649429661,0.125,-16.424696509863434
0018SAM,Octobre | depuis 2025-10-02,80,4.529204793435408,0.125,-16.424696509863434
0018SAM,Octobre | depuis 2025-10-02,90,5.395266809467493,0.0,0.0
0018SAM,Octobre | depuis 2025-10-02,95,6.381262496178298,0.0,0.0
0018SAM,Saison des pluies | avant 2025-10-02,coude,,0.0,0.0
0018SAM,Saison des pluies | avant 2025-10-02,80,,0.0,0.0
0018SAM,Saison des pluies | avant 2025-10-02,90,,0.0,0.0
0018SAM,Saison des pluies | avant 2025-10-02,95,,0.0,0.0
0018SAM,Saison seche | avant 2025-10-02,coude,2.7896728062902976,0.13953488372093023,-18.55493842067134
0018SAM,Saison seche | avant 2025-10-02,80,2.7304775980907228,0.13953488372093023,-18.55493842067134
0018SAM,Saison seche | avant 2025-10-02,90,3.7728797047321265,0.06976744186046512,-7.956404402998185
0018SAM,Saison seche | avant 2025-10-02,95,4.994568060107941,0.0,0.0
0018SAM,Saison seche | depuis 2025-10-02,coude,1.9399133974180411,0.0784313725490196,-1.5930111783162282
0018SAM,Saison seche | depuis 2025-10-02,80,1.900617498849952,0.0784313725490196,-1.5930111783162282
0018SAM,Saison seche | depuis 2025-10-02,90,2.1970831466657423,0.0784313725490196,-1.5930111783162282
0018SAM,Saison seche | depuis 2025-10-02,95,3.753133225982253,0.058823529411764705,0.36938479557231396
0035SAM,Mai,coude,4.550843383479118,0.0,0.0
0035SAM,Mai,80,4.230428286385395,0.0,0.0
0035SAM,Mai,90,4.4894497657273496,0.0,0.0
0035SAM,Mai,95,4.775243623985236,0.0,0.0
0035SAM,Octobre,coude,3.5895243673628725,0.08333333333333333,-1.0300198244123537
0035SAM,Octobre,80,4.371894932428243,0.0,0.0
0035SAM,Octobre,90,4.676301559571644,0.0,0.0
0035SAM,Octobre,95,4.749561424576877,0.0,0.0
0035SAM,Saison des pluies,coude,3.1273869350231536,0.16666666666666666,-2.6087584047700063
0035SAM,Saison des pluies,80,3.4421800570475964,0.08333333333333333,1.6267197209754558
0035SAM,Saison des pluies,90,4.127453394182164,0.0,0.0
0035SAM,Saison des pluies,95,4.439693012597016,0.0,0.0
0035SAM,Saison seche,coude,2.1633283930929537,0.09401709401709402,-10.311982834298117
0035SAM,Saison seche,80,1.9465037394275613,0.1111111111111111,-10.91073061755694
0035SAM,Saison seche,90,2.521148034441892,0.05128205128205128,-7.049721580880009
0035SAM,Saison seche,95,2.999503785972078,0.017094017094017096,-2.955980150998183
0151GBO,Mai | avant 2025-09-17,coude,4.6181594100329235,0.034482758620689655,2.0796537756073707
0151GBO,Mai | avant 2025-09-17,80,4.3919156988013315,0.1724137931034483,10.067032941472643
0151GBO,Mai | avant 2025-09-17,90,4.776040301324496,0.034482758620689655,2.0796537756073707
0151GBO,Mai | avant 2025-09-17,95,5.773561972308885,0.0,0.0
0151GBO,Mai | depuis 2025-09-17,coude,3.9722040393585285,0.21052631578947367,-21.61498267734424
0151GBO,Mai | depuis 2025-09-17,80,4.465295879321854,0.15789473684210525,-22.671130132066462
0151GBO,Mai | depuis 2025-09-17,90,5.474019234345603,0.0,0.0
0151GBO,Mai | depuis 2025-09-17,95,5.995053412641359,0.0,0.0
0151GBO,Octobre | depuis 2025-09-17,coude,2.675967458688136,0.23333333333333334,-6.886238635155173
0151GBO,Octobre | depuis 2025-09-17,80,3.6297482888964088,0.16666666666666666,-6.381583166149085
0151GBO,Octobre | depuis 2025-09-17,90,4.2147487403382815,0.03333333333333333,-4.548138166055904
0151GBO,Octobre | depuis 2025-09-17,95,5.257194838787796,0.0,0.0
0151GBO,Saison des pluies | avant 2025-09-17,coude,1.4676701398553527,0.6521739130434783,-75.18810189681602
0151GBO,Saison des pluies | avant 2025-09-17,80,5.022997883534297,0.08695652173913043,-9.029576998205624
0151GBO,Saison des pluies | avant 2025-09-17,90,5.366355594276545,0.08695652173913043,-9.029576998205624
0151GBO,Saison des pluies | avant 2025-09-17,95,5.4826173774439875,0.0,0.0
0151GBO,Saison des pluies | depuis 2025-09-17,coude,2.8082382974257523,0.10638297872340426,-15.086000092300011
0151GBO,Saison des pluies | depuis 2025-09-17,80,2.730678336675436,0.10638297872340426,-15.086000092300011
0151GBO,Saison des pluies | depuis 2025-09-17,90,3.173539882422732,0.0425531914893617,-4.8073591451780695
0151GBO,Saison des pluies | depuis 2025-09-17,95,3.6957303348165125,0.02127659574468085,-2.6234267463105754
0151GBO,Saison seche | avant 2025-09-17,coude,3.829872594855952,0.12121212121212122,4.9894937826220565
0151GBO,Saison seche | avant 2025-09-17,80,3.6128815774508354,0.12121212121212122,4.9894937826220565
0151GBO,Saison seche | avant 2025-09-17,90,4.761717194254177,0.06060606060606061,4.061839657570121
0151GBO,Saison seche | avant 2025-09-17,95,5.851994379407385,0.06060606060606061,4.061839657570121
0151GBO,Saison seche | depuis 2025-09-17,coude,2.8814452999644433,0.02608695652173913,-2.0112893090105555
0151GBO,Saison seche | depuis 2025-09-17,80,2.612375838939581,0.09565217391304348,1.188192348426198
0151GBO,Saison seche | depuis 2025-09-17,90,2.869216441494669,0.02608695652173913,-2.0112893090105555
0151GBO,Saison seche | depuis 2025-09-17,95,3.1738949290736165,0.017391304347826087,-1.0319013556930101
0016GBO,Mai,coude,,0.0,0.0
0016GBO,Mai,80,,0.0,0.0
0016GBO,Mai,90,,0.0,0.0
0016GBO,Mai,95,,0.0,0.0
0016GBO,Saison des pluies,coude,3.504733007005469,0.125,-10.831927799398077
0016GBO,Saison des pluies,80,4.486510615432129,0.0,0.0
0016GBO,Saison des pluies,90,4.723549172839949,0.0,0.0
0016GBO,Saison des pluies,95,4.92470309396677,0.0,0.0
0016GBO,Saison seche,coude,1.8733925876925528,0.0449438202247191,-8.093369095691738
0016GBO,Saison seche,80,1.7283320961095627,0.0449438202247191,-8.093369095691738
0016GBO,Saison seche,90,1.9740551038604977,0.02247191011235955,-3.7132075163703537
0016GBO,Saison seche,95,2.266026422368374,0.011235955056179775,-3.0361157305453967
0043SAM,Mai,coude,2.8624647424278513,0.6153846153846154,-47.89568507788778
0043SAM,Mai,80,4.333975447792671,0.0,0.0
0043SAM,Mai,90,4.3487830746205365,0.0,0.0
0043SAM,Mai,95,4.352058134627846,0.0,0.0
0043SAM,Octobre,coude,,0.0,0.0
0043SAM,Octobre,80,,0.0,0.0
0043SAM,Octobre,90,,0.0,0.0
0043SAM,Octobre,95,,0.0,0.0
0043SAM,Saison des pluies,coude,2.473804816775364,0.0,0.0
0043SAM,Saison des pluies,80,2.4549884107324584,0.015151515151515152,-1.34697218682569
0043SAM,Saison des pluies,90,2.574895034855496,0.0,0.0
0043SAM,Saison des pluies,95,2.7159656037455626,0.0,0.0
0043SAM,Saison seche,coude,2.372426136091707,0.031914893617021274,-1.9107794483003926
0043SAM,Saison seche,80,2.2822176541791124,0.05319148936170213,-3.7403837805019213
0043SAM,Saison seche,90,2.5533174417743076,0.02127659574468085,-0.04184546404958356
0043SAM,Saison seche,95,2.8493239386629883,0.010638297872340425,-0.12718547030869942
0097SAM,Mai,coude,2.8119624971594095,0.1,-9.58815852327951
0097SAM,Mai,80,2.789636242388035,0.125,-10.515080407880928
0097SAM,Mai,90,3.146620780335724,0.05,-6.091570077015984
0097SAM,Mai,95,3.5997235387844864,0.0,0.0
0097SAM,Octobre,coude,3.0659352484035005,0.07692307692307693,-1.4317758896422172
0097SAM,Octobre,80,3.0659352484035005,0.07692307692307693,-1.4317758896422172
0097SAM,Octobre,90,3.5266851590197037,0.038461538461538464,-0.9717626041441441
0097SAM,Octobre,95,3.649568150161155,0.038461538461538464,-0.9717626041441441
0097SAM,Saison des pluies,coude,2.0235608594040455,0.08870967741935484,-6.1770879036075925
0097SAM,Saison des pluies,80,2.0201779459372013,0.08870967741935484,-6.1770879036075925
0097SAM,Saison des pluies,90,2.5306039349688274,0.03225806451612903,-3.4274732430851995
0097SAM,Saison des pluies,95,2.817555821882352,0.024193548387096774,-2.2266070341100064
0097SAM,Saison seche,coude,1.9996087270290863,0.023148148148148147,0.29999770938986536
0097SAM,Saison seche,80,1.8216698262156281,0.05555555555555555,-1.293724001677865
0097SAM,Saison seche,90,2.0251803223448483,0.023148148148148147,0.29999770938986536
0097SAM,Saison seche,95,2.2719255128853804,0.013888888888888888,0.44188292309335075
0154GBO,Mai,coude,2.7678806155556717,0.05263157894736842,-0.4783029043459952
0154GBO,Mai,80,2.728506289410328,0.05263157894736842,-0.4783029043459952
0154GBO,Mai,90,2.8604030852204914,0.05263157894736842,-0.4783029043459952
0154GBO,Mai,95,3.060100698901927,0.05263157894736842,-0.4783029043459952
0154GBO,Octobre,coude,3.4095293872747443,0.03333333333333333,-4.7720992290151365
0154GBO,Octobre,80,3.245270817981098,0.06666666666666667,-9.178944888130436
0154GBO,Octobre,90,3.4480564563998835,0.0,0.0
0154GBO,Octobre,95,3.852784274884711,0.0,0.0
0154GBO,Saison des pluies,coude,1.9983416301461467,0.06569343065693431,-6.049508961271844
0154GBO,Saison des pluies,80,1.7377878937415145,0.0948905109489051,-8.900855643554252
0154GBO,Saison des pluies,90,2.099429070164236,0.051094890510948905,-3.300834073664982
0154GBO,Saison des pluies,95,2.6032441318690345,0.014598540145985401,-1.2486836354910213
0154GBO,Saison seche,coude,1.89778302740705,0.04945054945054945,-3.0586849162431817
0154GBO,Saison seche,80,1.742861358983804,0.09340659340659341,-6.548836006349301
0154GBO,Saison seche,90,2.023489541374918,0.038461538461538464,-1.6585011263026916
0154GBO,Saison seche,95,2.281524327771244,0.016483516483516484,-2.1781719460169713
0152GBO,Mai | active,coude,3.2440679226705726,0.13793103448275862,8.581711370876711
0152GBO,Mai | active,80,3.319724536852534,0.13793103448275862,8.581711370876711
0152GBO,Mai | active,90,3.9590146365518897,0.034482758620689655,2.0796409286687023
0152GBO,Mai | active,95,5.247499718461035,0.0,0.0
0152GBO,Saison des pluies | active,coude,4.964730803126026,0.18181818181818182,9.205843801261548
0152GBO,Saison des pluies | active,80,4.964730803126026,0.18181818181818182,9.205843801261548
0152GBO,Saison des pluies | active,90,6.584892724913891,0.0,0.0
0152GBO,Saison des pluies | active,95,7.5460385067767,0.0,0.0
0152GBO,Saison seche | active,coude,2.4887680629351077,0.1282051282051282,3.865481341958543
0152GBO,Saison seche | active,80,2.6024836184323363,0.11538461538461539,4.346106261530802
0152GBO,Saison seche | active,90,3.3654199192350513,0.05128205128205128,2.5499018131514006
0152GBO,Saison seche | active,95,3.73949523723821,0.02564102564102564,1.43946154537129
