parameter,Dry season,Rainy season,Transition
func_time_min,244.7,436.6,304.4
func_cycle_min,25.5,42.2,19.0
random_var_w,0.161,0.0781,0.2184
occasional_use,1.0,1.0,1.0
time_frac_var,0.182,0.1956,0.3819
thermal_p_var,0.0,0.0,0.0
n_windows,3,3,3
score,6.8751,2.6771,6.8428
converged,False,False,False
NRMSE,0.0846,0.0646,0.1581
LDC_err,0.0146,0.0201,0.0632
FFT_err,0.0793,0.0259,0.073
err_E_pct,0.18,-0.0921,0.0756
err_P_pct,-8.9617,-4.9414,-0.3937
err_LF,0.0277,0.0172,0.0009
window_1_start_h,6.0,5.75,5.75
window_1_end_h,12.75,10.0,10.25
window_1_duration_min,405,255,270
window_1_p1_W,1529.9,2168.6,1257.1
window_1_t1_min,102,44,59
window_1_p2_W,339.4,648.1,218.6
window_1_t2_min,50,14,16
window_1_r_c,0.2433,0.3353,1.0
window_2_start_h,12.75,10.0,10.25
window_2_end_h,14.25,13.0,12.5
window_2_duration_min,90,180,135
window_2_p1_W,1531.3,2050.1,1090.3
window_2_t1_min,39,44,42
window_2_p2_W,333.0,664.6,208.9
window_2_t2_min,3,15,16
window_2_r_c,0.3004,0.3384,0.8848
window_3_start_h,14.25,13.0,16.05
window_3_end_h,21.25,20.5,20.0
window_3_duration_min,420,450,237
window_3_p1_W,3468.4,3180.6,5756.6
window_3_t1_min,68,44,46
window_3_p2_W,859.9,1212.7,962.6
window_3_t2_min,34,28,26
window_3_r_c,0.1865,0.3417,0.0471
