season,converged,score,n_evals,func_time_min,func_cycle_min,random_var_w,occasional_use,time_frac_var,thermal_p_var,n_windows,window_id,window_start_h,window_end_h,window_duration_min,p1_W,t1_min,p2_W,t2_min,r_c,NRMSE,LDC_err,FFT_err,err_E_pct,err_P_pct,err_LF
Dry season,False,6.8751,1731,244.7,25.5,0.161,1.0,0.182,0.0,3,1,6.0,12.75,405,1529.9,102,339.4,50,0.24333914781211696,0.0846,0.0146,0.0793,0.18,-8.9617,0.0277
Dry season,False,6.8751,1731,244.7,25.5,0.161,1.0,0.182,0.0,3,2,12.75,14.25,90,1531.3,39,333.0,3,0.3004286180581951,0.0846,0.0146,0.0793,0.18,-8.9617,0.0277
Dry season,False,6.8751,1731,244.7,25.5,0.161,1.0,0.182,0.0,3,3,14.25,21.25,420,3468.4,68,859.9,34,0.18646567012978546,0.0846,0.0146,0.0793,0.18,-8.9617,0.0277
Rainy season,False,2.6771,1707,436.6,42.2,0.0781,1.0,0.1956,0.0,3,1,5.75,10.0,255,2168.6,44,648.1,14,0.33528342981044906,0.0646,0.0201,0.0259,-0.0921,-4.9414,0.0172
Rainy season,False,2.6771,1707,436.6,42.2,0.0781,1.0,0.1956,0.0,3,2,10.0,13.0,180,2050.1,44,664.6,15,0.3383636721776592,0.0646,0.0201,0.0259,-0.0921,-4.9414,0.0172
Rainy season,False,2.6771,1707,436.6,42.2,0.0781,1.0,0.1956,0.0,3,3,13.0,20.5,450,3180.6,44,1212.7,28,0.3416872317213035,0.0646,0.0201,0.0259,-0.0921,-4.9414,0.0172
Transition,False,6.8428,1771,304.4,19.0,0.2184,1.0,0.3819,0.0,3,1,5.75,10.25,270,1257.1,59,218.6,16,1.0,0.1581,0.0632,0.073,0.0756,-0.3937,0.0009
Transition,False,6.8428,1771,304.4,19.0,0.2184,1.0,0.3819,0.0,3,2,10.25,12.5,135,1090.3,42,208.9,16,0.8848169681656763,0.1581,0.0632,0.073,0.0756,-0.3937,0.0009
Transition,False,6.8428,1771,304.4,19.0,0.2184,1.0,0.3819,0.0,3,3,16.05,20.0,237,5756.6,46,962.6,26,0.04707416239545245,0.1581,0.0632,0.073,0.0756,-0.3937,0.0009
