day,season,E_kWh,active,operation_stop
2024-11-30,Dry season,0.057,False,False
2024-12-01,Dry season,0.134,False,False
2024-12-09,Dry season,0.077,False,False
2024-12-10,Dry season,0.075,False,False
2024-12-11,Dry season,0.066,False,False
2024-12-12,Dry season,0.027,False,False
2024-12-14,Dry season,0.0765,False,False
2024-12-15,Dry season,0.055,False,False
2024-12-16,Dry season,0.06,False,False
2024-12-17,Dry season,0.05325,False,False
2024-12-18,Dry season,0.0615,False,False
2024-12-19,Dry season,0.087,False,False
2024-12-20,Dry season,0.0555,False,False
2024-12-21,Dry season,0.067,False,False
2024-12-22,Dry season,0.0165,False,False
2024-12-23,Dry season,0.072,False,False
2024-12-24,Dry season,0.0775,False,False
2024-12-25,Dry season,0.0655,False,False
2024-12-26,Dry season,0.0815,False,False
2024-12-27,Dry season,0.0775,False,False
2024-12-28,Dry season,0.06375,False,False
2024-12-29,Dry season,0.0495,False,False
2024-12-30,Dry season,0.049,False,False
2024-12-31,Dry season,0.1075,False,False
2025-01-06,Dry season,0.0445,False,False
2025-01-07,Dry season,0.035,False,False
2025-01-08,Dry season,0.043,False,False
2025-01-09,Dry season,0.041,False,False
2025-01-10,Dry season,0.054,False,False
2025-01-11,Dry season,0.0425,False,False
2025-01-12,Dry season,0.048,False,False
2025-01-13,Dry season,0.0755,False,False
2025-01-14,Dry season,0.0475,False,False
2025-01-16,Dry season,0.084,False,False
2025-01-17,Dry season,0.071,False,False
2025-01-18,Dry season,0.0825,False,False
2025-01-19,Dry season,0.07275,False,False
2025-01-20,Dry season,0.0495,False,False
2025-01-21,Dry season,0.0385,False,False
2025-01-22,Dry season,0.0745,False,False
2025-01-23,Dry season,0.056,False,False
2025-01-24,Dry season,0.075,False,False
2025-01-25,Dry season,0.07425,False,False
2025-01-28,Dry season,0.056,False,False
2025-01-29,Dry season,0.063,False,False
2025-01-30,Dry season,0.08825,False,False
2025-01-31,Dry season,0.029,False,False
2025-02-01,Dry season,0.0,False,False
2025-02-03,Dry season,0.0095,False,False
2025-02-07,Dry season,0.013,False,False
2025-02-11,Dry season,0.0275,False,False
2025-02-12,Dry season,0.036,False,False
2025-02-13,Dry season,0.0085,False,False
2025-02-14,Dry season,0.037,False,False
2025-02-17,Dry season,0.02375,False,False
2025-02-18,Dry season,0.019,False,False
2025-02-19,Dry season,0.021,False,False
2025-02-20,Dry season,0.024,False,False
2025-02-21,Dry season,0.027,False,False
2025-02-22,Dry season,0.0435,False,False
2025-02-25,Dry season,0.03325,False,False
2025-02-26,Dry season,0.02075,False,False
2025-02-27,Dry season,0.0,False,False
2025-02-28,Dry season,0.0,False,False
2025-03-01,Dry season,0.0195,False,False
2025-03-02,Dry season,0.0535,False,False
2025-03-03,Dry season,0.08575,False,False
2025-03-04,Dry season,0.051,False,False
2025-03-05,Dry season,0.035,False,False
2025-03-07,Dry season,0.01925,False,False
2025-03-08,Dry season,0.0065,False,False
2025-03-09,Dry season,0.015,False,False
2025-03-12,Dry season,0.0425,False,False
2025-03-13,Dry season,1.3095,True,False
2025-03-16,Dry season,2.122,True,False
2025-03-17,Dry season,2.7355,True,False
2025-03-18,Dry season,3.5115,True,False
2025-03-19,Dry season,3.307,True,False
2025-03-21,Dry season,2.9655,True,False
2025-03-22,Dry season,3.062,True,False
2025-03-23,Dry season,3.23,True,False
2025-03-25,Dry season,3.668,True,False
2025-03-27,Dry season,2.76825,True,False
2025-03-29,Dry season,3.57975,True,False
2025-03-31,Dry season,2.92425,True,False
2025-04-03,Dry season,2.514,True,False
2025-04-04,Dry season,3.2845,True,False
2025-04-05,Dry season,3.478,True,False
2025-04-06,Dry season,2.5025,True,False
2025-04-07,Dry season,3.4295,True,False
2025-04-08,Dry season,2.391,True,False
2025-04-09,Dry season,2.55375,True,False
2025-04-10,Dry season,3.23875,True,False
2025-04-12,Dry season,2.39775,True,False
2025-04-13,Dry season,3.444,True,False
2025-04-14,Dry season,2.11525,True,False
2025-04-15,Dry season,2.729,True,False
2025-04-16,Dry season,3.63525,True,False
2025-04-17,Dry season,3.453,True,False
2025-04-18,Dry season,2.7955,True,False
2025-04-19,Dry season,3.31075,True,False
2025-04-20,Dry season,2.666,True,False
2025-04-21,Dry season,3.56225,True,False
2025-04-22,Dry season,2.088,True,False
2025-04-23,Dry season,2.39825,True,False
2025-04-24,Dry season,2.2995,True,False
2025-04-26,Dry season,1.783,True,False
2025-04-27,Dry season,0.0,False,False
2025-04-28,Dry season,0.0,False,False
2025-04-29,Dry season,0.0,False,False
2025-04-30,Dry season,0.2585,False,False
2025-05-01,May,3.0815,True,False
2025-05-02,May,2.78825,True,False
2025-05-03,May,2.4855,True,False
2025-05-04,May,2.6905,True,False
2025-05-06,May,1.7195,True,False
2025-05-07,May,2.73075,True,False
2025-05-08,May,2.20725,True,False
2025-05-09,May,1.1485,True,False
2025-05-10,May,2.501,True,False
2025-05-11,May,2.212,True,False
2025-05-12,May,2.235,True,False
2025-05-13,May,2.14275,True,False
2025-05-14,May,2.03325,True,False
2025-05-15,May,2.10875,True,False
2025-05-16,May,2.0275,True,False
2025-05-17,May,3.20475,True,False
2025-05-18,May,3.01175,True,False
2025-05-19,May,2.43775,True,False
2025-05-20,May,1.6885,True,False
2025-05-21,May,0.87725,True,False
2025-05-22,May,0.9905,True,False
2025-05-23,May,3.146,True,False
2025-05-24,May,2.412,True,False
2025-05-25,May,1.464,True,False
2025-05-26,May,1.4645,True,False
2025-05-28,May,2.108,True,False
2025-05-29,May,0.722,True,False
2025-05-30,May,1.328,True,False
2025-05-31,May,1.939,True,False
2025-06-01,Rainy season,1.0135,True,False
2025-06-02,Rainy season,0.337,False,False
2025-06-03,Rainy season,1.276,True,False
2025-06-04,Rainy season,1.6615,True,False
2025-06-05,Rainy season,0.8555,True,False
2025-06-08,Rainy season,1.803,True,False
2025-06-09,Rainy season,0.547,True,False
2025-06-10,Rainy season,1.117,True,False
2025-06-11,Rainy season,0.3515,False,False
2025-06-12,Rainy season,0.4655,True,False
2025-06-13,Rainy season,0.007,False,False
2025-06-14,Rainy season,0.2485,False,False
2025-06-15,Rainy season,0.0,False,False
2025-06-16,Rainy season,0.0,False,False
2025-06-17,Rainy season,0.0,False,False
2025-06-18,Rainy season,0.0,False,False
2025-06-19,Rainy season,0.0,False,False
2025-06-20,Rainy season,0.008,False,False
2025-06-21,Rainy season,0.0,False,False
2025-06-22,Rainy season,0.0,False,False
2025-06-23,Rainy season,0.026,False,False
2025-06-24,Rainy season,0.0025,False,False
2025-06-25,Rainy season,0.2305,False,False
2025-06-26,Rainy season,0.0295,False,False
2025-06-28,Rainy season,0.0185,False,False
2025-06-29,Rainy season,0.0,False,False
2025-06-30,Rainy season,0.0,False,False
2025-07-01,Rainy season,0.0345,False,False
2025-07-02,Rainy season,1.728,True,False
2025-07-03,Rainy season,0.702,True,False
2025-07-04,Rainy season,0.805,True,False
2025-07-05,Rainy season,0.0,False,False
2025-07-06,Rainy season,0.0,False,False
2025-07-09,Rainy season,0.0,False,False
2025-07-10,Rainy season,0.0,False,False
2025-07-11,Rainy season,0.0,False,False
2025-07-14,Rainy season,0.0,False,False
2025-07-15,Rainy season,0.0,False,False
2025-07-16,Rainy season,0.0,False,False
2025-07-17,Rainy season,0.0,False,False
2025-07-18,Rainy season,0.0,False,False
2025-07-19,Rainy season,0.0,False,False
2025-07-20,Rainy season,0.0,False,False
2025-07-21,Rainy season,0.0,False,False
2025-07-22,Rainy season,0.0,False,False
2025-07-24,Rainy season,0.8645,True,False
2025-07-25,Rainy season,2.0575,True,False
2025-07-27,Rainy season,0.337,False,False
2025-07-30,Rainy season,0.0,False,False
2025-08-07,Rainy season,0.0,False,False
2025-08-11,Rainy season,0.0,False,False
2025-08-13,Rainy season,0.002,False,False
2025-08-14,Rainy season,0.0475,False,False
2025-08-15,Rainy season,0.01125,False,False
2025-08-16,Rainy season,0.006,False,False
2025-08-17,Rainy season,0.01425,False,False
2025-08-18,Rainy season,0.0055,False,False
2025-08-19,Rainy season,0.0075,False,False
2025-08-20,Rainy season,0.00125,False,False
2025-08-21,Rainy season,0.003,False,False
2025-08-22,Rainy season,0.006,False,False
2025-08-23,Rainy season,0.0,False,False
2025-08-24,Rainy season,0.0,False,False
2025-08-25,Rainy season,0.0,False,False
2025-08-26,Rainy season,0.0,False,False
2025-08-27,Rainy season,0.0,False,False
2025-08-28,Rainy season,0.0025,False,False
2025-08-29,Rainy season,0.0125,False,False
2025-08-30,Rainy season,0.12,False,False
2025-08-31,Rainy season,0.008,False,False
2025-09-01,Rainy season,0.0145,False,False
2025-09-02,Rainy season,0.0015,False,False
2025-09-03,Rainy season,0.0325,False,False
2025-09-04,Rainy season,0.03325,False,False
2025-09-05,Rainy season,0.2225,False,False
2025-09-06,Rainy season,0.0,False,False
2025-09-07,Rainy season,0.0365,False,False
2025-09-08,Rainy season,0.0365,False,False
2025-09-12,Rainy season,1.7525,True,False
2025-09-14,Rainy season,0.85,True,False
2025-09-15,Rainy season,1.301,True,False
