date,entropy,kept
2024-11-30,0.6446865032623854,True
2024-12-01,0.8247564562607107,True
2024-12-02,0.7683744989562923,True
2024-12-04,0.7762192806663137,True
2024-12-05,0.752334731987498,True
2024-12-06,0.758814175041976,True
2024-12-07,0.7213090765851897,True
2024-12-08,0.7414466434930698,True
2024-12-09,0.7292211606879041,True
2024-12-10,0.7653916678830457,True
2024-12-11,0.7444033261696723,True
2024-12-12,0.5905336556081335,True
2024-12-13,0.7215239698515918,True
2024-12-14,0.7430099727197494,True
2024-12-15,0.7159365411736364,True
2024-12-16,0.7182359762607531,True
2024-12-17,0.7490022805341758,True
2024-12-18,0.6951359392471996,True
2024-12-19,0.7955909437791796,True
2024-12-20,0.6861420817895341,True
2024-12-21,0.7065727075365098,True
2024-12-22,0.4437378570952493,True
2024-12-23,0.7523855175187817,True
2024-12-24,0.7915871668104287,True
2024-12-25,0.7573600933920741,True
2024-12-26,0.7082677609095646,True
2024-12-27,0.7519637415934011,True
2024-12-28,0.7878069501169298,True
2024-12-29,0.7264496246411474,True
2024-12-30,0.655832833340779,True
2024-12-31,0.805615877063911,True
2025-01-01,0.9421639317486994,True
2025-01-02,0.6954277765050993,True
2025-01-03,0.7631507650465529,True
2025-01-04,0.6423501289084175,True
2025-01-06,0.7651375250104879,True
2025-01-07,0.6210876682781157,True
2025-01-08,0.607580715180312,True
2025-01-09,0.5592240761746254,True
2025-01-10,0.7082885372756496,True
2025-01-11,0.6535531823583355,True
2025-01-12,0.6775402247173336,True
2025-01-13,0.7330090718444285,True
2025-01-14,0.657217299775877,True
2025-01-16,0.7968829430434647,True
2025-01-17,0.7344999537485668,True
2025-01-18,0.7494513003776297,True
2025-01-19,0.6987774480179642,True
2025-01-20,0.7321398251567862,True
2025-01-21,0.6764929565204625,True
2025-01-22,0.7669603048546425,True
2025-01-23,0.7227412911380918,True
2025-01-24,0.7619642082187233,True
2025-01-25,0.7018760257837672,True
2025-01-26,0.6090782037042465,True
2025-01-27,0.7502857468689322,True
2025-01-28,0.7461377932809947,True
2025-01-29,0.7537159835298208,True
2025-01-30,0.8187555556096499,True
2025-01-31,0.6323138021765957,True
2025-02-01,-0.0,False
2025-02-03,0.34449288836124353,True
2025-02-04,0.6566157928334315,True
2025-02-05,0.5992041370857214,True
2025-02-06,0.6690732482943438,True
2025-02-07,0.7125375709516019,True
2025-02-09,0.648853579099814,True
2025-02-10,0.8022958966844064,True
2025-02-11,0.6374175009642843,True
2025-02-12,0.6615600668480951,True
2025-02-13,0.5135307130331439,True
2025-02-14,0.7149824191927772,True
2025-02-15,0.7606304228146709,True
2025-02-16,0.8108973268039124,True
2025-02-17,0.596152415082677,True
2025-02-18,0.48846458122143505,True
2025-02-19,0.5136689099330055,True
2025-02-20,0.6708437974917438,True
2025-02-21,0.500738346336617,True
2025-02-22,0.5741988241994904,True
2025-02-23,0.35069245542005756,True
2025-02-24,0.6948468138000475,True
2025-02-25,0.6297625219920682,True
2025-02-26,0.43721101725189615,True
2025-02-27,-0.0,False
2025-02-28,-0.0,False
2025-03-01,0.5606858673937818,True
2025-03-02,0.5895196102827364,True
2025-03-03,0.7839165408514945,True
2025-03-04,0.7202989974279831,True
2025-03-05,0.6249779039133273,True
2025-03-06,0.6636752899938206,True
2025-03-07,0.6257550897808996,True
2025-03-08,0.2773357112051642,True
2025-03-09,0.583817118036614,True
2025-03-10,0.6212372740080389,True
2025-03-12,0.7282150899686514,True
2025-03-13,0.7230013451161922,True
2025-03-14,0.9174376020277722,True
2025-03-15,0.9353191130141333,True
2025-03-16,0.8291805481961158,True
2025-03-17,0.9099978489724752,True
2025-03-18,0.9541969804626114,True
2025-03-19,0.9506584909607169,True
2025-03-20,0.9701230860965698,True
2025-03-21,0.9518665771855569,True
2025-03-22,0.9387761777015862,True
2025-03-23,0.9604324840914147,True
2025-03-25,0.9704779469713088,True
2025-03-26,0.9814771779375733,True
2025-03-27,0.9329220507843385,True
2025-03-29,0.9761416968144115,True
2025-03-30,0.9660778615377599,True
2025-03-31,0.9349718549658347,True
2025-04-01,0.9583429765709173,True
2025-04-02,0.915666911912918,True
2025-04-03,0.9164695822004377,True
2025-04-04,0.9568042209832717,True
2025-04-05,0.9649877005890257,True
2025-04-06,0.8990527930549468,True
2025-04-07,0.969814900651599,True
2025-04-08,0.8977912050822017,True
2025-04-09,0.9197541038078142,True
2025-04-10,0.9613505515650101,True
2025-04-11,0.9063553438440843,True
2025-04-12,0.9060676722978646,True
2025-04-13,0.9747352614584954,True
2025-04-14,0.8797932466646908,True
2025-04-15,0.9257203735200144,True
2025-04-16,0.988400123958372,True
2025-04-17,0.9803782217616218,True
2025-04-18,0.941716924353133,True
2025-04-19,0.9654289149674223,True
2025-04-20,0.9313963636484238,True
2025-04-21,0.9860942113006887,True
2025-04-22,0.8709870988009278,True
2025-04-23,0.9097751807536909,True
2025-04-24,0.8994262197156568,True
2025-04-25,0.853062669894065,True
2025-04-26,0.8455620825720871,True
2025-04-27,-0.0,False
2025-04-28,-0.0,False
2025-04-29,-0.0,False
2025-04-30,0.4326915610948421,True
2025-05-01,0.964011418074744,True
2025-05-02,0.9490690991591849,True
2025-05-03,0.9225079358497184,True
2025-05-04,0.9375155797101387,True
2025-05-05,0.9450342065425514,True
2025-05-06,0.8387822784204199,True
2025-05-07,0.94138551299112,True
2025-05-08,0.909474305793795,True
2025-05-09,0.7673249837160276,True
2025-05-10,0.9338813164754547,True
2025-05-11,0.9094102738293044,True
2025-05-12,0.897702000812173,True
2025-05-13,0.9053725657025725,True
2025-05-14,0.9012970495891371,True
2025-05-15,0.910250909903254,True
2025-05-16,0.890627429804504,True
2025-05-17,0.9975504183993597,True
2025-05-18,0.9865180863395943,True
2025-05-19,0.9466353644621947,True
2025-05-20,0.8595747734122223,True
2025-05-21,0.7243127652768306,True
2025-05-22,0.7344226798618376,True
2025-05-23,0.9981243730073538,True
2025-05-24,0.9627068178826209,True
2025-05-25,0.8456589707653185,True
2025-05-26,0.824519912925785,True
2025-05-27,0.8861394177967143,True
2025-05-28,0.9143690256174024,True
2025-05-29,0.7046788116363188,True
2025-05-30,0.8283588752097906,True
2025-05-31,0.8897823124696862,True
2025-06-01,0.7547759674312114,True
2025-06-02,0.5655113705795464,True
2025-06-03,0.8030353952779643,True
2025-06-04,0.8870840581412563,True
2025-06-05,0.7172446733915684,True
2025-06-06,0.8711763467143694,True
2025-06-07,0.7495298257287472,True
2025-06-08,0.8987098938389962,True
2025-06-09,0.6212000295756726,True
2025-06-10,0.7796247419500056,True
2025-06-11,0.5948081356579683,True
2025-06-12,0.6218067922419322,True
2025-06-13,0.30463008881172443,True
2025-06-14,0.46533360673337476,True
2025-06-15,-0.0,False
2025-06-16,-0.0,False
2025-06-17,-0.0,False
2025-06-18,-0.0,False
2025-06-19,-0.0,False
2025-06-20,0.38895864998015955,True
2025-06-21,-0.0,False
2025-06-22,-0.0,False
2025-06-23,0.5232820336159081,True
2025-06-24,0.2918662171077072,True
2025-06-25,0.48346536362918446,True
2025-06-26,0.5332792026975297,True
2025-06-27,0.6766107128269835,True
2025-06-28,0.5009224286972854,True
2025-06-29,-0.0,False
2025-06-30,-0.0,False
2025-07-01,0.577414628328791,True
2025-07-02,0.8810564260554765,True
2025-07-03,0.6970924114633263,True
2025-07-04,0.7218243179658138,True
2025-07-05,-0.0,False
2025-07-06,-0.0,False
2025-07-08,-0.0,False
2025-07-09,-0.0,False
2025-07-10,-0.0,False
2025-07-11,-0.0,False
2025-07-13,-0.0,False
2025-07-14,-0.0,False
2025-07-15,-0.0,False
2025-07-16,-0.0,False
2025-07-17,-0.0,False
2025-07-18,-0.0,False
2025-07-19,-0.0,False
2025-07-20,-0.0,False
2025-07-21,-0.0,False
2025-07-22,-0.0,False
2025-07-23,-0.0,False
2025-07-24,0.7154530979799864,True
2025-07-25,0.9260526401169007,True
2025-07-27,0.5353395028719888,True
2025-07-30,-0.0,False
2025-08-02,0.9170710137720001,True
2025-08-03,0.6635813239996741,True
2025-08-05,-0.0,False
2025-08-06,-0.0,False
2025-08-07,-0.0,False
2025-08-08,-0.0,False
2025-08-11,-0.0,False
2025-08-12,-0.0,False
2025-08-13,0.3037223066608501,True
2025-08-14,0.7739863917891525,True
2025-08-15,0.6399213504622362,True
2025-08-16,0.5444165400047812,True
2025-08-17,0.6792854780158956,True
2025-08-18,0.525353275473105,True
2025-08-19,0.5933049117833262,True
2025-08-20,0.23112175577558103,True
2025-08-21,0.2722082700028288,True
2025-08-22,0.5444165400047812,True
2025-08-23,-0.0,False
2025-08-24,-0.0,False
2025-08-25,-0.0,False
2025-08-26,-0.0,False
2025-08-27,-0.0,False
2025-08-28,0.14744967710073506,True
2025-08-29,0.6809235723438809,True
2025-08-30,0.48910311965585623,True
2025-08-31,0.5053665120696533,True
2025-09-01,0.4469727305867008,True
2025-09-02,-2.191088099832772e-13,False
2025-09-03,0.6248071022949053,True
2025-09-04,0.5858170087713407,True
2025-09-05,0.472014416592198,True
2025-09-06,-0.0,False
2025-09-07,0.5166163443406503,True
2025-09-08,0.6733610961744214,True
2025-09-10,0.7194454148178718,True
2025-09-11,0.8691437228565627,True
2025-09-12,0.7955199557511101,True
2025-09-14,0.6408618753180362,True
2025-09-15,0.6972735051304901,True
2025-09-16,0.8381817387575355,True
2025-09-17,0.8562569020689366,True
2025-09-18,0.9250881614831953,True
2025-09-19,0.8179853276067339,True
2025-09-20,0.7008630834429275,True
2025-09-21,0.6100608210177976,True
2025-09-22,0.8705700118266718,True
2025-09-23,0.86070153975223,True
2025-09-24,0.6169010589110829,True
2025-09-26,0.9081832225758295,True
2025-09-27,0.8326336836355236,True
2025-09-28,0.6671699631630847,True
2025-09-29,0.6198355573859671,True
2025-09-30,0.6173153822929267,True
2025-10-01,0.7338974146584446,True
2025-10-02,0.6691783424407285,True
2025-10-03,0.8290980514006951,True
2025-10-04,0.7253431888748518,True
2025-10-05,0.8235117120354204,True
2025-10-06,0.6382250880538638,True
2025-10-07,0.641777284615381,True
2025-10-08,0.8139495246800234,True
2025-10-09,0.8973362180307893,True
2025-10-10,0.9526487623671197,True
2025-10-11,0.8067307884999692,True
2025-10-12,0.8884061499471729,True
2025-10-13,0.7238226783661325,True
2025-10-14,0.6769405730607535,True
2025-10-15,0.7119865812100501,True
2025-10-16,0.600728140372969,True
2025-10-17,0.7108743374446893,True
2025-10-18,0.8155009971704147,True
2025-10-19,0.563921024157508,True
2025-10-20,0.62193629164187,True
2025-10-21,0.8816910396924632,True
2025-10-22,0.8192179174907458,True
2025-10-23,0.5909784983940258,True
2025-10-24,0.8199998426160817,True
2025-10-25,0.7803428526861901,True
2025-10-26,0.4310587539396718,True
2025-10-27,0.8033964784404433,True
2025-10-28,0.9006167054110014,True
2025-10-29,0.7587540849853216,True
2025-10-30,0.8607525914420021,True
2025-10-31,0.7280065270445389,True
2025-11-01,0.7587166579689775,True
2025-11-02,0.8161990219302603,True
2025-11-03,0.8465734499848815,True
2025-11-04,0.8113960906975265,True
2025-11-05,0.8304789194929659,True
2025-11-06,0.725019725923302,True
2025-11-07,0.7289653498114977,True
2025-11-08,0.6771393461774322,True
2025-11-09,0.7425833257194764,True
2025-11-10,0.8342489049991254,True
2025-11-11,0.8380597167394511,True
2025-11-12,0.6890674411686556,True
2025-11-13,0.5642378591096501,True
2025-11-14,0.6404764634550072,True
2025-11-15,0.6797272459276412,True
2025-11-16,0.6858649170509478,True
2025-11-17,0.6156901635954992,True
2025-11-18,0.6627893158342796,True
2025-11-19,0.711164606144867,True
2025-11-20,0.8000867771351091,True
2025-11-21,0.5437051123959135,True
2025-11-22,0.7855133586765054,True
2025-11-23,0.7817066274648327,True
2025-11-24,0.8234565421232,True
2025-11-25,0.8648754496629145,True
2025-11-26,0.7460708911141811,True
2025-11-27,0.947917009549768,True
2025-11-28,0.9961354769281692,True
2025-11-29,0.8999442939685601,True
2025-11-30,0.5589784079343882,True
