date,E_kWh,P_peak_W,P_mean_W,Load_factor,peak_hour_min,peak_sin,peak_cos,ratio_day_night,entropy
2024-11-30,0.057,18.0,2.375,0.13194444444444445,1372.5,-0.2902846772544625,0.9569403357322088,0.008849557522123894,0.6446865032623854
2024-12-01,0.134,18.0,5.583333333333333,0.3101851851851852,1147.5,-0.9569403357322089,0.29028467725446205,0.16521739130434782,0.8247564562607107
2024-12-02,0.10275,18.0,4.28125,0.2378472222222222,1267.5,-0.6835923020228714,0.7298640726978356,0.1844380403458213,0.7683744989562923
2024-12-04,0.068,12.0,2.8333333333333335,0.23611111111111113,307.5,0.9738769792773336,0.22707626303437323,0.23636363636363636,0.7762192806663137
2024-12-05,0.0525,14.0,2.1875,0.15625,1267.5,-0.6835923020228714,0.7298640726978356,0.09947643979057591,0.752334731987498
2024-12-06,0.082,22.0,3.4166666666666665,0.1553030303030303,337.5,0.9951847266721968,0.09801714032956077,0.29133858267716534,0.758814175041976
2024-12-07,0.0605,12.0,2.5208333333333335,0.21006944444444445,1252.5,-0.7298640726978359,0.683592302022871,0.08035714285714286,0.7213090765851897
2024-12-08,0.061,14.0,2.5416666666666665,0.18154761904761904,1267.5,-0.6835923020228714,0.7298640726978356,0.14018691588785046,0.7414466434930698
2024-12-09,0.077,18.0,3.2083333333333335,0.17824074074074076,307.5,0.9738769792773336,0.22707626303437323,0.2222222222222222,0.7292211606879041
2024-12-10,0.075,22.0,3.125,0.14204545454545456,1357.5,-0.35225004792123316,0.9359059267573259,0.48514851485148514,0.7653916678830457
2024-12-11,0.066,14.0,2.75,0.19642857142857142,1297.5,-0.5824776968678023,0.8128466845916151,0.375,0.7444033261696723
2024-12-12,0.027,10.0,1.125,0.1125,1282.5,-0.6343932841636459,0.7730104533627367,0.058823529411764705,0.5905336556081335
2024-12-13,0.0625,12.0,2.6041666666666665,0.21701388888888887,382.5,0.9951847266721969,-0.09801714032956065,0.20192307692307693,0.7215239698515918
2024-12-14,0.0765,16.0,3.1875,0.19921875,382.5,0.9951847266721969,-0.09801714032956065,0.35398230088495575,0.7430099727197494
2024-12-15,0.055,10.0,2.2916666666666665,0.22916666666666666,1162.5,-0.935905926757326,0.3522500479212327,0.1,0.7159365411736364
2024-12-16,0.06,14.0,2.5,0.17857142857142858,1357.5,-0.35225004792123316,0.9359059267573259,0.18811881188118812,0.7182359762607531
2024-12-17,0.05325,14.0,2.21875,0.15848214285714285,307.5,0.9738769792773336,0.22707626303437323,0.17679558011049723,0.7490022805341758
2024-12-18,0.0615,12.0,2.5625,0.21354166666666666,412.5,0.9738769792773336,-0.22707626303437312,0.08849557522123894,0.6951359392471996
2024-12-19,0.087,16.0,3.625,0.2265625,337.5,0.9951847266721968,0.09801714032956077,0.29850746268656714,0.7955909437791796
2024-12-20,0.0555,14.0,2.3125,0.16517857142857142,1267.5,-0.6835923020228714,0.7298640726978356,0.11,0.6861420817895341
2024-12-21,0.067,16.0,2.7916666666666665,0.17447916666666666,352.5,0.9994645874763657,0.032719082821776165,0.2641509433962264,0.7065727075365098
2024-12-22,0.0165,12.0,0.6875,0.057291666666666664,1207.5,-0.8492021815265792,0.5280678506503674,0.13793103448275862,0.4437378570952493
2024-12-23,0.072,14.0,3.0,0.21428571428571427,352.5,0.9994645874763657,0.032719082821776165,0.42574257425742573,0.7523855175187817
2024-12-24,0.0775,10.0,3.2291666666666665,0.32291666666666663,367.5,0.9994645874763657,-0.03271908282177604,0.3963963963963964,0.7915871668104287
2024-12-25,0.0655,16.0,2.7291666666666665,0.17057291666666666,1192.5,-0.881921264348355,0.4713967368259976,0.297029702970297,0.7573600933920741
2024-12-26,0.0815,16.0,3.3958333333333335,0.21223958333333334,1162.5,-0.935905926757326,0.3522500479212327,0.3252032520325203,0.7082677609095646
2024-12-27,0.0775,16.0,3.2291666666666665,0.20182291666666666,367.5,0.9994645874763657,-0.03271908282177604,0.24,0.7519637415934011
2024-12-28,0.06375,14.0,2.65625,0.18973214285714285,1162.5,-0.935905926757326,0.3522500479212327,0.59375,0.7878069501169298
2024-12-29,0.0495,12.0,2.0625,0.171875,307.5,0.9738769792773336,0.22707626303437323,0.13793103448275862,0.7264496246411474
2024-12-30,0.049,14.0,2.0416666666666665,0.14583333333333331,367.5,0.9994645874763657,-0.03271908282177604,0.07692307692307693,0.655832833340779
2024-12-31,0.1075,18.0,4.479166666666667,0.24884259259259262,1162.5,-0.935905926757326,0.3522500479212327,0.30303030303030304,0.805615877063911
2025-01-01,0.1695,14.0,7.0625,0.5044642857142857,562.5,0.6343932841636455,-0.773010453362737,0.5201793721973094,0.9421639317486994
2025-01-02,0.063,18.0,2.625,0.14583333333333334,1252.5,-0.7298640726978359,0.683592302022871,0.08620689655172414,0.6954277765050993
2025-01-03,0.07675,16.0,3.1979166666666665,0.19986979166666666,1237.5,-0.7730104533627369,0.6343932841636456,0.6417112299465241,0.7631507650465529
2025-01-04,0.052,14.0,2.1666666666666665,0.15476190476190474,1177.5,-0.9108638249211757,0.4127070298043951,0.0,0.6423501289084175
2025-01-06,0.0445,10.0,1.8541666666666667,0.18541666666666667,1282.5,-0.6343932841636459,0.7730104533627367,0.2714285714285714,0.7651375250104879
2025-01-07,0.035,14.0,1.4583333333333333,0.10416666666666666,1177.5,-0.9108638249211757,0.4127070298043951,0.0,0.6210876682781157
2025-01-08,0.043,12.0,1.7916666666666667,0.14930555555555555,1162.5,-0.935905926757326,0.3522500479212327,0.011764705882352941,0.607580715180312
2025-01-09,0.041,18.0,1.7083333333333333,0.0949074074074074,1177.5,-0.9108638249211757,0.4127070298043951,0.15492957746478872,0.5592240761746254
2025-01-10,0.054,12.0,2.25,0.1875,1267.5,-0.6835923020228714,0.7298640726978356,0.125,0.7082885372756496
2025-01-11,0.0425,12.0,1.7708333333333333,0.14756944444444445,1237.5,-0.7730104533627369,0.6343932841636456,0.04938271604938271,0.6535531823583355
2025-01-12,0.048,12.0,2.0,0.16666666666666666,382.5,0.9951847266721969,-0.09801714032956065,0.23076923076923078,0.6775402247173336
2025-01-13,0.0755,14.0,3.1458333333333335,0.22470238095238096,322.5,0.986643332084879,0.16289547339458882,0.336283185840708,0.7330090718444285
2025-01-14,0.0475,14.0,1.9791666666666667,0.14136904761904762,1207.5,-0.8492021815265792,0.5280678506503674,0.417910447761194,0.657217299775877
2025-01-16,0.084,16.0,3.5,0.21875,412.5,0.9738769792773336,-0.22707626303437312,0.2923076923076923,0.7968829430434647
2025-01-17,0.071,22.0,2.9583333333333335,0.134469696969697,1162.5,-0.935905926757326,0.3522500479212327,0.11811023622047244,0.7344999537485668
2025-01-18,0.0825,16.0,3.4375,0.21484375,1177.5,-0.9108638249211757,0.4127070298043951,0.1956521739130435,0.7494513003776297
2025-01-19,0.07275,22.0,3.03125,0.1377840909090909,1162.5,-0.935905926757326,0.3522500479212327,0.1593625498007968,0.6987774480179642
2025-01-20,0.0495,10.0,2.0625,0.20625,157.5,0.6343932841636455,0.773010453362737,0.2222222222222222,0.7321398251567862
2025-01-21,0.0385,10.0,1.6041666666666667,0.16041666666666668,382.5,0.9951847266721969,-0.09801714032956065,0.5714285714285714,0.6764929565204625
2025-01-22,0.0745,18.0,3.1041666666666665,0.1724537037037037,1207.5,-0.8492021815265792,0.5280678506503674,0.013605442176870748,0.7669603048546425
2025-01-23,0.056,16.0,2.3333333333333335,0.14583333333333334,1177.5,-0.9108638249211757,0.4127070298043951,0.14285714285714285,0.7227412911380918
2025-01-24,0.075,16.0,3.125,0.1953125,1192.5,-0.881921264348355,0.4713967368259976,0.02040816326530612,0.7619642082187233
2025-01-25,0.07425,16.0,3.09375,0.193359375,1282.5,-0.6343932841636459,0.7730104533627367,0.05319148936170213,0.7018760257837672
2025-01-26,0.03325,10.0,1.3854166666666667,0.13854166666666667,7.5,0.03271908282177614,0.9994645874763657,0.047244094488188976,0.6090782037042465
2025-01-27,0.06925,14.0,2.8854166666666665,0.20610119047619047,247.5,0.8819212643483549,0.4713967368259978,0.2590909090909091,0.7502857468689322
2025-01-28,0.056,14.0,2.3333333333333335,0.16666666666666669,322.5,0.986643332084879,0.16289547339458882,1.0363636363636364,0.7461377932809947
2025-01-29,0.063,12.0,2.625,0.21875,322.5,0.986643332084879,0.16289547339458882,0.016129032258064516,0.7537159835298208
2025-01-30,0.08825,16.0,3.6770833333333335,0.22981770833333334,1267.5,-0.6835923020228714,0.7298640726978356,0.8102564102564103,0.8187555556096499
2025-01-31,0.029,8.0,1.2083333333333333,0.15104166666666666,22.5,0.0980171403295606,0.9951847266721969,0.0,0.6323138021765957
2025-02-03,0.0095,10.0,0.3958333333333333,0.03958333333333333,1432.5,-0.032719082821776574,0.9994645874763657,0.0,0.34449288836124353
2025-02-04,0.0375,10.0,1.5625,0.15625,7.5,0.03271908282177614,0.9994645874763657,0.0,0.6566157928334315
2025-02-05,0.0445,22.0,1.8541666666666667,0.08428030303030304,1267.5,-0.6835923020228714,0.7298640726978356,0.17105263157894737,0.5992041370857214
2025-02-06,0.019,4.0,0.7916666666666666,0.19791666666666666,52.5,0.22707626303437323,0.9738769792773336,0.0,0.6690732482943438
2025-02-07,0.01275,2.0,0.53125,0.265625,7.5,0.03271908282177614,0.9994645874763657,0.0,0.7125375709516019
2025-02-09,0.0225,14.0,0.9375,0.06696428571428571,352.5,0.9994645874763657,0.032719082821776165,1.0454545454545454,0.648853579099814
2025-02-10,0.0525,10.0,2.1875,0.21875,322.5,0.986643332084879,0.16289547339458882,0.5328467153284672,0.8022958966844064
2025-02-11,0.0275,10.0,1.1458333333333333,0.11458333333333333,1192.5,-0.881921264348355,0.4713967368259976,0.1,0.6374175009642843
2025-02-12,0.036,12.0,1.5,0.125,322.5,0.986643332084879,0.16289547339458882,0.09090909090909091,0.6615600668480951
2025-02-13,0.0085,8.0,0.3541666666666667,0.044270833333333336,322.5,0.986643332084879,0.16289547339458882,0.5454545454545454,0.5135307130331439
2025-02-14,0.037,8.0,1.5416666666666667,0.19270833333333334,397.5,0.986643332084879,-0.1628954733945887,0.08823529411764706,0.7149824191927772
2025-02-15,0.0685,16.0,2.8541666666666665,0.17838541666666666,382.5,0.9951847266721969,-0.09801714032956065,0.26851851851851855,0.7606304228146709
2025-02-16,0.0465,10.0,1.9375,0.19375,1192.5,-0.881921264348355,0.4713967368259976,0.2236842105263158,0.8108973268039124
2025-02-17,0.02375,8.0,0.9895833333333334,0.12369791666666667,1222.5,-0.8128466845916154,0.5824776968678019,0.1728395061728395,0.596152415082677
2025-02-18,0.019,10.0,0.7916666666666666,0.07916666666666666,1177.5,-0.9108638249211757,0.4127070298043951,0.0,0.48846458122143505
2025-02-19,0.021,10.0,0.875,0.0875,1312.5,-0.5280678506503679,0.849202181526579,0.0,0.5136689099330055
2025-02-20,0.024,8.0,1.0,0.125,187.5,0.7298640726978357,0.6835923020228712,0.23076923076923078,0.6708437974917438
2025-02-21,0.027,18.0,1.125,0.0625,1402.5,-0.162895473394589,0.986643332084879,0.0,0.500738346336617
2025-02-22,0.0435,18.0,1.8125,0.10069444444444445,7.5,0.03271908282177614,0.9994645874763657,0.04819277108433735,0.5741988241994904
2025-02-23,0.011,14.0,0.4583333333333333,0.03273809523809524,1357.5,-0.35225004792123316,0.9359059267573259,0.0,0.35069245542005756
2025-02-24,0.022,6.0,0.9166666666666666,0.15277777777777776,262.5,0.9108638249211758,0.4127070298043947,0.6923076923076923,0.6948468138000475
2025-02-25,0.03325,12.0,1.3854166666666667,0.1154513888888889,322.5,0.986643332084879,0.16289547339458882,2.6944444444444446,0.6297625219920682
2025-02-26,0.02075,14.0,0.8645833333333334,0.061755952380952384,367.5,0.9994645874763657,-0.03271908282177604,40.5,0.43721101725189615
2025-03-01,0.0195,10.0,0.8125,0.08125,577.5,0.5824776968678022,-0.8128466845916151,10.0,0.5606858673937818
2025-03-02,0.0535,16.0,2.2291666666666665,0.13932291666666666,1252.5,-0.7298640726978359,0.683592302022871,0.0,0.5895196102827364
2025-03-03,0.08575,14.0,3.5729166666666665,0.2552083333333333,7.5,0.03271908282177614,0.9994645874763657,0.5590909090909091,0.7839165408514945
2025-03-04,0.051,20.0,2.125,0.10625,1177.5,-0.9108638249211757,0.4127070298043951,0.0851063829787234,0.7202989974279831
2025-03-05,0.035,16.0,1.4583333333333333,0.09114583333333333,7.5,0.03271908282177614,0.9994645874763657,0.0,0.6249779039133273
2025-03-06,0.03,14.0,1.25,0.08928571428571429,1312.5,-0.5280678506503679,0.849202181526579,0.25,0.6636752899938206
2025-03-07,0.01925,10.0,0.8020833333333334,0.08020833333333334,337.5,0.9951847266721968,0.09801714032956077,0.2222222222222222,0.6257550897808996
2025-03-08,0.0065,10.0,0.2708333333333333,0.02708333333333333,22.5,0.0980171403295606,0.9951847266721969,0.0,0.2773357112051642
2025-03-09,0.015,12.0,0.625,0.052083333333333336,382.5,0.9951847266721969,-0.09801714032956065,10.0,0.583817118036614
2025-03-10,0.04060869565217391,16.0,1.6920289855072463,0.1057518115942029,1342.5,-0.4127070298043955,0.9108638249211755,0.156656346749226,0.6212372740080389
2025-03-12,0.0425,14.0,1.7708333333333333,0.12648809523809523,1432.5,-0.032719082821776574,0.9994645874763657,0.7346938775510204,0.7282150899686514
2025-03-13,1.3095,238.0,54.5625,0.22925420168067226,1102.5,-0.9951847266721969,0.09801714032956009,0.05775444264943457,0.7230013451161922
2025-03-14,2.99575,232.0,124.82291666666667,0.5380298132183908,1057.5,-0.9951847266721969,-0.09801714032956045,0.30136837532580363,0.9174376020277722
2025-03-15,3.25,228.0,135.41666666666666,0.5939327485380117,1072.5,-0.9994645874763657,-0.03271908282177651,1.2169167803547067,0.9353191130141333
2025-03-16,2.122,220.0,88.41666666666667,0.4018939393939394,847.5,-0.5280678506503675,-0.8492021815265792,3.7631874298540966,0.8291805481961158
2025-03-17,2.7355,214.0,113.97916666666667,0.5326129283489097,1342.5,-0.4127070298043955,0.9108638249211755,0.6138643067846608,0.9099978489724752
2025-03-18,3.5115,230.0,146.3125,0.6361413043478261,967.5,-0.8819212643483549,-0.47139673682599786,1.124962178517398,0.9541969804626114
2025-03-19,3.307,232.0,137.79166666666666,0.5939295977011494,997.5,-0.9359059267573259,-0.3522500479212331,1.2728522336769759,0.9506584909607169
2025-03-20,3.65925,208.0,152.46875,0.7330228365384616,982.5,-0.9108638249211755,-0.41270702980439544,1.1588495575221238,0.9701230860965698
2025-03-21,2.9655,212.0,123.5625,0.5828419811320755,877.5,-0.6343932841636453,-0.7730104533627371,0.9902684563758389,0.9518665771855569
2025-03-22,3.062,226.0,127.58333333333333,0.56452802359882,1147.5,-0.9569403357322089,0.29028467725446205,0.5113524185587365,0.9387761777015862
2025-03-23,3.23,214.0,134.58333333333334,0.6288940809968848,1192.5,-0.881921264348355,0.4713967368259976,0.8295100538091192,0.9604324840914147
2025-03-25,3.668,210.0,152.83333333333334,0.7277777777777779,1042.5,-0.986643332084879,-0.16289547339458896,0.7136183134781593,0.9704779469713088
2025-03-26,3.7555,214.0,156.47916666666666,0.7312110591900312,1042.5,-0.986643332084879,-0.16289547339458896,0.9600730688935282,0.9814771779375733
2025-03-27,2.76825,206.0,115.34375,0.5599211165048543,862.5,-0.5824776968678024,-0.812846684591615,1.0147379912663756,0.9329220507843385
2025-03-29,3.57975,198.0,149.15625,0.7533143939393939,1042.5,-0.986643332084879,-0.16289547339458896,0.9092,0.9761416968144115
2025-03-30,3.468,212.0,144.5,0.6816037735849056,937.5,-0.8128466845916151,-0.5824776968678023,0.7134387351778656,0.9660778615377599
2025-03-31,2.92425,200.0,121.84375,0.60921875,997.5,-0.9359059267573259,-0.3522500479212331,1.4516872773003564,0.9349718549658347
2025-04-01,3.15525,204.0,131.46875,0.6444546568627451,22.5,0.0980171403295606,0.9951847266721969,1.371031373285741,0.9583429765709173
2025-04-02,2.5795,192.0,107.47916666666667,0.559787326388889,1357.5,-0.35225004792123316,0.9359059267573259,0.921415270018622,0.915666911912918
2025-04-03,2.514,176.0,104.75,0.5951704545454546,1432.5,-0.032719082821776574,0.9994645874763657,1.025785656728445,0.9164695822004377
2025-04-04,3.2845,190.0,136.85416666666666,0.7202850877192982,967.5,-0.8819212643483549,-0.47139673682599786,1.6318108974358974,0.9568042209832717
2025-04-05,3.478,204.0,144.91666666666666,0.710375816993464,952.5,-0.849202181526579,-0.5280678506503678,1.1462511570502931,0.9649877005890257
2025-04-06,2.5025,188.0,104.27083333333333,0.5546320921985816,1432.5,-0.032719082821776574,0.9994645874763657,0.8421052631578947,0.8990527930549468
2025-04-07,3.4295,192.0,142.89583333333334,0.7442491319444445,22.5,0.0980171403295606,0.9951847266721969,1.136094674556213,0.969814900651599
2025-04-08,2.391,178.0,99.625,0.5596910112359551,787.5,-0.2902846772544621,-0.9569403357322089,0.8520526723470179,0.8977912050822017
2025-04-09,2.55375,188.0,106.40625,0.5659906914893617,1177.5,-0.9108638249211757,0.4127070298043951,0.8031774051191527,0.9197541038078142
2025-04-10,3.23875,186.0,134.94791666666666,0.7255264336917562,1012.5,-0.9569403357322088,-0.29028467725446244,1.1251640419947506,0.9613505515650101
2025-04-11,2.233,170.0,93.04166666666667,0.5473039215686275,907.5,-0.7298640726978357,-0.6835923020228712,1.8609865470852018,0.9063553438440843
2025-04-12,2.39775,170.0,99.90625,0.5876838235294117,37.5,0.16289547339458874,0.986643332084879,0.9162837162837163,0.9060676722978646
2025-04-13,3.444,180.0,143.5,0.7972222222222223,967.5,-0.8819212643483549,-0.47139673682599786,0.9646320593268682,0.9747352614584954
2025-04-14,2.11525,182.0,88.13541666666667,0.48426053113553114,892.5,-0.683592302022871,-0.7298640726978359,0.8975106526126935,0.8797932466646908
2025-04-15,2.729,180.0,113.70833333333333,0.631712962962963,1357.5,-0.35225004792123316,0.9359059267573259,0.8454775993237532,0.9257203735200144
2025-04-16,3.63525,186.0,151.46875,0.8143481182795699,982.5,-0.9108638249211755,-0.41270702980439544,1.0886239586325768,0.988400123958372
2025-04-17,3.453,176.0,143.875,0.8174715909090909,1027.5,-0.9738769792773335,-0.22707626303437378,0.8226444972288203,0.9803782217616218
2025-04-18,2.7955,180.0,116.47916666666667,0.6471064814814815,967.5,-0.8819212643483549,-0.47139673682599786,1.0338304838122954,0.941716924353133
2025-04-19,3.31075,178.0,137.94791666666666,0.7749882958801497,817.5,-0.4127070298043948,-0.9108638249211758,1.3221111695598808,0.9654289149674223
2025-04-20,2.666,184.0,111.08333333333333,0.603713768115942,967.5,-0.8819212643483549,-0.47139673682599786,1.0128350320875803,0.9313963636484238
2025-04-21,3.56225,180.0,148.42708333333334,0.8245949074074075,1132.5,-0.9738769792773336,0.22707626303437342,0.8002526847757423,0.9860942113006887
2025-04-22,2.088,174.0,87.0,0.5,892.5,-0.683592302022871,-0.7298640726978359,1.2415458937198067,0.8709870988009278
2025-04-23,2.39825,164.0,99.92708333333333,0.6093114837398373,1372.5,-0.2902846772544625,0.9569403357322088,0.8127362055933485,0.9097751807536909
2025-04-24,2.2995,168.0,95.8125,0.5703125,847.5,-0.5280678506503675,-0.8492021815265792,1.5186199342825848,0.8994262197156568
2025-04-25,1.85625,176.0,77.34375,0.439453125,862.5,-0.5824776968678024,-0.812846684591615,2.219861231569818,0.853062669894065
2025-04-26,1.783,160.0,74.29166666666667,0.4643229166666667,742.5,-0.09801714032956059,-0.9951847266721969,2.6424923391215525,0.8455620825720871
2025-04-30,0.2585,160.0,10.770833333333334,0.06731770833333334,1432.5,-0.032719082821776574,0.9994645874763657,0.0,0.4326915610948421
2025-05-01,3.0815,170.0,128.39583333333334,0.7552696078431373,82.5,0.3522500479212335,0.9359059267573258,1.207378223495702,0.964011418074744
2025-05-02,2.78825,162.0,116.17708333333333,0.7171424897119342,1327.5,-0.4713967368259979,0.8819212643483548,0.9471019553072626,0.9490690991591849
2025-05-03,2.4855,158.0,103.5625,0.6554588607594937,7.5,0.03271908282177614,0.9994645874763657,0.8248898678414097,0.9225079358497184
2025-05-04,2.6905,178.0,112.10416666666667,0.6297986891385768,997.5,-0.9359059267573259,-0.3522500479212331,1.4370471014492754,0.9375155797101387
2025-05-05,2.4415,166.0,101.72916666666667,0.6128263052208835,7.5,0.03271908282177614,0.9994645874763657,0.8433371083427709,0.9450342065425514
2025-05-06,1.7195,170.0,71.64583333333333,0.4214460784313725,1342.5,-0.4127070298043955,0.9108638249211755,1.5221855518885221,0.8387822784204199
2025-05-07,2.73075,176.0,113.78125,0.646484375,967.5,-0.8819212643483549,-0.47139673682599786,1.6056774809160306,0.94138551299112
2025-05-08,2.20725,154.0,91.96875,0.5971996753246753,1372.5,-0.2902846772544625,0.9569403357322088,0.9537508298296083,0.909474305793795
2025-05-09,1.1485,160.0,47.854166666666664,0.29908854166666665,637.5,0.3522500479212339,-0.9359059267573255,4.1158129175946545,0.7673249837160276
2025-05-10,2.501,160.0,104.20833333333333,0.6513020833333333,952.5,-0.849202181526579,-0.5280678506503678,1.104333193100547,0.9338813164754547
2025-05-11,2.212,158.0,92.16666666666667,0.5833333333333334,1432.5,-0.032719082821776574,0.9994645874763657,1.1320481927710844,0.9094102738293044
2025-05-12,2.235,160.0,93.125,0.58203125,7.5,0.03271908282177614,0.9994645874763657,1.0819748486259897,0.897702000812173
2025-05-13,2.14275,164.0,89.28125,0.5443978658536586,1432.5,-0.032719082821776574,0.9994645874763657,0.9694393382352942,0.9053725657025725
2025-05-14,2.03325,162.0,84.71875,0.5229552469135802,7.5,0.03271908282177614,0.9994645874763657,0.9865657059110894,0.9012970495891371
2025-05-15,2.10875,158.0,87.86458333333333,0.5561049578059072,1372.5,-0.2902846772544625,0.9569403357322088,1.0760521781934531,0.910250909903254
2025-05-16,2.0275,152.0,84.47916666666667,0.5557839912280702,7.5,0.03271908282177614,0.9994645874763657,0.7321657411362665,0.890627429804504
2025-05-17,3.20475,152.0,133.53125,0.8784950657894737,7.5,0.03271908282177614,0.9994645874763657,1.0830354241143971,0.9975504183993597
2025-05-18,3.01175,140.0,125.48958333333333,0.8963541666666667,22.5,0.0980171403295606,0.9951847266721969,0.8634184068058778,0.9865180863395943
2025-05-19,2.43775,140.0,101.57291666666667,0.7255208333333334,952.5,-0.849202181526579,-0.5280678506503678,1.5419708029197081,0.9466353644621947
2025-05-20,1.6885,176.0,70.35416666666667,0.39973958333333337,772.5,-0.22707626303437348,-0.9738769792773336,3.4906914893617023,0.8595747734122223
2025-05-21,0.87725,134.0,36.552083333333336,0.27277674129353235,307.5,0.9738769792773336,0.22707626303437323,4.79042904290429,0.7243127652768306
2025-05-22,0.9905,164.0,41.270833333333336,0.25165142276422764,607.5,0.47139673682599786,-0.8819212643483549,1.091869060190074,0.7344226798618376
2025-05-23,3.146,146.0,131.08333333333334,0.8978310502283106,7.5,0.03271908282177614,0.9994645874763657,1.0025461489497136,0.9981243730073538
2025-05-24,2.412,136.0,100.5,0.7389705882352942,1042.5,-0.986643332084879,-0.16289547339458896,0.9585870889159561,0.9627068178826209
2025-05-25,1.464,142.0,61.0,0.4295774647887324,1432.5,-0.032719082821776574,0.9994645874763657,0.6523702031602708,0.8456589707653185
2025-05-26,1.4645,146.0,61.020833333333336,0.41795091324200917,7.5,0.03271908282177614,0.9994645874763657,0.5823878984332793,0.824519912925785
2025-05-27,1.878,148.0,78.25,0.5287162162162162,1417.5,-0.0980171403295605,0.9951847266721969,0.6120171673819742,0.8861394177967143
2025-05-28,2.108,146.0,87.83333333333333,0.6015981735159817,7.5,0.03271908282177614,0.9994645874763657,1.0357315306615162,0.9143690256174024
2025-05-29,0.722,138.0,30.083333333333332,0.2179951690821256,532.5,0.7298640726978356,-0.6835923020228714,1.7142857142857142,0.7046788116363188
2025-05-30,1.328,142.0,55.333333333333336,0.38967136150234744,832.5,-0.47139673682599764,-0.881921264348355,0.5125284738041003,0.8283588752097906
2025-05-31,1.939,144.0,80.79166666666667,0.5610532407407408,7.5,0.03271908282177614,0.9994645874763657,1.3560145808019441,0.8897823124696862
2025-06-01,1.0135,154.0,42.229166666666664,0.27421536796536794,757.5,-0.1628954733945882,-0.9866433320848791,111.61111111111111,0.7547759674312114
2025-06-02,0.337,144.0,14.041666666666666,0.09751157407407407,892.5,-0.683592302022871,-0.7298640726978359,22.24137931034483,0.5655113705795464
2025-06-03,1.276,146.0,53.166666666666664,0.3641552511415525,1192.5,-0.881921264348355,0.4713967368259976,0.8073654390934845,0.8030353952779643
2025-06-04,1.6615,140.0,69.22916666666667,0.49449404761904764,7.5,0.03271908282177614,0.9994645874763657,1.0965299684542587,0.8870840581412563
2025-06-05,0.8555,144.0,35.645833333333336,0.24754050925925927,892.5,-0.683592302022871,-0.7298640726978359,1.6486068111455108,0.7172446733915684
2025-06-06,1.724,140.0,71.83333333333333,0.513095238095238,7.5,0.03271908282177614,0.9994645874763657,1.1482866043613706,0.8711763467143694
2025-06-07,1.128,240.0,47.0,0.19583333333333333,1072.5,-0.9994645874763657,-0.03271908282177651,0.5966029723991507,0.7495298257287472
2025-06-08,1.803,132.0,75.125,0.5691287878787878,727.5,-0.032719082821776206,-0.9994645874763657,1.3992015968063871,0.8987098938389962
2025-06-09,0.547,136.0,22.791666666666668,0.1675857843137255,547.5,0.6835923020228716,-0.7298640726978354,10.0,0.6212000295756726
2025-06-10,1.117,136.0,46.541666666666664,0.34221813725490197,772.5,-0.22707626303437348,-0.9738769792773336,59.37837837837838,0.7796247419500056
2025-06-11,0.3515,140.0,14.645833333333334,0.10461309523809524,592.5,0.5280678506503681,-0.8492021815265788,9.18840579710145,0.5948081356579683
2025-06-12,0.4655,134.0,19.395833333333332,0.14474502487562188,382.5,0.9951847266721969,-0.09801714032956065,13.323076923076924,0.6218067922419322
2025-06-13,0.007,10.0,0.2916666666666667,0.029166666666666667,382.5,0.9951847266721969,-0.09801714032956065,13.0,0.30463008881172443
2025-06-14,0.2485,136.0,10.354166666666666,0.07613357843137254,502.5,0.8128466845916152,-0.582477696867802,10.0,0.46533360673337476
2025-06-20,0.008,6.0,0.3333333333333333,0.05555555555555555,412.5,0.9738769792773336,-0.22707626303437312,10.0,0.38895864998015955
2025-06-23,0.026,10.0,1.0833333333333333,0.10833333333333332,1087.5,-0.9994645874763657,0.032719082821776144,0.061224489795918366,0.5232820336159081
2025-06-24,0.0025,4.0,0.10416666666666667,0.026041666666666668,7.5,0.03271908282177614,0.9994645874763657,0.0,0.2918662171077072
2025-06-25,0.2305,140.0,9.604166666666666,0.06860119047619047,547.5,0.6835923020228716,-0.7298640726978354,12.558823529411764,0.48346536362918446
2025-06-26,0.0295,14.0,1.2291666666666667,0.08779761904761905,1297.5,-0.5824776968678023,0.8128466845916151,0.0,0.5332792026975297
2025-06-27,0.604,138.0,25.166666666666668,0.1823671497584541,802.5,-0.3522500479212332,-0.9359059267573259,39.266666666666666,0.6766107128269835
2025-06-28,0.0185,10.0,0.7708333333333334,0.07708333333333334,22.5,0.0980171403295606,0.9951847266721969,0.0,0.5009224286972854
2025-07-01,0.0345,16.0,1.4375,0.08984375,1327.5,-0.4713967368259979,0.8819212643483548,0.014705882352941176,0.577414628328791
2025-07-02,1.728,140.0,72.0,0.5142857142857142,52.5,0.22707626303437323,0.9738769792773336,1.2083067092651758,0.8810564260554765
2025-07-03,0.702,132.0,29.25,0.2215909090909091,472.5,0.881921264348355,-0.4713967368259977,51.0,0.6970924114633263
2025-07-04,0.805,132.0,33.541666666666664,0.25410353535353536,562.5,0.6343932841636455,-0.773010453362737,321.0,0.7218243179658138
2025-07-24,0.8645,142.0,36.020833333333336,0.2536678403755869,1102.5,-0.9951847266721969,0.09801714032956009,0.064,0.7154530979799864
2025-07-25,2.0575,130.0,85.72916666666667,0.6594551282051282,7.5,0.03271908282177614,0.9994645874763657,0.6892446633825944,0.9260526401169007
2025-07-27,0.337,128.0,14.041666666666666,0.10970052083333333,607.5,0.47139673682599786,-0.8819212643483549,10.0,0.5353395028719888
2025-08-02,1.82325,136.0,75.96875,0.55859375,1192.5,-0.881921264348355,0.4713967368259976,0.38940750619165554,0.9170710137720001
2025-08-03,0.629,132.0,26.208333333333332,0.19854797979797978,682.5,0.1628954733945889,-0.986643332084879,10.0,0.6635813239996741
2025-08-13,0.002,2.0,0.08333333333333333,0.041666666666666664,1387.5,-0.22707626303437384,0.9738769792773335,0.0,0.3037223066608501
2025-08-14,0.0475,18.0,1.9791666666666667,0.1099537037037037,1222.5,-0.8128466845916154,0.5824776968678019,0.9791666666666666,0.7739863917891525
2025-08-15,0.01125,6.0,0.46875,0.078125,427.5,0.9569403357322089,-0.29028467725446216,5.428571428571429,0.6399213504622362
2025-08-16,0.006,2.0,0.25,0.125,172.5,0.6835923020228712,0.7298640726978356,0.5,0.5444165400047812
2025-08-17,0.01425,6.0,0.59375,0.09895833333333333,712.5,0.032719082821776005,-0.9994645874763657,1.0357142857142858,0.6792854780158956
2025-08-18,0.0055,2.0,0.22916666666666666,0.11458333333333333,172.5,0.6835923020228712,0.7298640726978356,0.8333333333333334,0.525353275473105
2025-08-19,0.0075,2.0,0.3125,0.15625,232.5,0.8492021815265789,0.5280678506503681,1.5,0.5933049117833262
2025-08-20,0.00125,2.0,0.052083333333333336,0.026041666666666668,727.5,-0.032719082821776206,-0.9994645874763657,1.5,0.23112175577558103
2025-08-21,0.003,6.0,0.125,0.020833333333333332,322.5,0.986643332084879,0.16289547339458882,0.0,0.2722082700028288
2025-08-22,0.006,2.0,0.25,0.125,7.5,0.03271908282177614,0.9994645874763657,0.09090909090909091,0.5444165400047812
2025-08-28,0.0025,6.0,0.10416666666666667,0.017361111111111112,1282.5,-0.6343932841636459,0.7730104533627367,0.0,0.14744967710073506
2025-08-29,0.0125,4.0,0.5208333333333334,0.13020833333333334,1177.5,-0.9108638249211757,0.4127070298043951,1.0833333333333333,0.6809235723438809
2025-08-30,0.12,126.0,5.0,0.03968253968253968,232.5,0.8492021815265789,0.5280678506503681,0.02127659574468085,0.48910311965585623
2025-08-31,0.008,6.0,0.3333333333333333,0.05555555555555555,1207.5,-0.8492021815265792,0.5280678506503674,0.45454545454545453,0.5053665120696533
2025-09-01,0.0145,14.0,0.6041666666666666,0.043154761904761904,337.5,0.9951847266721968,0.09801714032956077,0.8125,0.4469727305867008
2025-09-03,0.0325,10.0,1.3541666666666667,0.13541666666666669,7.5,0.03271908282177614,0.9994645874763657,0.1016949152542373,0.6248071022949053
2025-09-04,0.03325,12.0,1.3854166666666667,0.1154513888888889,1252.5,-0.7298640726978359,0.683592302022871,0.23148148148148148,0.5858170087713407
2025-09-05,0.2225,176.0,9.270833333333334,0.0526751893939394,922.5,-0.7730104533627367,-0.6343932841636459,18.347826086956523,0.472014416592198
2025-09-07,0.0365,16.0,1.5208333333333333,0.09505208333333333,1327.5,-0.4713967368259979,0.8819212643483548,0.0,0.5166163443406503
2025-09-08,0.0365,14.0,1.5208333333333333,0.10863095238095237,7.5,0.03271908282177614,0.9994645874763657,0.1774193548387097,0.6733610961744214
2025-09-10,1.3823999999999999,256.0,57.599999999999994,0.22499999999999998,1087.5,-0.9994645874763657,0.032719082821776144,0.07882004058061497,0.7194454148178718
2025-09-11,2.4966,232.0,104.02499999999999,0.44838362068965515,862.5,-0.5824776968678024,-0.812846684591615,1.6444232602478552,0.8691437228565627
2025-09-12,1.7525,204.0,73.02083333333333,0.35794526143790845,52.5,0.22707626303437323,0.9738769792773336,0.5325754263226935,0.7955199557511101
2025-09-14,0.85,192.0,35.416666666666664,0.18446180555555555,7.5,0.03271908282177614,0.9994645874763657,0.0,0.6408618753180362
2025-09-15,1.301,258.0,54.208333333333336,0.21010981912144705,1117.5,-0.986643332084879,0.1628954733945886,0.008527131782945736,0.6972735051304901
2025-09-16,2.182,214.0,90.91666666666667,0.4248442367601246,7.5,0.03271908282177614,0.9994645874763657,0.33906106167536054,0.8381817387575355
2025-09-17,3.302,586.0,137.58333333333334,0.23478384527872584,1357.5,-0.35225004792123316,0.9359059267573259,0.3897306397306397,0.8562569020689366
2025-09-18,6.3275,548.0,263.6458333333333,0.4811055352798053,7.5,0.03271908282177614,0.9994645874763657,0.6488599348534202,0.9250881614831953
2025-09-19,2.947,316.0,122.79166666666667,0.388581223628692,7.5,0.03271908282177614,0.9994645874763657,0.5081883316274309,0.8179853276067339
2025-09-20,1.89725,356.0,79.05208333333333,0.22205641385767788,952.5,-0.849202181526579,-0.5280678506503678,0.5093476531424026,0.7008630834429275
2025-09-21,1.13,360.0,47.083333333333336,0.13078703703703703,1372.5,-0.2902846772544625,0.9569403357322088,0.17463617463617465,0.6100608210177976
2025-09-22,4.134,374.0,172.25,0.4605614973262032,982.5,-0.9108638249211755,-0.41270702980439544,0.8123629986847873,0.8705700118266718
2025-09-23,3.99175,356.0,166.32291666666666,0.46719920411985016,7.5,0.03271908282177614,0.9994645874763657,1.021139240506329,0.86070153975223
2025-09-24,1.141,324.0,47.541666666666664,0.1467335390946502,367.5,0.9994645874763657,-0.03271908282177604,12.664670658682635,0.6169010589110829
2025-09-26,4.5585,570.0,189.9375,0.33322368421052634,1252.5,-0.7298640726978359,0.683592302022871,0.41392679900744417,0.9081832225758295
2025-09-27,4.9025,510.0,204.27083333333334,0.400531045751634,7.5,0.03271908282177614,0.9994645874763657,0.945050585201349,0.8326336836355236
2025-09-28,1.5155,342.0,63.145833333333336,0.1846369395711501,442.5,0.9359059267573258,-0.3522500479212335,78.76315789473684,0.6671699631630847
2025-09-29,1.2125,336.0,50.520833333333336,0.15035962301587302,622.5,0.4127070298043946,-0.9108638249211759,70.32352941176471,0.6198355573859671
2025-09-30,1.2735,364.0,53.0625,0.1457760989010989,1312.5,-0.5280678506503679,0.849202181526579,0.400990099009901,0.6173153822929267
2025-10-01,2.222,336.0,92.58333333333333,0.2755456349206349,7.5,0.03271908282177614,0.9994645874763657,0.3644458090267117,0.7338974146584446
2025-10-02,1.562,362.0,65.08333333333333,0.17978821362799263,1402.5,-0.162895473394589,0.986643332084879,0.7540707467714767,0.6691783424407285
2025-10-03,3.36,350.0,140.0,0.4,1417.5,-0.0980171403295605,0.9951847266721969,0.5210502489814396,0.8290980514006951
2025-10-04,2.1175,364.0,88.22916666666667,0.2423878205128205,1417.5,-0.0980171403295605,0.9951847266721969,7.051330798479087,0.7253431888748518
2025-10-05,3.5085,366.0,146.1875,0.3994193989071038,7.5,0.03271908282177614,0.9994645874763657,0.6884023099133783,0.8235117120354204
2025-10-06,1.34,326.0,55.833333333333336,0.17126789366053172,382.5,0.9951847266721969,-0.09801714032956065,6.83625730994152,0.6382250880538638
2025-10-07,1.428,334.0,59.5,0.1781437125748503,1252.5,-0.7298640726978359,0.683592302022871,0.2226027397260274,0.641777284615381
2025-10-08,2.982,352.0,124.25,0.35298295454545453,1357.5,-0.35225004792123316,0.9359059267573259,0.1992760908908104,0.8139495246800234
2025-10-09,6.3285,628.0,263.6875,0.4198845541401274,1102.5,-0.9951847266721969,0.09801714032956009,0.18234469873890705,0.8973362180307893
2025-10-10,7.0895,528.0,295.3958333333333,0.5594618055555555,7.5,0.03271908282177614,0.9994645874763657,0.8481491136600625,0.9526487623671197
2025-10-11,2.917,374.0,121.54166666666667,0.32497771836007133,1432.5,-0.032719082821776574,0.9994645874763657,0.29558072396180324,0.8067307884999692
2025-10-12,4.73075,370.0,197.11458333333334,0.5327421171171172,7.5,0.03271908282177614,0.9994645874763657,0.7728124414465055,0.8884061499471729
2025-10-13,2.0295,332.0,84.5625,0.2547063253012048,7.5,0.03271908282177614,0.9994645874763657,0.07466243050039714,0.7238226783661325
2025-10-14,1.7425,362.0,72.60416666666667,0.20056399631675875,1162.5,-0.935905926757326,0.3522500479212327,0.00809950824414232,0.6769405730607535
2025-10-15,2.0165,330.0,84.02083333333333,0.25460858585858587,7.5,0.03271908282177614,0.9994645874763657,0.0012413108242303873,0.7119865812100501
2025-10-16,1.0015,326.0,41.729166666666664,0.12800357873210633,352.5,0.9994645874763657,0.032719082821776165,7.3112033195020745,0.600728140372969
2025-10-17,2.18,402.0,90.83333333333333,0.2259535655058043,1177.5,-0.9108638249211757,0.4127070298043951,0.21043864519711272,0.7108743374446893
2025-10-18,3.20575,338.0,133.57291666666666,0.39518614398422086,7.5,0.03271908282177614,0.9994645874763657,0.5755006757586927,0.8155009971704147
2025-10-19,1.0155,324.0,42.3125,0.13059413580246915,7.5,0.03271908282177614,0.9994645874763657,0.0,0.563921024157508
2025-10-20,1.501,396.0,62.541666666666664,0.15793350168350168,1222.5,-0.8128466845916154,0.5824776968678019,0.0,0.62193629164187
2025-10-21,4.404,406.0,183.5,0.45197044334975367,1342.5,-0.4127070298043955,0.9108638249211755,0.6080328617069831,0.8816910396924632
2025-10-22,3.434,350.0,143.08333333333334,0.40880952380952384,7.5,0.03271908282177614,0.9994645874763657,0.7110114598903836,0.8192179174907458
2025-10-23,1.067,364.0,44.458333333333336,0.1221382783882784,1327.5,-0.4713967368259979,0.8819212643483548,0.3197278911564626,0.5909784983940258
2025-10-24,3.309,386.0,137.875,0.35718911917098445,997.5,-0.9359059267573259,-0.3522500479212331,0.817632518538863,0.8199998426160817
2025-10-25,2.9515,386.0,122.97916666666667,0.3185988773747841,952.5,-0.849202181526579,-0.5280678506503678,0.5012716174974567,0.7803428526861901
2025-10-26,0.573,340.0,23.875,0.07022058823529412,1387.5,-0.22707626303437384,0.9738769792773335,0.0,0.4310587539396718
2025-10-27,3.054,368.0,127.25,0.34578804347826086,1387.5,-0.22707626303437384,0.9738769792773335,0.1816598955310505,0.8033964784404433
2025-10-28,4.8294999999999995,358.0,201.22916666666663,0.5620926443202978,7.5,0.03271908282177614,0.9994645874763657,1.3535575048732948,0.9006167054110014
2025-10-29,2.639,398.0,109.95833333333333,0.2762772194304858,1117.5,-0.986643332084879,0.1628954733945886,0.11326724319763763,0.7587540849853216
2025-10-30,3.92175,338.0,163.40625,0.48345044378698226,7.5,0.03271908282177614,0.9994645874763657,0.9899784346061145,0.8607525914420021
2025-10-31,2.2395,386.0,93.3125,0.2417422279792746,607.5,0.47139673682599786,-0.8819212643483549,5.335219236209335,0.7280065270445389
2025-11-01,2.845,410.0,118.54166666666667,0.2891260162601626,1072.5,-0.9994645874763657,-0.03271908282177651,0.38543949354760165,0.7587166579689775
2025-11-02,3.2795,372.0,136.64583333333334,0.3673275089605735,877.5,-0.6343932841636453,-0.7730104533627371,0.4072087534863763,0.8161990219302603
2025-11-03,3.769,346.0,157.04166666666666,0.4538776493256262,7.5,0.03271908282177614,0.9994645874763657,0.5682929366482887,0.8465734499848815
2025-11-04,3.1485,372.0,131.1875,0.3526545698924731,1372.5,-0.2902846772544625,0.9569403357322088,0.4674900955488231,0.8113960906975265
2025-11-05,3.703,364.0,154.29166666666666,0.4238782051282051,367.5,0.9994645874763657,-0.03271908282177604,3.6932826362484157,0.8304789194929659
2025-11-06,2.015,352.0,83.95833333333333,0.2385179924242424,1342.5,-0.4127070298043955,0.9108638249211755,0.5242057488653555,0.725019725923302
2025-11-07,2.153,334.0,89.70833333333333,0.2685878243512974,427.5,0.9569403357322089,-0.29028467725446216,214.3,0.7289653498114977
2025-11-08,1.71675,344.0,71.53125,0.20793968023255813,1357.5,-0.35225004792123316,0.9359059267573259,1.7982885085574571,0.6771393461774322
2025-11-09,2.3725,374.0,98.85416666666667,0.264315953654189,1327.5,-0.4713967368259979,0.8819212643483548,0.05327413984461709,0.7425833257194764
2025-11-10,3.612,348.0,150.5,0.4324712643678161,787.5,-0.2902846772544621,-0.9569403357322089,0.30420653547571763,0.8342489049991254
2025-11-11,3.5035,352.0,145.97916666666666,0.41471354166666663,1342.5,-0.4127070298043955,0.9108638249211755,0.5075301204819277,0.8380597167394511
2025-11-12,2.05,390.0,85.41666666666667,0.21901709401709402,1117.5,-0.986643332084879,0.1628954733945886,0.0,0.6890674411686556
2025-11-13,1.075,334.0,44.791666666666664,0.1341067864271457,7.5,0.03271908282177614,0.9994645874763657,0.0,0.5642378591096501
2025-11-14,1.216,346.0,50.666666666666664,0.1464354527938343,772.5,-0.22707626303437348,-0.9738769792773336,13.562874251497005,0.6404764634550072
2025-11-15,1.10075,354.0,45.864583333333336,0.12956096986817325,787.5,-0.2902846772544621,-0.9569403357322089,10.648148148148149,0.6797272459276412
2025-11-16,1.491,416.0,62.125,0.14933894230769232,1117.5,-0.986643332084879,0.1628954733945886,0.9017857142857143,0.6858649170509478
2025-11-17,1.348,410.0,56.166666666666664,0.1369918699186992,937.5,-0.8128466845916151,-0.5824776968678023,1.3042735042735043,0.6156901635954992
2025-11-18,1.628,338.0,67.83333333333333,0.20069033530571992,7.5,0.03271908282177614,0.9994645874763657,0.0,0.6627893158342796
2025-11-19,1.93825,364.0,80.76041666666667,0.22186927655677657,1402.5,-0.162895473394589,0.986643332084879,3.7769562538508934,0.711164606144867
2025-11-20,3.119,370.0,129.95833333333334,0.3512387387387388,1237.5,-0.7730104533627369,0.6343932841636456,0.0020883534136546186,0.8000867771351091
2025-11-21,0.9925,362.0,41.354166666666664,0.11423802946593001,1417.5,-0.0980171403295605,0.9951847266721969,0.0,0.5437051123959135
2025-11-22,3.025,360.0,126.04166666666667,0.35011574074074076,7.5,0.03271908282177614,0.9994645874763657,0.3175087108013937,0.7855133586765054
2025-11-23,2.93,374.0,122.08333333333333,0.3264260249554367,67.5,0.29028467725446233,0.9569403357322088,0.5676832530765115,0.7817066274648327
2025-11-24,3.643,384.0,151.79166666666666,0.3952907986111111,52.5,0.22707626303437323,0.9738769792773336,0.4054783950617284,0.8234565421232
2025-11-25,4.24625,356.0,176.92708333333334,0.4969861891385768,1312.5,-0.5280678506503679,0.849202181526579,0.4799163544480265,0.8648754496629145
2025-11-26,2.202,338.0,91.75,0.27144970414201186,7.5,0.03271908282177614,0.9994645874763657,0.0874074074074074,0.7460708911141811
2025-11-27,8.4055,636.0,350.2291666666667,0.5506747903563941,1072.5,-0.9994645874763657,-0.03271908282177651,0.5659990684676293,0.947917009549768
2025-11-28,8.927,534.0,371.9583333333333,0.6965511860174781,22.5,0.0980171403295606,0.9951847266721969,0.8356981287271231,0.9961354769281692
2025-11-29,5.008,570.0,208.66666666666666,0.36608187134502923,772.5,-0.22707626303437348,-0.9738769792773336,1.639262187088274,0.8999442939685601
2025-11-30,0.019,8.0,0.7916666666666666,0.09895833333333333,1342.5,-0.4127070298043955,0.9108638249211755,0.0,0.5589784079343882
