cible,source,verdict,n_manques,manques,NRMSE,FFT_err,err_E_pct,ECART_PICS_h,ELM_1h,L_etoile,func_cycle
0016GBO__Mai,arbitrage_fft,non verifiable,1,ELM_1h,0.11,0.135,-5.7,1.25,3.87,30,15
0016GBO__Saison_des_pluies,arbitrage_fft,non verifiable,2,err_P_pct ECART_PICS_h,0.106,0.106,-6.2,3.0,1.74,15,15
0016GBO__Saison_seche,arbitrage_fft,rejetee,1,ECART_PICS_h,0.096,0.169,1.5,2.25,2.4,60,15
0017SAM__Mai_avant_2025-09-25,arbitrage_fft,non verifiable,0,,0.12,0.099,-5.4,0.75,2.47,15,30
0017SAM__Octobre_depuis_2025-09-25,arbitrage_fft,non verifiable,3,err_P_pct ELM_1h ELM_2h,0.079,0.164,-4.8,1.75,3.7,15,15
0017SAM__Saison_des_pluies_avant_2025-09-25,arbitrage_fft,non verifiable,2,ELM_1h ELM_2h,0.086,0.196,0.4,0.25,3.63,30,30
0017SAM__Saison_seche_avant_2025-09-25,arbitrage_fft,non verifiable,1,ECART_PICS_h,0.079,0.145,4.3,3.0,1.22,30,15
0017SAM__Saison_seche_depuis_2025-09-25,arbitrage_fft,non verifiable,0,,0.067,0.102,0.1,0.0,1.0,15,15
0018SAM__Octobre_depuis_2025-10-02,arbitrage_fft,non verifiable,3,FFT_err ELM_1h ELM_2h,0.111,0.346,-1.5,0.0,4.2,30,30
0018SAM__Saison_seche_avant_2025-10-02,arbitrage_fft,non verifiable,2,FFT_err ECART_PICS_h,0.089,0.214,1.4,3.0,1.72,30,30
0018SAM__Saison_seche_depuis_2025-10-02,arbitrage_fft,non verifiable,2,FFT_err ECART_PICS_h,0.119,0.289,-0.1,3.0,3.17,30,30
0035SAM__Mai,arbitrage_fft,rejetee,3,err_P_pct ELM_1h ELM_2h,0.076,0.189,-0.3,0.25,3.71,30,60
0035SAM__Octobre,arbitrage_fft,non verifiable,4,CORR_h ECART_PICS_h ELM_1h ELM_2h,0.157,0.145,17.1,3.0,8.6,30,15
0035SAM__Saison_des_pluies,arbitrage_fft,rejetee,3,FFT_err ELM_1h ELM_2h,0.072,0.217,5.4,0.75,4.88,15,60
0035SAM__Saison_seche,arbitrage_fft,validee,0,,0.048,0.105,-1.4,0.5,1.74,15,15
0043SAM__Mai,arbitrage_fft,non verifiable,1,ECART_PICS_h,0.094,0.149,-3.2,3.0,1.78,30,15
0043SAM__Saison_des_pluies,arbitrage_fft,rejetee,1,ECART_PICS_h,0.059,0.138,-2.0,2.5,2.13,60,15
0043SAM__Saison_seche,arbitrage_fft,validee,0,,0.049,0.135,-2.0,1.25,1.55,15,15
0097SAM__Mai,essai_fft_grille,rejetee,1,ECART_PICS_h,0.069,0.198,-5.0,1.5,3.1,15,10
0097SAM__Octobre,arbitrage_fft,rejetee,1,err_P_pct,0.082,0.142,0.8,1.25,2.72,30,15
0097SAM__Saison_des_pluies,arbitrage_fft,rejetee,1,ECART_PICS_h,0.061,0.163,2.6,3.0,2.47,15,15
0097SAM__Saison_seche,arbitrage_fft,rejetee,4,ECART_PICS_h ELM_1h ELM_2h PEL_1h,0.064,0.068,-2.5,3.0,3.7,15,15
0151GBO__Mai_avant_2025-09-17,essai_fft_grille,rejetee,1,FFT_err,0.083,0.251,-0.0,0.75,2.86,30,10
0151GBO__Mai_depuis_2025-09-17,arbitrage_fft,non verifiable,0,,0.089,0.198,-1.3,0.0,2.16,15,15
0151GBO__Octobre_depuis_2025-09-17,arbitrage_fft,rejetee,2,FFT_err ECART_PICS_h,0.084,0.231,0.3,3.0,2.34,30,60
0151GBO__Saison_des_pluies_avant_2025-09-17,arbitrage_fft,non verifiable,1,FFT_err,0.071,0.268,-0.3,1.5,2.2,30,15
0151GBO__Saison_des_pluies_depuis_2025-09-17,arbitrage_fft,non verifiable,2,FFT_err ECART_PICS_h,0.068,0.202,1.7,3.0,2.08,15,15
0151GBO__Saison_seche_avant_2025-09-17,essai_fft_grille,rejetee,2,FFT_err ECART_PICS_h,0.107,0.209,-0.9,3.0,2.75,15,5
0151GBO__Saison_seche_depuis_2025-09-17,arbitrage_fft,non verifiable,1,ECART_PICS_h,0.086,0.153,-1.3,1.25,1.42,30,15
0152GBO__Mai_active,essai_fft_grille,non verifiable,0,,0.095,0.125,-0.1,1.5,1.82,30,5
0152GBO__Saison_des_pluies_active,arbitrage_fft,non verifiable,2,FFT_err ECART_PICS_h,0.091,0.283,0.1,3.0,1.89,30,15
0152GBO__Saison_seche_active,arbitrage_fft,rejetee,1,ECART_PICS_h,0.081,0.101,0.2,2.5,1.13,30,15
0154GBO__Mai,arbitrage_fft,rejetee,2,err_P_pct ECART_PICS_h,0.073,0.106,0.9,3.0,1.58,30,15
0154GBO__Octobre,arbitrage_fft,validee,0,,0.059,0.103,-3.2,0.25,2.57,60,15
0154GBO__Saison_des_pluies,arbitrage_fft,validee,0,,0.048,0.088,-0.8,0.5,2.63,30,15
0154GBO__Saison_seche,arbitrage_fft,rejetee,1,ECART_PICS_h,0.06,0.084,-2.6,3.0,3.22,30,30
