jour,mois,marche,hors_service,config,saison,cible,cluster,retenue,moitie
2025-02-26,2025-02,False,False,,Fevrier,Fevrier,-3,True,0
2025-02-28,2025-02,False,False,,Fevrier,Fevrier,-3,True,1
2025-03-01,2025-03,False,False,,Mars,Mars,-3,True,0
2025-03-02,2025-03,False,False,,Mars,Mars,-3,True,1
2025-03-03,2025-03,False,False,,Mars,Mars,-3,True,0
2025-03-04,2025-03,False,False,,Mars,Mars,-3,True,1
2025-03-05,2025-03,False,False,,Mars,Mars,-3,True,0
2025-03-06,2025-03,False,False,,Mars,Mars,-3,True,1
2025-03-07,2025-03,False,False,,Mars,Mars,-3,True,0
2025-03-08,2025-03,False,False,,Mars,Mars,-3,True,1
2025-03-09,2025-03,False,False,,Mars,Mars,-3,True,0
2025-03-10,2025-03,False,False,,Mars,Mars,-3,True,1
2025-03-11,2025-03,False,False,,Mars,Mars,-3,True,0
2025-03-12,2025-03,True,False,,Mars,Mars,0,True,1
2025-03-13,2025-03,True,False,,Mars,Mars,0,True,0
2025-03-14,2025-03,True,False,,Mars,Mars,0,True,1
2025-03-16,2025-03,True,False,,Mars,Mars,0,True,0
2025-03-17,2025-03,True,False,,Mars,Mars,-1,False,-1
2025-03-18,2025-03,False,False,,Mars,Mars,-3,True,1
2025-03-19,2025-03,False,False,,Mars,Mars,-3,True,0
2025-03-20,2025-03,False,False,,Mars,Mars,-3,True,1
2025-03-21,2025-03,False,False,,Mars,Mars,-3,True,0
2025-03-22,2025-03,False,False,,Mars,Mars,-3,True,1
2025-03-23,2025-03,False,False,,Mars,Mars,-3,True,0
2025-03-24,2025-03,False,False,,Mars,Mars,-3,True,1
2025-03-25,2025-03,False,False,,Mars,Mars,-3,True,0
2025-03-26,2025-03,False,False,,Mars,Mars,-3,True,1
2025-03-27,2025-03,False,False,,Mars,Mars,-3,True,0
2025-03-28,2025-03,True,False,,Mars,Mars,0,True,1
2025-03-29,2025-03,False,True,,Mars,Mars,-2,False,-1
2025-03-30,2025-03,False,True,,Mars,Mars,-2,False,-1
2025-03-31,2025-03,False,True,,Mars,Mars,-2,False,-1
2025-04-01,2025-04,False,True,,Avril,Avril,-2,False,-1
2025-04-02,2025-04,False,True,,Avril,Avril,-2,False,-1
2025-04-03,2025-04,False,True,,Avril,Avril,-2,False,-1
2025-04-04,2025-04,False,True,,Avril,Avril,-2,False,-1
2025-04-05,2025-04,False,True,,Avril,Avril,-2,False,-1
2025-04-08,2025-04,False,True,,Avril,Avril,-2,False,-1
2025-04-09,2025-04,False,True,,Avril,Avril,-2,False,-1
2025-04-10,2025-04,False,True,,Avril,Avril,-2,False,-1
2025-04-11,2025-04,False,True,,Avril,Avril,-2,False,-1
2025-04-12,2025-04,False,True,,Avril,Avril,-2,False,-1
2025-04-13,2025-04,False,True,,Avril,Avril,-2,False,-1
2025-04-14,2025-04,False,True,,Avril,Avril,-2,False,-1
2025-04-15,2025-04,False,True,,Avril,Avril,-2,False,-1
2025-04-16,2025-04,False,True,,Avril,Avril,-2,False,-1
2025-04-17,2025-04,False,True,,Avril,Avril,-2,False,-1
2025-04-18,2025-04,False,True,,Avril,Avril,-2,False,-1
2025-04-19,2025-04,False,True,,Avril,Avril,-2,False,-1
2025-04-20,2025-04,False,True,,Avril,Avril,-2,False,-1
2025-04-21,2025-04,False,True,,Avril,Avril,-2,False,-1
2025-04-22,2025-04,False,True,,Avril,Avril,-2,False,-1
2025-04-23,2025-04,False,True,,Avril,Avril,-2,False,-1
2025-04-24,2025-04,False,True,,Avril,Avril,-2,False,-1
2025-04-25,2025-04,False,True,,Avril,Avril,-2,False,-1
2025-04-27,2025-04,False,True,,Avril,Avril,-2,False,-1
2025-04-28,2025-04,False,True,,Avril,Avril,-2,False,-1
2025-04-29,2025-04,False,True,,Avril,Avril,-2,False,-1
2025-04-30,2025-04,False,True,,Avril,Avril,-2,False,-1
2025-05-01,2025-05,False,True,,Mai,Mai,-2,False,-1
2025-05-02,2025-05,False,True,,Mai,Mai,-2,False,-1
2025-05-03,2025-05,True,False,,Mai,Mai,-1,True,0
2025-05-04,2025-05,True,False,,Mai,Mai,0,True,1
2025-05-05,2025-05,True,False,,Mai,Mai,-1,True,0
2025-05-06,2025-05,True,False,,Mai,Mai,-1,True,1
2025-05-07,2025-05,True,False,,Mai,Mai,0,True,0
2025-05-08,2025-05,False,False,,Mai,Mai,-3,True,1
2025-05-09,2025-05,False,False,,Mai,Mai,-3,True,0
2025-05-10,2025-05,False,False,,Mai,Mai,-3,True,1
2025-05-11,2025-05,False,False,,Mai,Mai,-3,True,0
2025-05-12,2025-05,False,False,,Mai,Mai,-3,True,1
2025-05-13,2025-05,False,False,,Mai,Mai,-3,True,0
2025-05-14,2025-05,True,False,,Mai,Mai,0,True,1
2025-05-15,2025-05,True,False,,Mai,Mai,-1,True,0
2025-05-16,2025-05,True,False,,Mai,Mai,-1,True,1
2025-05-17,2025-05,True,False,,Mai,Mai,-1,True,0
2025-05-18,2025-05,True,False,,Mai,Mai,-1,True,1
2025-05-19,2025-05,False,False,,Mai,Mai,-3,True,0
2025-05-20,2025-05,False,False,,Mai,Mai,-3,True,1
2025-05-21,2025-05,False,False,,Mai,Mai,-3,True,0
2025-05-22,2025-05,False,False,,Mai,Mai,-3,True,1
2025-05-23,2025-05,False,False,,Mai,Mai,-3,True,0
2025-05-24,2025-05,False,False,,Mai,Mai,-3,True,1
2025-05-25,2025-05,False,False,,Mai,Mai,-3,True,0
2025-05-26,2025-05,False,False,,Mai,Mai,-3,True,1
2025-05-27,2025-05,False,False,,Mai,Mai,-3,True,0
2025-05-28,2025-05,False,False,,Mai,Mai,-3,True,1
2025-05-29,2025-05,False,False,,Mai,Mai,-3,True,0
2025-05-30,2025-05,False,False,,Mai,Mai,-3,True,1
2025-05-31,2025-05,False,False,,Mai,Mai,-3,True,0
2025-06-01,2025-06,True,False,,Juin,Juin,0,True,0
2025-06-02,2025-06,True,False,,Juin,Juin,0,True,1
2025-06-03,2025-06,True,False,,Juin,Juin,0,True,0
2025-06-04,2025-06,True,False,,Juin,Juin,0,True,1
2025-06-05,2025-06,True,False,,Juin,Juin,0,True,0
2025-06-06,2025-06,True,False,,Juin,Juin,0,True,1
2025-06-09,2025-06,False,False,,Juin,Juin,-3,True,0
2025-06-10,2025-06,False,False,,Juin,Juin,-3,True,1
2025-06-11,2025-06,False,False,,Juin,Juin,-3,True,0
2025-06-12,2025-06,False,False,,Juin,Juin,-3,True,1
2025-06-13,2025-06,True,False,,Juin,Juin,0,True,0
2025-06-14,2025-06,True,False,,Juin,Juin,0,True,1
2025-06-15,2025-06,True,False,,Juin,Juin,0,True,0
2025-06-16,2025-06,True,False,,Juin,Juin,0,True,1
2025-06-17,2025-06,True,False,,Juin,Juin,0,True,0
2025-06-18,2025-06,True,False,,Juin,Juin,0,True,1
2025-06-19,2025-06,True,False,,Juin,Juin,0,True,0
2025-06-21,2025-06,True,False,,Juin,Juin,0,True,1
2025-06-22,2025-06,False,False,,Juin,Juin,-3,True,0
2025-06-23,2025-06,False,False,,Juin,Juin,-3,True,1
2025-06-24,2025-06,False,False,,Juin,Juin,-3,True,0
2025-06-25,2025-06,False,False,,Juin,Juin,-3,True,1
2025-06-26,2025-06,False,False,,Juin,Juin,-3,True,0
2025-06-27,2025-06,False,False,,Juin,Juin,-3,True,1
2025-06-28,2025-06,True,False,,Juin,Juin,0,True,0
2025-06-29,2025-06,True,False,,Juin,Juin,0,True,1
2025-06-30,2025-06,True,False,,Juin,Juin,0,True,0
2025-07-02,2025-07,True,False,,Juillet,Juillet,0,True,0
2025-07-03,2025-07,True,False,,Juillet,Juillet,0,True,1
2025-07-04,2025-07,True,False,,Juillet,Juillet,0,True,0
2025-07-05,2025-07,False,False,,Juillet,Juillet,-3,True,1
2025-07-06,2025-07,False,False,,Juillet,Juillet,-3,True,0
2025-07-07,2025-07,True,False,,Juillet,Juillet,0,True,1
2025-07-11,2025-07,True,False,,Juillet,Juillet,0,True,0
2025-07-12,2025-07,True,False,,Juillet,Juillet,0,True,1
2025-07-13,2025-07,True,False,,Juillet,Juillet,0,True,0
2025-07-15,2025-07,True,False,,Juillet,Juillet,0,True,1
2025-07-16,2025-07,False,False,,Juillet,Juillet,-3,True,0
2025-07-17,2025-07,False,False,,Juillet,Juillet,-3,True,1
2025-07-18,2025-07,False,False,,Juillet,Juillet,-3,True,0
2025-07-19,2025-07,True,False,,Juillet,Juillet,0,True,1
2025-07-20,2025-07,False,False,,Juillet,Juillet,-3,True,0
2025-07-24,2025-07,True,False,,Juillet,Juillet,0,True,1
2025-07-25,2025-07,True,False,,Juillet,Juillet,0,True,0
2025-07-26,2025-07,True,False,,Juillet,Juillet,0,True,1
2025-07-27,2025-07,True,False,,Juillet,Juillet,0,True,0
2025-07-30,2025-07,False,False,,Juillet,Juillet,-3,True,1
2025-07-31,2025-07,True,False,,Juillet,Juillet,-1,False,-1
2025-08-01,2025-08,False,False,,Aout,Aout,-3,True,0
2025-08-02,2025-08,False,False,,Aout,Aout,-3,True,1
2025-08-03,2025-08,False,False,,Aout,Aout,-3,True,0
2025-08-04,2025-08,False,False,,Aout,Aout,-3,True,1
2025-08-05,2025-08,False,False,,Aout,Aout,-3,True,0
2025-08-06,2025-08,False,False,,Aout,Aout,-3,True,1
2025-08-07,2025-08,False,False,,Aout,Aout,-3,True,0
2025-08-08,2025-08,False,False,,Aout,Aout,-3,True,1
2025-08-09,2025-08,True,False,,Aout,Aout,0,True,0
2025-08-11,2025-08,True,False,,Aout,Aout,0,True,1
2025-08-12,2025-08,True,False,,Aout,Aout,0,True,0
2025-08-13,2025-08,True,False,,Aout,Aout,0,True,1
2025-08-16,2025-08,True,False,,Aout,Aout,0,True,0
2025-08-17,2025-08,True,False,,Aout,Aout,0,True,1
2025-08-18,2025-08,True,False,,Aout,Aout,-1,False,-1
2025-08-19,2025-08,True,False,,Aout,Aout,0,True,0
2025-08-20,2025-08,False,False,,Aout,Aout,-3,True,1
2025-08-21,2025-08,True,False,,Aout,Aout,0,True,0
2025-08-22,2025-08,True,False,,Aout,Aout,0,True,1
2025-08-23,2025-08,True,False,,Aout,Aout,0,True,0
2025-08-24,2025-08,True,False,,Aout,Aout,0,True,1
2025-08-25,2025-08,True,False,,Aout,Aout,0,True,0
2025-08-26,2025-08,False,False,,Aout,Aout,-3,True,1
2025-08-27,2025-08,False,False,,Aout,Aout,-3,True,0
2025-08-28,2025-08,False,False,,Aout,Aout,-3,True,1
2025-08-29,2025-08,False,False,,Aout,Aout,-3,True,0
2025-08-30,2025-08,False,False,,Aout,Aout,-3,True,1
2025-08-31,2025-08,False,False,,Aout,Aout,-3,True,0
2025-09-01,2025-09,False,False,,Septembre,Septembre,-3,True,0
2025-09-02,2025-09,True,False,,Septembre,Septembre,0,True,1
2025-09-05,2025-09,True,False,,Septembre,Septembre,0,True,0
2025-09-06,2025-09,True,False,,Septembre,Septembre,0,True,1
2025-09-07,2025-09,True,False,,Septembre,Septembre,-1,True,0
2025-09-08,2025-09,True,False,,Septembre,Septembre,0,True,1
2025-09-09,2025-09,True,False,,Septembre,Septembre,0,True,0
2025-09-10,2025-09,True,False,,Septembre,Septembre,0,True,1
2025-09-11,2025-09,True,False,,Septembre,Septembre,-1,True,0
2025-09-14,2025-09,True,False,,Septembre,Septembre,-1,True,1
2025-09-15,2025-09,True,False,,Septembre,Septembre,0,True,0
2025-09-16,2025-09,True,False,,Septembre,Septembre,-1,True,1
2025-09-17,2025-09,True,False,,Septembre,Septembre,0,True,0
2025-09-18,2025-09,True,False,,Septembre,Septembre,0,True,1
2025-09-19,2025-09,True,False,,Septembre,Septembre,0,True,0
2025-09-21,2025-09,True,False,,Septembre,Septembre,-1,True,1
2025-09-22,2025-09,True,False,,Septembre,Septembre,-1,True,0
2025-09-23,2025-09,False,False,,Septembre,Septembre,-3,True,1
2025-09-24,2025-09,True,False,,Septembre,Septembre,-1,True,0
2025-09-25,2025-09,True,False,,Septembre,Septembre,-1,True,1
2025-09-26,2025-09,True,False,,Septembre,Septembre,-1,True,0
2025-09-27,2025-09,True,False,,Septembre,Septembre,0,True,1
2025-09-28,2025-09,True,False,,Septembre,Septembre,-1,True,0
2025-09-29,2025-09,True,False,,Septembre,Septembre,-1,True,1
2025-10-02,2025-10,True,False,,Octobre,Octobre,0,True,0
2025-10-03,2025-10,True,False,,Octobre,Octobre,0,True,1
2025-10-06,2025-10,False,True,,Octobre,Octobre,-2,False,-1
2025-10-07,2025-10,False,True,,Octobre,Octobre,-2,False,-1
2025-10-08,2025-10,False,True,,Octobre,Octobre,-2,False,-1
2025-10-09,2025-10,False,True,,Octobre,Octobre,-2,False,-1
2025-10-10,2025-10,False,True,,Octobre,Octobre,-2,False,-1
2025-10-11,2025-10,False,True,,Octobre,Octobre,-2,False,-1
2025-10-12,2025-10,False,True,,Octobre,Octobre,-2,False,-1
2025-10-14,2025-10,False,True,,Octobre,Octobre,-2,False,-1
2025-10-15,2025-10,False,True,,Octobre,Octobre,-2,False,-1
2025-10-16,2025-10,False,True,,Octobre,Octobre,-2,False,-1
2025-10-17,2025-10,False,True,,Octobre,Octobre,-2,False,-1
2025-10-18,2025-10,False,True,,Octobre,Octobre,-2,False,-1
2025-10-19,2025-10,False,True,,Octobre,Octobre,-2,False,-1
2025-10-20,2025-10,False,True,,Octobre,Octobre,-2,False,-1
2025-10-21,2025-10,False,True,,Octobre,Octobre,-2,False,-1
2025-10-22,2025-10,False,True,,Octobre,Octobre,-2,False,-1
2025-10-23,2025-10,False,True,,Octobre,Octobre,-2,False,-1
2025-10-24,2025-10,False,True,,Octobre,Octobre,-2,False,-1
2025-10-25,2025-10,False,True,,Octobre,Octobre,-2,False,-1
2025-10-26,2025-10,False,True,,Octobre,Octobre,-2,False,-1
2025-10-27,2025-10,False,True,,Octobre,Octobre,-2,False,-1
2025-10-28,2025-10,False,True,,Octobre,Octobre,-2,False,-1
2025-10-29,2025-10,False,True,,Octobre,Octobre,-2,False,-1
2025-10-30,2025-10,False,True,,Octobre,Octobre,-2,False,-1
2025-11-01,2025-11,True,False,,Novembre,Novembre,0,True,0
2025-11-02,2025-11,False,False,,Novembre,Novembre,-3,True,1
2025-11-03,2025-11,False,False,,Novembre,Novembre,-3,True,0
2025-11-04,2025-11,True,False,,Novembre,Novembre,0,True,1
2025-11-05,2025-11,False,False,,Novembre,Novembre,-3,True,0
2025-11-06,2025-11,True,False,,Novembre,Novembre,0,True,1
2025-11-07,2025-11,False,False,,Novembre,Novembre,-3,True,0
2025-11-08,2025-11,False,False,,Novembre,Novembre,-3,True,1
2025-11-09,2025-11,False,False,,Novembre,Novembre,-3,True,0
2025-11-10,2025-11,False,False,,Novembre,Novembre,-3,True,1
2025-11-11,2025-11,True,False,,Novembre,Novembre,0,True,0
2025-11-12,2025-11,True,False,,Novembre,Novembre,0,True,1
2025-11-13,2025-11,False,False,,Novembre,Novembre,-3,True,0
2025-11-14,2025-11,True,False,,Novembre,Novembre,0,True,1
2025-11-15,2025-11,True,False,,Novembre,Novembre,0,True,0
2025-11-16,2025-11,True,False,,Novembre,Novembre,0,True,1
2025-11-17,2025-11,False,False,,Novembre,Novembre,-3,True,0
2025-11-18,2025-11,True,False,,Novembre,Novembre,-1,True,1
2025-11-19,2025-11,True,False,,Novembre,Novembre,-1,True,0
2025-11-22,2025-11,True,False,,Novembre,Novembre,0,True,1
2025-11-23,2025-11,True,False,,Novembre,Novembre,0,True,0
2025-11-24,2025-11,True,False,,Novembre,Novembre,0,True,1
2025-11-29,2025-11,True,False,,Novembre,Novembre,0,True,0
2025-11-30,2025-11,True,False,,Novembre,Novembre,0,True,1
2025-12-01,2025-12,False,False,,Decembre,Decembre,-3,True,0
2025-12-04,2025-12,True,False,,Decembre,Decembre,0,True,1
2025-12-05,2025-12,True,False,,Decembre,Decembre,0,True,0
2025-12-06,2025-12,False,False,,Decembre,Decembre,-3,True,1
2025-12-07,2025-12,False,False,,Decembre,Decembre,-3,True,0
2025-12-08,2025-12,False,False,,Decembre,Decembre,-3,True,1
2025-12-09,2025-12,False,False,,Decembre,Decembre,-3,True,0
2025-12-11,2025-12,False,False,,Decembre,Decembre,-3,True,1
2025-12-13,2025-12,False,False,,Decembre,Decembre,-3,True,0
2025-12-14,2025-12,True,False,,Decembre,Decembre,0,True,1
2026-01-02,2026-01,True,False,,Janvier,Janvier,-1,True,0
2026-01-03,2026-01,True,False,,Janvier,Janvier,0,True,1
2026-01-04,2026-01,True,False,,Janvier,Janvier,-1,True,0
2026-01-05,2026-01,True,False,,Janvier,Janvier,-1,True,1
2026-01-06,2026-01,True,False,,Janvier,Janvier,-1,True,0
2026-01-07,2026-01,False,False,,Janvier,Janvier,-3,True,1
2026-01-08,2026-01,False,False,,Janvier,Janvier,-3,True,0
2026-01-09,2026-01,False,False,,Janvier,Janvier,-3,True,1
2026-01-10,2026-01,False,False,,Janvier,Janvier,-3,True,0
2026-01-11,2026-01,False,False,,Janvier,Janvier,-3,True,1
2026-01-12,2026-01,True,False,,Janvier,Janvier,0,True,0
2026-01-13,2026-01,True,False,,Janvier,Janvier,0,True,1
2026-01-14,2026-01,False,False,,Janvier,Janvier,-3,True,0
2026-01-15,2026-01,False,False,,Janvier,Janvier,-3,True,1
2026-01-16,2026-01,True,False,,Janvier,Janvier,0,True,0
2026-01-17,2026-01,True,False,,Janvier,Janvier,-1,True,1
2026-01-18,2026-01,False,False,,Janvier,Janvier,-3,True,0
2026-01-19,2026-01,False,False,,Janvier,Janvier,-3,True,1
2026-01-20,2026-01,False,False,,Janvier,Janvier,-3,True,0
2026-01-21,2026-01,False,False,,Janvier,Janvier,-3,True,1
2026-01-22,2026-01,False,False,,Janvier,Janvier,-3,True,0
2026-01-23,2026-01,False,False,,Janvier,Janvier,-3,True,1
2026-01-24,2026-01,False,False,,Janvier,Janvier,-3,True,0
2026-01-25,2026-01,False,False,,Janvier,Janvier,-3,True,1
2026-01-26,2026-01,False,False,,Janvier,Janvier,-3,True,0
2026-01-27,2026-01,False,False,,Janvier,Janvier,-3,True,1
2026-01-28,2026-01,False,False,,Janvier,Janvier,-3,True,0
2026-01-29,2026-01,True,False,,Janvier,Janvier,0,True,1
2026-01-30,2026-01,True,False,,Janvier,Janvier,0,True,0
2026-01-31,2026-01,True,False,,Janvier,Janvier,0,True,1
2026-02-03,2026-02,True,False,,Fevrier,Fevrier,0,True,0
2026-02-04,2026-02,True,False,,Fevrier,Fevrier,0,True,1
2026-02-05,2026-02,False,False,,Fevrier,Fevrier,-3,True,0
2026-02-07,2026-02,True,False,,Fevrier,Fevrier,0,True,1
2026-02-08,2026-02,True,False,,Fevrier,Fevrier,0,True,0
2026-02-09,2026-02,False,False,,Fevrier,Fevrier,-3,True,1
2026-02-10,2026-02,False,False,,Fevrier,Fevrier,-3,True,0
2026-02-12,2026-02,False,False,,Fevrier,Fevrier,-3,True,1
2026-02-13,2026-02,False,False,,Fevrier,Fevrier,-3,True,0
2026-02-16,2026-02,False,False,,Fevrier,Fevrier,-3,True,1
2026-02-17,2026-02,False,False,,Fevrier,Fevrier,-3,True,0
2026-02-18,2026-02,False,False,,Fevrier,Fevrier,-3,True,1
2026-02-19,2026-02,False,False,,Fevrier,Fevrier,-3,True,0
2026-02-20,2026-02,False,False,,Fevrier,Fevrier,-3,True,1
2026-02-21,2026-02,False,False,,Fevrier,Fevrier,-3,True,0
2026-02-22,2026-02,False,False,,Fevrier,Fevrier,-3,True,1
2026-02-23,2026-02,False,False,,Fevrier,Fevrier,-3,True,0
2026-02-24,2026-02,True,False,,Fevrier,Fevrier,0,True,1
2026-02-25,2026-02,True,False,,Fevrier,Fevrier,0,True,0
2026-02-28,2026-02,True,False,,Fevrier,Fevrier,0,True,1
2026-03-01,2026-03,True,False,,Mars,Mars,0,True,0
2026-03-02,2026-03,True,False,,Mars,Mars,0,True,1
2026-03-03,2026-03,True,False,,Mars,Mars,0,True,0
2026-03-04,2026-03,True,False,,Mars,Mars,0,True,1
2026-03-07,2026-03,True,False,,Mars,Mars,0,True,0
2026-03-08,2026-03,True,False,,Mars,Mars,0,True,1
2026-03-09,2026-03,True,False,,Mars,Mars,0,True,0
2026-03-10,2026-03,True,False,,Mars,Mars,0,True,1
2026-03-11,2026-03,True,False,,Mars,Mars,0,True,0
2026-03-12,2026-03,True,False,,Mars,Mars,0,True,1
2026-03-13,2026-03,True,False,,Mars,Mars,-1,False,-1
2026-03-14,2026-03,True,False,,Mars,Mars,0,True,0
2026-03-15,2026-03,True,False,,Mars,Mars,0,True,1
2026-03-16,2026-03,True,False,,Mars,Mars,0,True,0
2026-03-17,2026-03,True,False,,Mars,Mars,0,True,1
2026-03-21,2026-03,True,False,,Mars,Mars,0,True,0
2026-03-22,2026-03,True,False,,Mars,Mars,0,True,1
2026-03-23,2026-03,True,False,,Mars,Mars,0,True,0
2026-03-24,2026-03,True,False,,Mars,Mars,0,True,1
2026-03-25,2026-03,True,False,,Mars,Mars,0,True,0
2026-03-26,2026-03,True,False,,Mars,Mars,0,True,1
2026-03-27,2026-03,True,False,,Mars,Mars,0,True,0
2026-03-28,2026-03,True,False,,Mars,Mars,0,True,1
2026-03-29,2026-03,True,False,,Mars,Mars,0,True,0
2026-03-30,2026-03,True,False,,Mars,Mars,0,True,1
2026-03-31,2026-03,True,False,,Mars,Mars,0,True,0
2026-04-01,2026-04,True,False,,Avril,Avril,0,True,0
2026-04-02,2026-04,True,False,,Avril,Avril,0,True,1
2026-04-06,2026-04,True,False,,Avril,Avril,0,True,0
2026-04-07,2026-04,True,False,,Avril,Avril,0,True,1
2026-04-08,2026-04,True,False,,Avril,Avril,0,True,0
2026-04-09,2026-04,True,False,,Avril,Avril,0,True,1
2026-04-10,2026-04,True,False,,Avril,Avril,0,True,0
2026-04-11,2026-04,True,False,,Avril,Avril,0,True,1
2026-04-12,2026-04,True,False,,Avril,Avril,0,True,0
2026-04-13,2026-04,True,False,,Avril,Avril,0,True,1
2026-04-14,2026-04,True,False,,Avril,Avril,0,True,0
2026-04-15,2026-04,True,False,,Avril,Avril,0,True,1
2026-04-16,2026-04,True,False,,Avril,Avril,0,True,0
2026-04-17,2026-04,True,False,,Avril,Avril,0,True,1
2026-04-18,2026-04,True,False,,Avril,Avril,0,True,0
2026-04-19,2026-04,True,False,,Avril,Avril,0,True,1
2026-04-20,2026-04,True,False,,Avril,Avril,0,True,0
2026-04-21,2026-04,True,False,,Avril,Avril,0,True,1
2026-04-22,2026-04,True,False,,Avril,Avril,0,True,0
2026-04-23,2026-04,True,False,,Avril,Avril,0,True,1
2026-04-24,2026-04,True,False,,Avril,Avril,0,True,0
2026-04-25,2026-04,True,False,,Avril,Avril,0,True,1
2026-04-26,2026-04,True,False,,Avril,Avril,0,True,0
2026-04-27,2026-04,True,False,,Avril,Avril,0,True,1
2026-04-28,2026-04,False,False,,Avril,Avril,-3,True,0
2026-04-29,2026-04,False,False,,Avril,Avril,-3,True,1
2026-04-30,2026-04,True,False,,Avril,Avril,-1,False,-1
2026-05-04,2026-05,False,False,,Mai,Mai,-3,True,1
2026-05-09,2026-05,True,False,,Mai,Mai,-1,True,0
2026-05-13,2026-05,True,False,,Mai,Mai,0,True,1
2026-05-18,2026-05,True,False,,Mai,Mai,0,True,0
2026-06-08,2026-06,False,True,,Juin,Juin,-2,False,-1
2026-07-16,2026-07,False,True,,Juillet,Juillet,-2,False,-1
2026-07-26,2026-07,False,True,,Juillet,Juillet,-2,False,-1
2026-07-28,2026-07,False,True,,Juillet,Juillet,-2,False,-1
2026-07-29,2026-07,False,True,,Juillet,Juillet,-2,False,-1
