day,E_kWh,P_peak_W,Load_factor,peak_sin,peak_cos,ratio_day_night,cluster,season
2024-12-31,1.60425,192.0,0.34814453125,0.0980171403295608,-0.9951847266721968,1.6516528925619836,-1,Dry season
2025-01-06,0.85725,110.0,0.3247159090909091,0.2270762630343732,0.9738769792773336,0.4548154433602036,0,Dry season
2025-01-07,1.5915,128.0,0.51806640625,-0.910863824921176,0.4127070298043943,0.7762276785714286,0,Dry season
2025-01-08,1.79625,130.0,0.5757211538461539,0.6835923020228712,0.7298640726978357,0.4341317365269461,0,Dry season
2025-01-09,1.93925,144.0,0.5611255787037037,-0.881921264348355,0.4713967368259976,0.5126755070202809,0,Dry season
2025-01-10,1.398,138.0,0.4221014492753623,0.0327190828217761,0.9994645874763656,0.5278688524590164,0,Dry season
2025-01-11,1.28525,140.0,0.3825148809523809,0.0327190828217761,0.9994645874763656,0.6166666666666667,0,Dry season
2025-01-12,1.582,122.0,0.5403005464480874,0.2270762630343732,0.9738769792773336,0.8111047510017172,0,Dry season
2025-01-13,1.88625,116.0,0.6775323275862069,0.9994645874763656,0.0327190828217761,0.848358647721705,0,Dry season
2025-01-14,1.47,106.0,0.5778301886792453,-0.1628954733945881,0.9866433320848792,0.5849056603773585,0,Dry season
2025-01-16,1.77225,128.0,0.576904296875,-0.2902846772544625,0.9569403357322088,0.558364475708947,0,Dry season
2025-01-17,0.939,122.0,0.3206967213114754,0.1628954733945887,0.986643332084879,0.09760374050263,0,Dry season
2025-01-18,0.6725,68.0,0.4120710784313725,-0.8492021815265792,0.5280678506503674,0.2724692526017029,0,Dry season
2025-01-19,1.14625,142.0,0.3363409624413145,-0.683592302022871,-0.7298640726978359,0.5953375086986779,0,Dry season
2025-01-20,1.589,140.0,0.4729166666666666,-0.2902846772544625,0.9569403357322088,0.6985569214323891,0,Dry season
2025-01-21,1.5715,146.0,0.4484874429223744,-0.7730104533627374,0.6343932841636449,0.5190913484775254,0,Dry season
2025-01-22,1.363,160.0,0.3549479166666666,-0.352250047921234,0.9359059267573256,0.7429667519181585,0,Dry season
2025-01-23,1.88425,140.0,0.5607886904761905,-0.986643332084879,-0.1628954733945889,0.6345695076989807,0,Dry season
2025-01-24,1.391,120.0,0.4829861111111111,-0.2270762630343738,0.9738769792773336,0.7535455404979514,0,Dry season
2025-01-26,1.2665,148.0,0.3565596846846847,-0.5824776968678023,0.8128466845916151,0.3887061403508772,0,Dry season
2025-01-28,1.44175,130.0,0.4620993589743589,0.986643332084879,0.1628954733945888,0.1413021967148229,0,Dry season
2025-01-29,1.8475,140.0,0.5498511904761905,-0.8492021815265792,0.5280678506503674,0.7607815106028115,0,Dry season
2025-01-30,1.8655,152.0,0.5113760964912281,-0.2902846772544625,0.9569403357322088,0.64,0,Dry season
2025-01-31,1.748,140.0,0.5202380952380952,0.0327190828217761,0.9994645874763656,0.5017182130584192,0,Dry season
2025-02-01,2.1425,144.0,0.6199363425925926,-0.352250047921234,0.9359059267573256,0.6614967041488949,0,Dry season
2025-02-03,2.01225,128.0,0.655029296875,-0.7730104533627374,0.6343932841636449,0.6602722772277227,0,Dry season
2025-02-07,2.39475,140.0,0.7127232142857143,-0.849202181526579,-0.5280678506503678,1.0328947368421053,0,Dry season
2025-02-11,3.04175,204.0,0.6212724673202614,-0.6835923020228714,0.7298640726978356,0.8224985020970641,0,Dry season
2025-02-12,3.48975,200.0,0.72703125,0.528067850650368,0.8492021815265789,0.8592168353755993,0,Dry season
2025-02-13,3.00625,224.0,0.5591982886904762,-0.0327190828217765,0.9994645874763656,0.6468090933990688,0,Dry season
2025-02-14,2.7,224.0,0.5022321428571429,0.0327190828217761,0.9994645874763656,1.206783816918676,0,Dry season
2025-02-22,1.20925,210.0,0.2399305555555555,-0.8492021815265792,0.5280678506503674,0.2745718050065876,0,Dry season
2025-02-23,2.8965,198.0,0.6095328282828283,-0.8492021815265792,0.5280678506503674,0.7710180372974625,0,Dry season
2025-02-25,2.57275,216.0,0.4962866512345679,0.0980171403295606,0.9951847266721968,0.6236983275481225,0,Dry season
2025-02-26,2.896,220.0,0.5484848484848485,-0.5280678506503685,0.8492021815265786,0.4667004304887313,0,Dry season
2025-02-27,3.30775,200.0,0.6891145833333333,0.0980171403295606,0.9951847266721968,0.8476469766792347,0,Dry season
2025-03-01,2.495,200.0,0.5197916666666667,-0.0327190828217765,0.9994645874763656,0.5349123346662565,0,Dry season
2025-03-02,2.92475,202.0,0.6032900165016502,0.0327190828217761,0.9994645874763656,0.9688657017839112,0,Dry season
2025-03-03,1.467,140.0,0.4366071428571428,0.3522500479212334,-0.9359059267573258,1.3795620437956204,-1,Dry season
2025-03-04,2.44,160.0,0.6354166666666667,0.9359059267573256,0.3522500479212336,0.7823228634039445,0,Dry season
2025-03-05,2.5615,222.0,0.480762012012012,-0.0980171403295605,0.9951847266721968,0.4426921993804562,0,Dry season
2025-03-07,3.4565,186.0,0.7743055555555556,-0.5280678506503685,0.8492021815265786,0.8153886554621849,0,Dry season
2025-03-08,2.7545,200.0,0.5738541666666667,-0.910863824921176,0.4127070298043943,0.897038567493113,0,Dry season
2025-03-09,2.83275,192.0,0.61474609375,0.0327190828217761,0.9994645874763656,0.8803518088284102,0,Dry season
2025-03-12,3.19025,224.0,0.5934244791666667,0.0327190828217761,0.9994645874763656,0.9390670110925392,0,Dry season
2025-03-13,3.11075,190.0,0.6821820175438597,0.0327190828217761,0.9994645874763656,0.8827356634891814,0,Dry season
2025-03-16,1.03275,138.0,0.311820652173913,-0.9359059267573256,0.3522500479212335,0.6888798037612428,0,Dry season
2025-03-18,2.7735,182.0,0.6349587912087912,-0.0327190828217757,-0.9994645874763656,0.9408677396780966,0,Dry season
2025-03-19,2.494,156.0,0.6661324786324787,0.528067850650368,0.8492021815265789,0.7498684441326083,0,Dry season
2025-03-21,2.36775,182.0,0.5420673076923077,-0.5280678506503685,0.8492021815265786,0.83688906128782,0,Dry season
2025-03-25,2.69075,202.0,0.5550226897689768,-0.7298640726978354,0.6835923020228717,0.8414029084687767,0,Dry season
2025-03-27,1.1545,174.0,0.2764607279693486,-0.881921264348355,0.4713967368259976,0.6847865742429771,0,Dry season
2025-03-31,2.25175,218.0,0.4303803516819572,-0.0980171403295605,0.9951847266721968,0.7100816404025062,0,Dry season
2025-04-03,2.7145,200.0,0.5655208333333334,-0.881921264348355,0.4713967368259976,0.8701343437822942,0,Dry season
2025-04-04,2.7725,190.0,0.6080043859649122,-0.8128466845916154,0.5824776968678019,1.0877259036144578,0,Dry season
2025-04-05,3.35425,212.0,0.6592472484276729,0.2270762630343732,0.9738769792773336,0.8828234633735617,0,Dry season
2025-04-06,2.93375,194.0,0.6301009450171821,-0.881921264348355,0.4713967368259976,0.6553815770912682,0,Dry season
2025-04-07,2.70825,186.0,0.6066868279569892,-0.0980171403295605,0.9951847266721968,1.075287356321839,0,Dry season
2025-04-08,2.4695,186.0,0.5532034050179211,0.0327190828217761,0.9994645874763656,0.8231819859726837,0,Dry season
2025-04-09,2.2295,166.0,0.5596134538152611,-0.9951847266721968,-0.0980171403295613,1.0277398817644383,0,Dry season
2025-04-10,2.44075,186.0,0.5467629928315413,-0.0327190828217765,0.9994645874763656,0.955337472461446,0,Dry season
2025-04-12,1.65,164.0,0.4192073170731707,-0.0980171403295605,0.9951847266721968,1.061211742660837,0,Dry season
2025-04-13,2.641,196.0,0.561437074829932,0.0980171403295606,0.9951847266721968,0.9984865682936056,0,Dry season
2025-04-14,1.92075,194.0,0.4125322164948453,0.0327190828217761,0.9994645874763656,0.443630214205186,0,Dry season
2025-04-15,2.15225,162.0,0.5535622427983539,0.0327190828217761,0.9994645874763656,0.6277179050860276,0,Dry season
2025-04-16,2.20825,188.0,0.489417109929078,-0.0980171403295605,0.9951847266721968,0.4938271604938271,0,Dry season
2025-04-17,2.76725,182.0,0.6335279304029304,-0.0980171403295605,0.9951847266721968,0.6992631255756832,0,Dry season
2025-04-18,2.46375,178.0,0.5767205056179775,0.2270762630343732,0.9738769792773336,0.6991379310344827,0,Dry season
2025-04-19,2.0195,146.0,0.5763413242009132,-0.910863824921176,-0.4127070298043946,0.9995049504950496,0,Dry season
2025-04-20,2.0165,162.0,0.5186471193415637,-0.1628954733945881,0.9866433320848792,0.7988403211418377,0,Dry season
2025-04-21,2.46825,176.0,0.5843394886363636,0.0980171403295606,0.9951847266721968,0.9761809447558046,0,Dry season
2025-04-22,2.05775,190.0,0.4512609649122807,0.2902846772544623,0.9569403357322088,1.1412591050988554,0,Dry season
2025-04-23,1.422,148.0,0.4003378378378378,0.0327190828217761,0.9994645874763656,0.7931904161412359,0,Dry season
2025-04-24,1.5215,184.0,0.3445425724637681,-0.1628954733945881,0.9866433320848792,0.687742651136994,0,Dry season
2025-04-26,1.60125,116.0,0.5751616379310345,0.9738769792773336,0.2270762630343734,0.7766990291262136,0,Dry season
2025-04-27,1.6235,178.0,0.3800327715355805,-0.7730104533627374,0.6343932841636449,1.5406885758998434,0,Dry season
2025-04-28,1.452,190.0,0.3184210526315789,0.0327190828217761,0.9994645874763656,0.3776091081593928,0,Dry season
2025-04-29,1.9355,166.0,0.4858182730923694,-0.9994645874763656,0.0327190828217761,1.2532013969732247,0,Dry season
2025-04-30,2.75675,260.0,0.4417868589743589,-0.8492021815265792,0.5280678506503674,1.1935548040580863,0,Dry season
2025-05-01,3.74675,242.0,0.6451015840220387,0.0327190828217761,0.9994645874763656,0.9619060086398744,0,May
2025-05-02,3.93375,220.0,0.7450284090909091,-0.8492021815265792,0.5280678506503674,0.8669909824394875,0,May
2025-05-04,3.637,218.0,0.6951452599388379,0.0327190828217761,0.9994645874763656,0.9595905172413792,0,May
2025-05-06,2.939,242.0,0.506026170798898,-0.0327190828217765,0.9994645874763656,1.003408316291752,0,May
2025-05-07,2.8205,242.0,0.4856232782369146,0.1628954733945887,0.986643332084879,0.7567735907816879,0,May
2025-05-08,1.658,80.0,0.8635416666666667,0.2270762630343732,-0.9738769792773336,0.9167630057803468,0,May
2025-05-10,1.145,108.0,0.4417438271604939,0.5824776968678022,-0.8128466845916151,1.2854291417165669,-1,May
2025-05-11,1.75625,150.0,0.4878472222222222,-0.0980171403295605,0.9951847266721968,0.8404506156667539,0,May
2025-05-12,2.488,152.0,0.6820175438596492,0.4127070298043947,0.9108638249211758,0.7905721482547678,0,May
2025-05-13,2.7105,154.0,0.7333603896103896,-0.910863824921176,0.4127070298043943,0.827714093054619,0,May
2025-05-14,1.52825,164.0,0.3882748983739837,-0.8128466845916154,0.5824776968678019,0.1415499533146592,0,May
2025-05-15,2.65725,144.0,0.7688802083333334,0.881921264348355,-0.4713967368259977,0.8200342465753425,0,May
2025-05-16,3.017,282.0,0.4457742316784869,-0.5824776968678023,0.8128466845916151,0.6168274383708467,0,May
2025-05-17,4.8555,280.0,0.7225446428571428,0.2270762630343732,0.9738769792773336,0.6918118466898955,0,May
2025-05-18,2.053,274.0,0.3121958637469587,-0.0327190828217765,0.9994645874763656,0.0,0,May
2025-05-19,2.96725,282.0,0.438423463356974,0.0980171403295606,0.9951847266721968,0.3426470588235294,0,May
2025-05-20,3.05425,178.0,0.7149461610486891,-0.986643332084879,0.1628954733945886,0.8482602118003025,0,May
2025-05-21,3.0445,152.0,0.8345668859649124,0.881921264348355,-0.4713967368259977,0.9275087052864832,0,May
2025-05-22,2.678,176.0,0.633996212121212,0.9994645874763656,-0.032719082821776,0.8577870274020118,0,May
2025-05-23,3.8435,186.0,0.8609991039426523,-0.881921264348355,0.4713967368259976,1.041157727031333,0,May
2025-05-24,3.4445,184.0,0.7800045289855073,0.5824776968678022,0.8128466845916152,0.8563729452977634,0,May
2025-05-25,2.8995,194.0,0.6227448453608248,-0.6343932841636459,0.7730104533627367,1.0006900120752114,0,May
2025-05-26,2.61775,168.0,0.6492435515873016,0.881921264348355,-0.4713967368259977,0.760127752563456,0,May
2025-05-28,2.4955,142.0,0.7322476525821596,0.8492021815265789,-0.528067850650368,0.7802746566791511,0,May
2025-05-29,2.77525,182.0,0.6353594322344323,-0.8128466845916154,0.5824776968678019,0.8147784861860389,0,May
2025-05-30,2.261,168.0,0.5607638888888888,-0.7298640726978354,0.6835923020228717,0.6655616942909761,0,May
2025-05-31,2.3175,166.0,0.5817018072289156,0.8492021815265789,0.5280678506503681,0.7493866767314588,0,May
2025-06-01,2.15975,178.0,0.505559456928839,0.6835923020228712,0.7298640726978357,1.5942942942942944,0,Rainy season
2025-06-02,2.8785,176.0,0.6814630681818182,0.8492021815265789,-0.528067850650368,0.8597964787594896,0,Rainy season
2025-06-03,2.059,142.0,0.6041666666666667,0.9994645874763656,0.0327190828217761,1.236220472440945,0,Rainy season
2025-06-04,0.9115,166.0,0.2287901606425702,-0.9951847266721968,-0.0980171403295613,0.147984886649874,-1,Rainy season
2025-06-05,2.50125,164.0,0.6354801829268293,0.8128466845916152,-0.582477696867802,0.7555711528338305,0,Rainy season
2025-06-08,1.781,174.0,0.4264846743295019,0.032719082821776,-0.9994645874763656,1.1303827751196172,-1,Rainy season
2025-06-09,2.865,170.0,0.7022058823529411,0.9994645874763656,-0.032719082821776,0.7759181775918178,0,Rainy season
2025-06-10,2.645,160.0,0.6888020833333333,0.9994645874763656,0.0327190828217761,0.928545388261028,0,Rainy season
2025-06-11,2.094,166.0,0.5256024096385542,-0.9994645874763656,0.0327190828217761,0.5577459549934908,0,Rainy season
2025-06-12,3.18,164.0,0.8079268292682927,0.9359059267573256,0.3522500479212336,0.9384334044498628,0,Rainy season
2025-06-13,2.20725,144.0,0.638671875,0.910863824921176,-0.4127070298043946,1.5290747636780293,0,Rainy season
2025-06-15,0.6865,62.0,0.4613575268817204,-0.227076263034373,-0.9738769792773336,0.9069444444444444,-1,Rainy season
2025-06-17,1.35275,64.0,0.8806966145833334,-0.7730104533627374,0.6343932841636449,0.92425320056899,0,Rainy season
2025-06-18,1.496,70.0,0.8904761904761905,0.032719082821776,-0.9994645874763656,0.9045194143857416,0,Rainy season
2025-06-19,1.572,70.0,0.9357142857142856,0.0327190828217761,0.9994645874763656,0.9600997506234414,0,Rainy season
2025-06-20,1.33575,62.0,0.8976814516129032,0.2270762630343732,0.9738769792773336,0.8701435071753588,0,Rainy season
2025-06-21,1.4415,62.0,0.96875,0.528067850650368,0.8492021815265789,0.977366255144033,0,Rainy season
2025-06-24,1.54875,84.0,0.7682291666666666,0.0980171403295606,0.9951847266721968,0.83991683991684,0,Rainy season
2025-06-25,1.3005,62.0,0.873991935483871,0.3522500479212335,0.9359059267573258,0.8861493836113126,0,Rainy season
2025-06-26,1.466,62.0,0.9852150537634408,0.5824776968678022,0.8128466845916152,0.9918478260869564,0,Rainy season
