group,parameter,description,min,max,median,mean,std,n_samples
Power,power [W],Appliance nominal power (= p_X1),23.921784442137927,217.96280975684667,51.91678933532959,82.23222179969834,69.16898870433457,12
Power,p_X2 [W],OFF segment power (basal),1.1341121992650272,10.728445803135514,2.572794905747574,3.51699315665013,2.523396772459557,12
Cycle durations,func_cycle [min],Min ON duration after switch-on,20.0,39.0,27.0,27.333333333333332,5.7638721552635275,12
Cycle durations,t_11 [min],Cycle 1 ON segment (high duty regime),10.655824779074534,25.978135050947323,14.463245783963764,16.102706746853652,4.671509525985017,12
Cycle durations,t_21 [min],Cycle 2 ON segment (mid duty regime),1.479352679914312,17.291190246114294,7.178857730318811,8.030790316449826,5.1879682125364175,12
Cycle durations,t_31 [min],Cycle 3 ON segment (low duty regime),1.056855077658431,8.064482826024205,2.4014568552286346,3.1954670501505835,2.1195527047079126,12
Stochasticity,random_var_w,Window boundary variability,0.07218353145280033,0.1464087508848016,0.11170052711427435,0.11011694333416834,0.025629256269176944,12
Stochasticity,time_fraction_random_variability,Total ON time variability,0.17128196577157997,0.185,0.17897978679629858,0.17858445181980107,0.003866217425636364,12
Stochasticity,thermal_p_var,Thermal power variability,0.175,0.185,0.17900644546652272,0.17957549342041867,0.0036637054953205404,12
