nom,client,cible,famille,jours_retenus,verdict,n_manques,NRMSE,LDC_err,FFT_err,err_E_pct,err_P_pct,err_LF,CORR_h,TVD_h,EXT_prof,ECART_PICS_h,ELM_1h,ELM_2h,PEL_1h,seuil_NRMSE,seuil_LDC_err,seuil_FFT_err,seuil_err_E_pct,seuil_err_P_pct,seuil_err_LF,seuil_CORR_h,seuil_TVD_h,seuil_EXT_prof,seuil_ECART_PICS_h,seuil_ELM_1h,seuil_ELM_2h,seuil_PEL_1h,p95_NRMSE,p95_LDC_err,p95_FFT_err,p95_err_E_pct,p95_err_P_pct,p95_err_LF,p95_CORR_h,p95_TVD_h,p95_EXT_prof,p95_ECART_PICS_h,p95_ELM_1h,p95_ELM_2h,p95_PEL_1h
0016GBO__Avril,0016GBO,Avril,grain_milling,26,non verifiable,2,0.1343988531703002,0.08128093259913685,0.08235857835543049,3.7834334502888467,-1.963574578725461,0.011547478145794432,0.04377643732566039,0.11060807724640251,0.2318945994505851,3.0,3.143238011451967,2.2534935401593277,0.19749208658725317,0.2,0.2,0.2,20.0,20.0,0.1227976022292032,0.1,0.2,0.5,2.0,2.843742519116036,2.6232225934717817,0.8528321470937129,0.2815573545537394,0.2356944123260581,0.4194782053471919,72.59155414930612,73.00799763033167,0.1227976022292032,0.6475046868414093,0.4992736166407621,0.8906590058326805,3.0,2.843742519116036,2.6232225934717817,0.8528321470937129
0016GBO__Decembre,0016GBO,Decembre,grain_milling,23,non verifiable,2,0.14049068221610866,0.08405102961170764,0.13451515295258096,-1.1355410072219736,53.01904899691289,-0.08437998275862094,0.01636158866687032,0.06044937468068262,0.24724336599228547,2.0,2.203678474912345,2.084717996448836,0.20577438642703375,0.2,0.1708789848558253,0.2,19.558046275206447,20.0,0.1261212408590919,0.1,0.1691999768100024,0.5,1.5,3.1733112433435853,3.084922627978415,0.6944343617664849,0.2281411435409639,0.1708789848558253,0.3279119954976293,19.558046275206447,85.77294685990333,0.1261212408590919,0.1119927592215683,0.1691999768100024,0.556254164395178,1.5,3.1733112433435853,3.084922627978415,0.6944343617664849
0016GBO__Fevrier,0016GBO,Fevrier,grain_milling,17,non verifiable,0,0.11531305837627187,0.03932261330496131,0.10278902071073447,-0.9047440541250557,-19.804866341750973,0.03897543006757295,0.02565590258073669,0.10173903575150195,0.24751937287078365,1.0,1.7362203451002196,2.074896689526681,0.19088777568087634,0.1847619746112714,0.1258972864994369,0.2,20.0,20.0,0.1,0.1,0.2,0.5,1.7874999999999872,3.373311112026222,3.2335238816803926,0.509658081705151,0.1847619746112714,0.1258972864994369,0.3403650934651797,23.18446940626526,60.31900753212228,0.0654021707945185,0.1317350665941888,0.2191669223791098,0.5915790988916076,1.7874999999999872,3.373311112026222,3.2335238816803926,0.509658081705151
0016GBO__Janvier,0016GBO,Janvier,grain_milling,21,rejetee,1,0.11208315936071395,0.05185856664426416,0.07588761949454101,-0.254097877036773,-20.508650372544448,0.03660728801884641,0.021033555768068646,0.07963130552399422,0.1598756717461729,1.25,3.1319957266413945,3.0330840032457713,0.11785478232563375,0.154031854883585,0.118131943245229,0.2,20.0,20.0,0.1,0.1,0.1922782924595813,0.4356890459363958,2.0,3.3981019577751783,3.591223430424564,0.3880208333333333,0.154031854883585,0.118131943245229,0.2961297147560743,21.81784696984578,30.81508241137952,0.0447338784897506,0.1104632926224866,0.1922782924595813,0.4356890459363958,2.012499999999996,3.3981019577751783,3.591223430424564,0.3880208333333333
0016GBO__Juin,0016GBO,Juin,grain_milling,26,non verifiable,2,0.11355847545166384,0.06060565077866723,0.18120885558050706,-1.8327230329197883,-35.24836244541485,0.04772321385711449,0.024838515316038312,0.0800193985441792,0.3567313851835104,0.0,2.905332666181465,0.9665324359846827,0.1913904556849426,0.2,0.2,0.2,20.0,20.0,0.1,0.1,0.2,0.5,2.0,2.4747598640447537,2.4750691978848143,0.8979864143619604,0.2699159974208973,0.2235845573041067,0.6607261371365628,100.0,144.007763221737,0.0491374745864625,0.645369253155358,0.7697436738263103,1.6737508478408316,3.0,2.4747598640447537,2.4750691978848143,0.8979864143619604
0016GBO__Mai,0016GBO,Mai,grain_milling,29,non verifiable,2,0.11277503632058303,0.04575594965015203,0.159770550489202,-1.4115675239854406,20.638628760339852,-0.015473518284519067,0.03955590453420377,0.1593512466051952,0.1900922841412735,1.25,3.2067346952215425,2.135138222103684,0.20895014257678873,0.2,0.2,0.2,20.0,20.0,0.1,0.1,0.2,0.5,2.0,3.04656033501762,2.965586323605262,0.7676623992413467,0.2785357116569083,0.23715045652315,0.3365875149235908,65.05075845974326,149.26031294452315,0.0387195087398938,0.3726846455678944,0.4192263731177683,1.1429579950582425,3.0,3.04656033501762,2.965586323605262,0.7676623992413467
0016GBO__Mars,0016GBO,Mars,grain_milling,19,non verifiable,0,0.08195048957732394,0.0339168442969338,0.17205731571141145,-2.927624728371772,-15.941822327177984,0.020736786658177575,0.019951748213500653,0.09536950242321515,0.14124002387284615,0.75,2.486776135212246,1.255744191983661,0.15527218206606497,0.1871340857456926,0.1423447865063378,0.2,20.0,20.0,0.1,0.1,0.2,0.5,1.75,3.3156795420752903,3.118159939025212,0.5214322185345924,0.1871340857456926,0.1423447865063378,0.2780631621369596,21.833713888613133,66.65815675261679,0.0451212854777286,0.1593909173545696,0.2368721553746508,0.5009452779464051,1.75,3.3156795420752903,3.118159939025212,0.5214322185345924
0017SAM__Aout_avant_2025-09-25,0017SAM,Aout | avant 2025-09-25,cold_chain,25,non verifiable,2,0.09661478627426016,0.07251226490494413,0.2815464257579696,3.1427509847522606,-16.478203275530102,0.08109682294576875,0.05130772371965264,0.09617868790005363,0.18430725580209395,1.5,4.26083239206837,3.664207611696878,0.189409199297184,0.2,0.2,0.2,20.0,20.0,0.133433460539861,0.1,0.2,0.4821729150726853,2.0,3.9275127699761305,4.030096637277665,0.5740210843373494,0.2544039522320017,0.2066771548934236,0.2390759128688231,22.7371037369729,46.69075144508666,0.133433460539861,0.2630447793170838,0.2482699020357684,0.4821729150726853,3.0,3.9275127699761305,4.030096637277665,0.5740210843373494
0017SAM__Avril_avant_2025-09-25,0017SAM,Avril | avant 2025-09-25,cold_chain,29,non verifiable,3,0.08967911670767317,0.0601454087568509,0.35091757043905547,4.126857788352978,-18.54217914438634,0.14104226920455332,0.049148213344696434,0.06429957002139226,0.19449929798481935,3.0,1.703890210978847,1.2599610550178801,0.17585106780168702,0.2,0.1816031845825229,0.2,20.0,20.0,0.1234491597869746,0.1,0.1939644590897999,0.4266352824578788,2.0,3.5585431370140506,3.3154307287078044,0.6173051075268816,0.2829120843241638,0.1816031845825229,0.2964302840394677,25.079410148378805,32.29946524064169,0.1234491597869746,0.334349669288126,0.1939644590897999,0.4266352824578788,2.5,3.5585431370140506,3.3154307287078044,0.6173051075268816
0017SAM__Avril_depuis_2025-09-25,0017SAM,Avril | depuis 2025-09-25,cold_chain,26,non verifiable,3,0.1018032934619846,0.055539158571744886,0.29353238963695233,-1.6995372444938952,3.0260139188873842,-0.014968767804851235,0.02712637383290628,0.08099004492818623,0.13711838986140948,3.0,4.789878621994867,1.2773925418395198,0.15292508099352398,0.2,0.2,0.2,20.0,20.0,0.1,0.1,0.2,0.5,2.0,4.100929749451075,4.384968007735089,0.7632289416846653,0.3307648215588785,0.2955239073360608,0.3238489467559561,36.12509048292026,76.25269978401728,0.0947389309958145,0.151579157448383,0.2483042387436331,0.7572483588621444,3.0,4.100929749451075,4.384968007735089,0.7632289416846653
0017SAM__Decembre_avant_2025-09-25,0017SAM,Decembre | avant 2025-09-25,cold_chain,30,non verifiable,1,0.06850093891468338,0.051509490046084024,0.09119186984327149,3.3695182081649437,-8.248962198513114,0.06523634463885519,0.00961602530943706,0.03675575422427915,0.022455089820359278,3.0,1.7029328287606436,1.4072847682119207,0.1196790592478999,0.2,0.1954990556841127,0.2,20.0,20.0,0.1646984831834471,0.1,0.1567692156456017,0.25,2.0,2.739168761281839,2.746704579611209,0.5952223273415328,0.2453839230784709,0.1954990556841127,0.220839611247052,20.514217653899543,50.84415584415586,0.1646984831834471,0.1547809348464366,0.1567692156456017,0.0134730538922155,2.037499999999987,2.739168761281839,2.746704579611209,0.5952223273415328
0017SAM__Decembre_depuis_2025-09-25,0017SAM,Decembre | depuis 2025-09-25,cold_chain,10,non verifiable,0,0.046883875024868106,0.027437677788506087,0.07445146912191872,-2.2831693737960475,-2.2998955067921107,6.623440616254639e-05,0.003958718918103177,0.0345217563576483,0.10693608107900197,0.0,1.903857178102869,1.8466516820503893,0.10666144200624891,0.2,0.1703470907654112,0.2,20.0,20.0,0.1100777690700104,0.1,0.1979691976997951,0.4046804434104284,1.0,3.0924806720408324,2.8252506047494013,0.4856321839080459,0.2109577610505797,0.1703470907654112,0.3968293695133639,24.751012829169472,48.48484848484848,0.1100777690700104,0.1420747974794555,0.1979691976997951,0.4046804434104284,0.0,3.0924806720408324,2.8252506047494013,0.4856321839080459
0017SAM__Fevrier_depuis_2025-09-25,0017SAM,Fevrier | depuis 2025-09-25,cold_chain,20,non verifiable,3,0.10491384723946023,0.05297985606090706,0.22829263870372998,-2.0368072564436592,-0.3561750780670552,-0.006893546693816921,0.021590698812650744,0.0643432674046351,0.16548721857410717,0.25,3.8644605621033556,3.0986891810214585,0.245532890097708,0.2,0.2,0.2,20.0,20.0,0.1606331220704401,0.1,0.2,0.5,2.0,3.092881753420149,3.0356601171317923,0.9820036264732548,0.4150799211360947,0.3528345588300867,0.2505394136154913,56.2710846157401,96.21033544877606,0.1606331220704401,0.2742182993859132,0.280180666783787,0.8640361163227013,3.0,3.092881753420149,3.0356601171317923,0.9820036264732548
0017SAM__Janvier_depuis_2025-09-25,0017SAM,Janvier | depuis 2025-09-25,cold_chain,30,non verifiable,2,0.0987979320457311,0.07437373148594059,0.21736644888589432,0.8947029273205208,-5.4557148468210155,0.03239441495325601,0.04012483925111432,0.06427140491531474,0.1657316754977448,3.0,1.2135553110942419,1.0782090673811295,0.16130284028753783,0.2,0.2,0.2,20.0,20.0,0.1827834459650058,0.1,0.2,0.5,2.0,3.1135901220981914,2.953160213609287,0.5169421003281763,0.2765177970223518,0.2513259021936568,0.2147082528459055,27.122448633332755,32.80439905734487,0.1827834459650058,0.1782842356087421,0.2876470063655732,0.5305334778420039,3.0,3.1135901220981914,2.953160213609287,0.5169421003281763
0017SAM__Juillet_avant_2025-09-25,0017SAM,Juillet | avant 2025-09-25,cold_chain,24,non verifiable,3,0.10693321413211375,0.0707032854035856,0.20048315614386342,-3.6538512305461244,-4.979109686613306,0.005440605170997592,0.059419043683770045,0.08794468227153422,0.2420996390263536,1.0,4.329907282025218,3.349781699740397,0.2173516759258819,0.2,0.1943820584643763,0.2,20.0,20.0,0.1842638622732864,0.1,0.2,0.5,2.0,3.089155230261055,3.106210337897242,0.5992222222222221,0.2716799141709064,0.1943820584643763,0.3012451973006296,28.46485221955951,54.74358974358973,0.1842638622732864,0.4779782497579151,0.2560272651814125,0.6522277227722773,2.0,3.089155230261055,3.106210337897242,0.5992222222222221
0017SAM__Juin_avant_2025-09-25,0017SAM,Juin | avant 2025-09-25,cold_chain,30,non verifiable,1,0.07876303231882352,0.04629111570600782,0.11433303578892548,0.06008968609906124,6.191101694915906,-0.029550784239252448,0.017011975340279095,0.04219030442619563,0.2512877468060394,2.5,2.1674183848797153,1.6537800687285222,0.24783361970217632,0.2,0.2,0.2,20.0,20.0,0.115698348299549,0.1,0.1739925231139917,0.5,2.0,3.006635295163349,2.955342813891148,0.5483676975945013,0.2780910909968385,0.2467762437785422,0.2732557572533545,23.29216971369437,50.1864406779661,0.115698348299549,0.2677792007762642,0.1739925231139917,0.5106707317073167,2.0,3.006635295163349,2.955342813891148,0.5483676975945013
0017SAM__Mai_avant_2025-09-25,0017SAM,Mai | avant 2025-09-25,cold_chain,31,non verifiable,0,0.1202976544872837,0.06181772326557781,0.09850629277574485,-5.3644553909958645,-1.2625545485051872,-0.02017101483758227,0.0679013879172159,0.08286513292605502,0.2264660235720001,0.75,2.28119279516578,2.253318354152519,0.20853412508845343,0.2,0.2,0.2,16.719058884531865,20.0,0.1770706493924675,0.1,0.2,0.5,2.0,3.1655923623928723,3.0624806652172816,0.8026273885350319,0.3501282125833129,0.2388905328846302,0.3789145041300604,16.719058884531865,64.96978851963746,0.1770706493924675,0.3435555524572824,0.2345129690090011,0.7835827464788733,3.0,3.1655923623928723,3.0624806652172816,0.8026273885350319
0017SAM__Mars_avant_2025-09-25,0017SAM,Mars | avant 2025-09-25,cold_chain,12,non verifiable,1,0.11264723059707694,0.038296914595857295,0.1744981161629857,0.24456039577866795,-11.008689458689759,0.07888980389855693,0.0734635386365402,0.0459730493626964,0.2672224329792294,2.75,2.3281231911338245,1.5021428047682335,0.23605842269880992,0.2,0.2,0.2,15.61061757465482,20.0,0.2,0.1,0.1820516010646061,0.5,2.0,3.784477051226708,3.9909684709508033,0.6327747989276139,0.3253613450527479,0.2090637181220579,0.2635699174824403,15.61061757465482,30.341880341880344,0.2172796606583735,0.3071441617651484,0.1820516010646061,0.7063732928679819,3.0,3.784477051226708,3.9909684709508033,0.6327747989276139
0017SAM__Mars_depuis_2025-09-25,0017SAM,Mars | depuis 2025-09-25,cold_chain,26,non verifiable,2,0.06871590784316568,0.033326107225371715,0.2878778906249326,-4.292114717790512,-11.160804153400811,0.02192558688376761,0.008224474574096918,0.06038884487560214,0.12007036236060821,3.0,2.7091085987865,2.6278757821387946,0.1349695913917297,0.2,0.190910507637747,0.2,20.0,20.0,0.1,0.1,0.1981999603231291,0.5,2.0,2.82921720605369,2.9070535397587034,0.6194795221843001,0.216705741878335,0.190910507637747,0.2827121413213502,31.11198807331402,52.90927694406546,0.0712684246182346,0.1346611834710626,0.1981999603231291,0.5650519031141866,2.75,2.82921720605369,2.9070535397587034,0.6194795221843001
0017SAM__Novembre_depuis_2025-09-25,0017SAM,Novembre | depuis 2025-09-25,cold_chain,23,non verifiable,1,0.08984549171850932,0.045456682911054085,0.15710237178492603,3.0767050227607764,-1.9206469115201208,0.025849540209593957,0.029111257367732346,0.053486321923844074,0.18497277805158371,2.25,1.8407009193513844,1.3765890314200486,0.18056764748433374,0.2,0.1346468996209341,0.2,20.0,19.95548135781852,0.1,0.1,0.166342637566157,0.3223755544603252,2.0,3.008494319910086,2.976493601259654,0.5609272875816992,0.2324909087220065,0.1346468996209341,0.2158685715206355,21.56346227455282,19.95548135781852,0.0725814684509749,0.2170783148181979,0.166342637566157,0.3223755544603252,2.25,3.008494319910086,2.976493601259654,0.5609272875816992
0017SAM__Octobre_depuis_2025-09-25,0017SAM,Octobre | depuis 2025-09-25,cold_chain,26,non verifiable,5,0.07626034193778473,0.05204979983477069,0.2192214583724565,-3.293565716424971,-22.521281796336158,0.10116319515802685,0.02122490877655847,0.05491471532704459,0.16356147113731434,1.75,3.695733532934132,3.555389221556886,0.1402698769128576,0.2,0.1336434686894322,0.2,20.0,20.0,0.1,0.1,0.1963124904661857,0.4146083351516467,2.0,3.023785012817269,2.828197423119005,0.5120134730538922,0.2228051203219979,0.1336434686894322,0.2030678552846198,21.664649948549847,26.70395227442205,0.0884590370336258,0.2150668251538257,0.1963124904661857,0.4146083351516467,3.0,3.023785012817269,2.828197423119005,0.5120134730538922
0018SAM__Avril_avant_2025-10-02,0018SAM,Avril | avant 2025-10-02,cold_chain,29,non verifiable,4,0.10834879286061476,0.0669502914217966,0.4387783187355975,-1.7393211714831258,-32.39496688652987,0.19367096236731413,0.08298816741587911,0.07107987254318136,0.3169232870109166,0.75,3.2645316467290875,2.495494072843743,0.2865245227466042,0.2,0.2,0.2,20.0,20.0,0.1297725401065796,0.1,0.2,0.5,1.0,3.245490568810456,3.1371818335023165,0.835051020408163,0.3128097628911727,0.247433029253285,0.4249222560499287,37.65737558265455,73.06949806949804,0.1297725401065796,0.5591169187738173,0.2206390028913455,0.8624153498871331,0.75,3.245490568810456,3.1371818335023165,0.835051020408163
0018SAM__Avril_depuis_2025-10-02,0018SAM,Avril | depuis 2025-10-02,cold_chain,27,non verifiable,3,0.05445031360965523,0.04573117191089983,0.09866209937037296,0.060697310095506114,-10.147913773145648,0.02502877560606173,0.01765434303201152,0.06942260560801969,0.011442692187526667,3.0,4.133093700317964,3.7159904113672493,0.09639598569159116,0.194971931974081,0.1420799564237923,0.2,18.06552831290133,20.0,0.1138755788060385,0.1,0.2,0.5,2.0,3.731576601197864,3.6928001015837215,0.6707074721780601,0.194971931974081,0.1420799564237923,0.3883518998023048,18.06552831290133,41.83641975308641,0.1138755788060385,0.3032204753942942,0.2032535127641521,0.5299499999999993,3.0,3.731576601197864,3.6928001015837215,0.6707074721780601
0018SAM__Decembre_depuis_2025-10-02,0018SAM,Decembre | depuis 2025-10-02,cold_chain,10,non verifiable,2,0.15628232698024652,0.04772615160820249,0.47469752069048143,-3.4526978227438376,-7.755453524424558,0.020826707633491037,0.08078596793749848,0.10464000016669768,0.38272146612343255,3.0,2.310474193388757,1.8143244962793321,0.3788578883775309,0.2,0.2,0.2,20.0,20.0,0.1761748220587602,0.1,0.2,0.5,2.0,3.474083483264184,3.4908615179688827,0.913895486935867,0.4425079300892302,0.4198191275558181,0.4353075877894122,47.611202635914346,88.83826879271074,0.1761748220587602,0.1756264288998764,0.2907075327298943,0.9232153569286145,3.0,3.474083483264184,3.4908615179688827,0.913895486935867
0018SAM__Fevrier_avant_2025-10-02,0018SAM,Fevrier | avant 2025-10-02,cold_chain,33,non verifiable,2,0.10355501977465616,0.04610814308424635,0.26869970969593415,2.1988112482037887,-7.718874113477042,0.055252595551417816,0.07684031131730729,0.06412045806025925,0.20732127268554362,2.0,1.6393582961550526,1.354289940420787,0.18541861850759603,0.2,0.2,0.2,20.0,20.0,0.1410625413595172,0.1,0.1697890278317743,0.5,1.0,2.789693945263679,2.613611447107935,0.7659948224852069,0.3434114793905518,0.3015907874659826,0.2694170848081231,47.29662967848734,43.26382978723401,0.1410625413595172,0.2923918354552057,0.1697890278317743,0.7342108890420396,1.0,2.789693945263679,2.613611447107935,0.7659948224852069
0018SAM__Fevrier_depuis_2025-10-02,0018SAM,Fevrier | depuis 2025-10-02,cold_chain,20,non verifiable,2,0.07522303984439976,0.05708985841225018,0.08846450272439718,-0.7789483032812315,4.243004547046133,-0.019002044100830007,0.01697313057217098,0.04778143786098657,0.08446471296851903,0.25,3.6185395806413614,3.5039554037686376,0.1988263652950839,0.2,0.2,0.2,20.0,20.0,0.1,0.1,0.2,0.5,1.0,2.7341002181585807,2.638709797051983,0.5180492638731569,0.283153556345074,0.2355924751074585,0.2122748473408597,26.04860610763172,43.76180482686254,0.0935650685525482,0.4312765978016808,0.2267924100405814,0.5347388955582203,0.25,2.7341002181585807,2.638709797051983,0.5180492638731569
0018SAM__Janvier_avant_2025-10-02,0018SAM,Janvier | avant 2025-10-02,cold_chain,14,non verifiable,2,0.0792959129400838,0.055174841837725204,0.17593347733683354,-2.71566710387139,-28.73785839161231,0.11661334958119068,0.041326641738865466,0.05745738970306176,0.17510882818693116,1.75,3.7432479945775134,3.1153114924500716,0.1530624926384561,0.1647604019343393,0.1390823322229246,0.2,11.610401459854009,20.0,0.2,0.1,0.1428878777030724,0.5,2.0,3.562557034539493,3.643518645791479,0.5530035335689046,0.1647604019343393,0.1390823322229246,0.3530836633426757,11.610401459854009,77.62237762237763,0.2307980294898899,0.3721140126515373,0.1428878777030724,0.7434679334916862,3.0,3.562557034539493,3.643518645791479,0.5530035335689046
0018SAM__Janvier_depuis_2025-10-02,0018SAM,Janvier | depuis 2025-10-02,cold_chain,30,non verifiable,4,0.10877274818914386,0.06808256248735736,0.20738940438251996,1.8117195653427574,-6.639616831581504,0.03576119190907984,0.08629628615372742,0.07865856806892323,0.2693116209743102,3.0,4.976457170952065,3.673864477246227,0.24504554984643617,0.2,0.1438234805074424,0.2,15.337714434805289,20.0,0.1378407464389242,0.1,0.183293883303988,0.5,1.0,3.262840474259734,3.1261666740392813,0.596110914245216,0.24711158533404,0.1438234805074424,0.3314065467320585,15.337714434805289,46.71304885590599,0.1378407464389242,0.418146546175046,0.183293883303988,0.5790868324500611,0.75,3.262840474259734,3.1261666740392813,0.596110914245216
0018SAM__Mars_avant_2025-10-02,0018SAM,Mars | avant 2025-10-02,cold_chain,30,non verifiable,1,0.08541772591231066,0.052343197916704574,0.1884344360769546,1.9698427055170276,-3.4344588926167794,0.025143513346710056,0.054888904832568364,0.045903168992668955,0.15062797770972045,3.0,1.3831720386250643,0.6944426504911564,0.15130177331349645,0.2,0.2,0.2,20.0,20.0,0.1918445509923197,0.1,0.1917508341406235,0.5,2.0,3.185091765061027,3.124943426060971,0.7788938492063491,0.3249542816125364,0.2192244713088014,0.656908756457168,31.987609655521197,45.3691275167785,0.1918445509923197,0.7057670601112116,0.1917508341406235,0.7787391526288919,3.0,3.185091765061027,3.124943426060971,0.7788938492063491
0018SAM__Mars_depuis_2025-10-02,0018SAM,Mars | depuis 2025-10-02,cold_chain,26,non verifiable,3,0.11543793921495321,0.048941351209925266,0.18797434135577581,0.10041103935286766,-2.454330576964494,0.011008256833155983,0.03794240416687533,0.05824349483436457,0.1786484654324854,3.0,6.350432362177163,4.481292296055327,0.211023029456143,0.2,0.2,0.2,20.0,20.0,0.2,0.1,0.2,0.5,2.0,2.930145018775542,2.893101086217523,0.9528547671840356,0.4313606301453725,0.3246963202423337,0.3745734700952827,34.76029032566132,81.4547206165703,0.2161594939454546,0.4680992245944558,0.2596198735445926,0.977908415841584,3.0,2.930145018775542,2.893101086217523,0.9528547671840356
0018SAM__Novembre_depuis_2025-10-02,0018SAM,Novembre | depuis 2025-10-02,cold_chain,24,non verifiable,3,0.0724919894670612,0.04421172369574226,0.29304044233923227,0.8660910815125128,-3.834348370928249,0.015003515679012203,0.01636343013494579,0.06789449154565537,0.20319743130225895,0.0,5.41082822868813,3.5800528011740913,0.1953402565084121,0.2,0.2,0.2,20.0,20.0,0.1,0.1,0.2,0.5,1.0,3.219590367653816,3.235293564474602,0.7639356814701372,0.2671048056573995,0.2348521507116153,0.2836443841638884,39.09560624617262,60.18045112781951,0.0998583688383076,0.1272505398725045,0.2005322131924105,0.7843289526085224,0.0,3.219590367653816,3.235293564474602,0.7639356814701372
0018SAM__Octobre_depuis_2025-10-02,0018SAM,Octobre | depuis 2025-10-02,cold_chain,26,non verifiable,3,0.11147273400408148,0.0730440768280961,0.3455731335543947,-1.5499763952107577,-12.527083741830515,0.05405156703651737,0.0531618408179344,0.08172863135647836,0.18763991849277828,0.0,4.204090182948046,3.114492426960875,0.18984082487161058,0.2,0.2,0.2,20.0,20.0,0.2,0.1,0.2,0.4640032068412613,2.0,2.7068450063274647,2.7251842124883034,0.8522715336134451,0.3818960501579165,0.2650171284065071,0.3620052595878715,37.02544100910471,78.07843137254898,0.2024911048810974,0.7452754895829018,0.3084845115252931,0.4640032068412613,3.0,2.7068450063274647,2.7251842124883034,0.8522715336134451
0035SAM__Avril,0035SAM,Avril,cold_chain,54,non verifiable,2,0.0784563098641585,0.06615516761901634,0.2248877861025796,-2.4795261930469032,-10.391950464392764,0.03754858920625198,0.01934764685990864,0.06645909465539282,0.11050697775835701,3.0,1.998508032053541,1.9414617078358494,0.11899234693877161,0.2,0.2,0.2,20.0,20.0,0.1,0.0915314033412659,0.1294048732056049,0.4808547754034013,2.0,2.8460520109895144,2.764057671357476,0.4987244897959183,0.2469039944567056,0.2408032512512171,0.2261942015126277,48.06192290920124,34.736842105263136,0.0954303432691281,0.0915314033412659,0.1294048732056049,0.4808547754034013,3.0,2.8460520109895144,2.764057671357476,0.4987244897959183
0035SAM__Decembre,0035SAM,Decembre,cold_chain,18,non verifiable,3,0.08771365043214346,0.06120736026329707,0.295262158506677,-0.15994548048525092,-14.469824561404373,0.07500881766888046,0.023371238619637302,0.06098801317957361,0.15268353080569527,0.5,7.255906531531916,3.46242959003211,0.14511813063063833,0.2,0.1732096463354604,0.2,20.0,20.0,0.1,0.1,0.1218153142586768,0.4835308056872036,2.0,3.442322775759781,3.23058474532651,0.5125563063063063,0.211473688617983,0.1732096463354604,0.3015798864979819,23.033730765311294,35.13157894736841,0.094640899122807,0.1075884458693439,0.1218153142586768,0.4835308056872036,2.75,3.442322775759781,3.23058474532651,0.5125563063063063
0035SAM__Fevrier,0035SAM,Fevrier,cold_chain,25,non verifiable,2,0.0961999151809158,0.04031165621482705,0.21410114817716286,3.342218876014869,-7.070979577173827,0.04689674843271341,0.03507874606807804,0.07286517746844785,0.15017110934242192,3.0,2.763504369348806,2.544697521607878,0.15614707652849136,0.2,0.1900941615499925,0.2,20.0,20.0,0.1060147735067306,0.1,0.1294089104516387,0.5,2.0,3.543675989837526,3.233737303349313,0.6169597989949751,0.225066081756162,0.1900941615499925,0.2647535493790438,32.76606179499753,64.60591133004925,0.1060147735067306,0.106025496092464,0.1294089104516387,0.6530160857908849,3.0,3.543675989837526,3.233737303349313,0.6169597989949751
0035SAM__Janvier,0035SAM,Janvier,cold_chain,31,non verifiable,4,0.16863363138590914,0.09680327074214909,0.21395883901117188,5.803234106338287,-9.434539307542169,0.07253245788690837,0.11382400474196253,0.11202767517821582,0.13326499487387614,0.75,10.46959562745499,11.762354058157502,0.3439826061153434,0.2,0.2,0.2,20.0,20.0,0.2,0.1,0.2,0.5,2.0,3.685468173137208,3.316385498082096,0.8290178571428567,0.3613823162067571,0.2294218240132596,0.2646250584094263,42.35158101624371,48.13397129186591,0.2437166444702318,0.7897513440923122,0.3319853245433815,0.9052228412256262,2.25,3.685468173137208,3.316385498082096,0.8290178571428567
0035SAM__Juillet,0035SAM,Juillet,cold_chain,26,rejetee,2,0.100560647147412,0.07273441594513838,0.1654844216842345,1.7458451753102904,-18.007719298246737,0.08186620057305594,0.030990519611069134,0.09156573440495228,0.21451923652686508,0.0,5.465977910489625,4.211708994595162,0.24177060425313174,0.1096566520121169,0.1,0.2,12.533974557865324,18.218623481781368,0.1,0.05,0.1044370184071109,0.25,1.0,3.329461780589459,3.2671814252623257,0.2875518672199168,0.1096566520121169,0.081343857101626,0.2039610785327255,12.533974557865324,18.218623481781368,0.0552118191421339,0.041929858533558,0.1044370184071109,0.1856886227544909,0.25,3.329461780589459,3.2671814252623257,0.2875518672199168
0035SAM__Juin,0035SAM,Juin,cold_chain,27,rejetee,4,0.10126476461128787,0.07449054120505005,0.26347623738283377,4.9399684937177435,-10.187677595636274,0.05572673760443231,0.0494890872568482,0.10906325063809744,0.09977661564633902,3.0,4.542783624531525,3.815766519114066,0.24547157012195156,0.1534175088724664,0.1330472082703571,0.2,20.0,20.0,0.1,0.0589490376059506,0.120524806267135,0.2994412050534498,2.0,3.35525351040888,3.2014989862106247,0.3258208255159474,0.1534175088724664,0.1330472082703571,0.2022296476547125,25.64517979010149,27.5318761384335,0.0425421702152917,0.0589490376059506,0.120524806267135,0.2994412050534498,3.0,3.35525351040888,3.2014989862106247,0.3258208255159474
0035SAM__Mai,0035SAM,Mai,cold_chain,31,rejetee,3,0.0758325955681498,0.04841413785892941,0.19812020417920537,1.0215854469812566,-21.30909569726134,0.09882667337533235,0.024699832050148474,0.07518293741346911,0.19228263648478844,0.25,3.8061552809731225,3.4886365130609858,0.17356941561260814,0.1571419521415983,0.1292865927432505,0.2,20.0,20.0,0.1,0.0554244629308217,0.1035412108142899,0.3087042532146388,1.0,3.0508783482582134,3.02278834816523,0.4202232142857141,0.1571419521415983,0.1292865927432505,0.2333221247821582,26.33033548908649,25.33783783783784,0.0477992492119792,0.0554244629308217,0.1035412108142899,0.3087042532146388,0.5374999999999872,3.0508783482582134,3.02278834816523,0.4202232142857141
0035SAM__Mars,0035SAM,Mars,cold_chain,56,rejetee,2,0.05381856017115404,0.03903956957159883,0.11109514635144319,3.2444734306046104,-1.8621260139555853,0.020424620040121633,0.009077225776945475,0.04516040066513169,0.02823311596978158,2.25,2.9369848768088245,3.1146940084729065,0.10042995278281325,0.1985215547494649,0.1898451439480168,0.2,20.0,20.0,0.1,0.0629958192543826,0.1143843042757847,0.3603222094361334,2.0,3.097407360769668,2.9971828495376336,0.4105560578661844,0.1985215547494649,0.1898451439480168,0.232934846586581,32.73232107053548,32.79286926994905,0.0683365447084499,0.0629958192543826,0.1143843042757847,0.3603222094361334,2.25,3.097407360769668,2.9971828495376336,0.4105560578661844
0035SAM__Novembre,0035SAM,Novembre,cold_chain,25,non verifiable,5,0.15263124850948714,0.08557040947142523,0.3147361139577753,2.5800744150407207,-3.645064575644267,0.028761936591754467,0.11296566953960852,0.11602735966788075,0.3163040166854152,2.0,4.112226014003376,3.832134787524309,0.2878761855544868,0.2,0.2,0.2,20.0,20.0,0.1589388592305667,0.1,0.1809123272074562,0.5,1.5,3.029131617141489,3.045631658907726,0.6805447470817119,0.2854021995378642,0.2243857832630006,0.3221635386483311,32.20730443792089,63.13653136531365,0.1589388592305667,0.2825950713840853,0.1809123272074562,0.7358267716535429,1.5,3.029131617141489,3.045631658907726,0.6805447470817119
0035SAM__Octobre,0035SAM,Octobre,cold_chain,30,non verifiable,3,0.10663798767392187,0.05372935149220857,0.1823189400823276,5.371950678611867,-0.0826923076942466,0.016437254306614135,0.04045915500353103,0.09452530708245371,0.14546043165468198,3.0,5.5207236842105125,4.305291660621176,0.22284868421051307,0.1770916301371134,0.140138544835021,0.2,20.0,20.0,0.1,0.1,0.1591317187333009,0.5,2.0,3.400539319980934,3.332155868796921,0.524802631578947,0.1770916301371134,0.140138544835021,0.2008763750083789,29.30408941719151,45.79487179487175,0.0916858806462836,0.155458476822367,0.1591317187333009,0.541870503597122,3.0,3.400539319980934,3.332155868796921,0.524802631578947
0043SAM__Aout,0043SAM,Aout,grain_milling,27,non verifiable,1,0.08046076559244243,0.0473297207152951,0.20893924177850454,0.32483439556115,-12.593136540830656,0.05226491231851599,0.015262503782241699,0.05379273659661224,0.1360940348106572,0.25,2.0184852118615932,2.036626566250278,0.12686251346428737,0.2,0.2,0.2,20.0,20.0,0.1071046392734972,0.0712864058437654,0.1127264870502529,0.5,1.0,3.2076755264569443,2.8732550203455145,0.9419947681575704,0.4504786952507943,0.4437451667830601,0.3472441737903724,90.8944422419586,91.90705785802209,0.1071046392734972,0.0712864058437654,0.1127264870502529,0.965595157573742,0.2624999999999957,3.2076755264569443,2.8732550203455145,0.9419947681575704
0043SAM__Avril,0043SAM,Avril,grain_milling,26,rejetee,1,0.06180682923571035,0.034590414038930414,0.14191993651185192,-1.6066491691658535,-2.926546188876003,0.0053338423563968895,0.006350648456647567,0.03868829396984229,0.06867115112045664,3.0,2.7721423835636707,2.529150358327821,0.11637094632252697,0.1696912175632538,0.1209253091468795,0.2,14.358146311531806,20.0,0.1,0.0706099629902207,0.1117110351274889,0.257310292193633,2.0,3.730036306425909,3.574986903402546,0.5124865284645618,0.1696912175632538,0.1209253091468795,0.2383189558162696,14.358146311531806,41.97175732217571,0.0971356184839311,0.0706099629902207,0.1117110351274889,0.257310292193633,2.0,3.730036306425909,3.574986903402546,0.5124865284645618
0043SAM__Decembre,0043SAM,Decembre,grain_milling,10,non verifiable,1,0.06921131584844473,0.039470104748173786,0.14403168113975856,0.9685398750307324,-7.395557208548817,0.017659082687732475,0.009425418561073817,0.05397734674283028,0.09268620783288464,2.25,2.3808176393021356,0.9879775890797389,0.12268020664277013,0.2,0.2,0.2,20.0,20.0,0.11033868846462,0.1,0.2,0.5,2.0,3.322439047912325,3.396291577008306,0.6411617527725183,0.2555953293406826,0.2355776095397759,0.3289658954874228,79.35351613867843,61.92859074925615,0.11033868846462,0.2660088539552714,0.4110956585803885,0.6822642367294358,3.0,3.322439047912325,3.396291577008306,0.6411617527725183
0043SAM__Fevrier,0043SAM,Fevrier,grain_milling,22,non verifiable,4,0.11910427170898354,0.05926244949674192,0.24968291512130708,0.7173185857888441,-22.59329361397824,0.08432185788774471,0.025242088281024366,0.07674264028971625,0.1823133820054018,3.0,3.158302589489354,1.540011784133521,0.1783248736421978,0.2,0.2,0.2,20.0,20.0,0.1886202287993927,0.1,0.2,0.5,2.0,2.970937918536849,2.763258491708088,0.8587498550388496,0.3932474819279248,0.3850241973007667,0.468103127277739,93.34457914491566,73.33062739185858,0.1886202287993927,0.4901761338068146,0.516423974146686,1.0,2.049999999999983,2.970937918536849,2.763258491708088,0.8587498550388496
0043SAM__Janvier,0043SAM,Janvier,grain_milling,30,non verifiable,1,0.09514349349780739,0.05496471041484405,0.12825890705359447,-4.690524285816737,-11.272636151020917,0.0204501928265044,0.012368038293714911,0.05094755784227284,0.11078440690490086,3.0,1.4485454603920886,1.0961412634320866,0.14772910228032074,0.2,0.2,0.2,20.0,20.0,0.1346626941961398,0.1,0.2,0.5,2.0,3.249582475658832,3.3014573709782318,0.7152981957901767,0.2975632562785197,0.2611105214328853,0.3987403696339079,69.50942300469333,59.10290678249248,0.1346626941961398,0.3109442003049903,0.3572315299630735,0.9164091886082752,3.0,3.249582475658832,3.3014573709782318,0.7152981957901767
0043SAM__Juillet,0043SAM,Juillet,grain_milling,20,non verifiable,1,0.07485928965681472,0.05558282584335085,0.11453652181076,-3.3044211433894386,-15.348571639678077,0.059439854628068944,0.004971022045041296,0.027350151784849286,0.12428323098674568,3.0,1.2273364573564112,0.8251084978300435,0.1235485741674027,0.2,0.1912614346942683,0.2,20.0,20.0,0.1645322855223706,0.1,0.1528284309665538,0.3284426437072676,1.5,3.723716949960002,3.346503592485155,0.5594715883460107,0.2247467726294152,0.1912614346942683,0.2723083224286033,31.32591831534261,43.08343833123333,0.1645322855223706,0.1123659442810817,0.1528284309665538,0.3284426437072676,1.5,3.723716949960002,3.346503592485155,0.5594715883460107
0043SAM__Juin,0043SAM,Juin,grain_milling,27,non verifiable,1,0.09849713522219823,0.05450602597729124,0.08447404019343331,-0.5083428144772477,-19.666581517293007,0.08559794636286255,0.013503140064053953,0.05041214429011628,0.1470084693365537,3.0,2.261106321451048,1.244131960894095,0.1705647536769483,0.2,0.2,0.2,20.0,20.0,0.1670058335241774,0.1,0.1603607439191349,0.5,2.0,3.634236762677378,3.342236450566216,0.59783044058745,0.2844772585388957,0.2590002177613091,0.3613596292943745,54.98248866012626,42.083423058701925,0.1670058335241774,0.1310496451564579,0.1603607439191349,0.6344977505804952,3.0,3.634236762677378,3.342236450566216,0.59783044058745
0043SAM__Mai,0043SAM,Mai,grain_milling,33,non verifiable,1,0.0938746458383242,0.0573650814562304,0.1487706827839349,-3.1706530651336275,4.710174321848326,-0.021906093343515565,0.011441527904579085,0.053658377009675566,0.13731507210284122,3.0,1.8884002528015664,1.8883495055474613,0.1332427322557795,0.2,0.2,0.2,20.0,20.0,0.1,0.1,0.1865178403742973,0.5,2.0,2.980354728477822,2.857454424125062,0.7169253064847171,0.3024260789093462,0.2867904398064399,0.6612194993298299,70.35275076408733,64.6824208132246,0.087272643481795,0.1374040378371022,0.1865178403742973,0.7388369218016421,2.75,2.980354728477822,2.857454424125062,0.7169253064847171
0043SAM__Mars,0043SAM,Mars,grain_milling,51,non verifiable,1,0.05922793967671145,0.04010331633246746,0.1356413037657657,0.5648571138538585,-7.5402135316282,0.028153887217118145,0.012200980390327798,0.05029579149535764,0.11642825699250908,3.0,1.2648263351104958,0.7816450649440481,0.11179718564966748,0.2,0.2,0.2,20.0,20.0,0.1,0.05,0.1,0.5,1.7624999999999955,2.627420602357876,2.467907776127245,0.5157127415742042,0.2176115219996466,0.2082840025910415,0.2127023359758608,46.00881811966466,52.0807070549217,0.0657686956728315,0.0466956663875098,0.0994223583641059,0.5082409211531591,1.7624999999999955,2.627420602357876,2.467907776127245,0.5157127415742042
0043SAM__Novembre,0043SAM,Novembre,grain_milling,24,non verifiable,2,0.08882582925894095,0.0591491822532899,0.10589432070801914,-4.0391559871038565,-22.837095358563207,0.08251687938402641,0.009147792545211586,0.04090642211786163,0.12303129358967385,3.0,1.5022276646652248,1.5065687151595417,0.1073707533044209,0.2,0.2,0.2,20.0,20.0,0.107963490195324,0.1,0.2,0.5,2.0,2.9724312806031863,2.891697682526285,0.726223667905824,0.3269577138686537,0.2871904001573384,0.2931337904537684,65.40627984462338,57.7975114874283,0.107963490195324,0.2625713233862203,0.2781390504977751,0.8530232276062829,2.75,2.9724312806031863,2.891697682526285,0.726223667905824
0043SAM__Septembre,0043SAM,Septembre,grain_milling,24,rejetee,1,0.06929371214225034,0.04793096758756866,0.055917694931677774,-1.286510366380688,-17.165180588307756,0.06725107522705037,0.010237835373913762,0.046067649796869496,0.12627459389834694,2.75,0.9525135777699354,0.9921066014698642,0.11437983120265993,0.155100538276393,0.1189939618316282,0.2,20.0,20.0,0.1,0.05,0.1,0.3449777680339266,2.0,2.801860091104814,2.745454546485808,0.3844123122750402,0.155100538276393,0.1189939618316282,0.2786370359641297,21.30918565142724,25.376442844731283,0.0480238174953002,0.0405390850348519,0.0838486786740565,0.3449777680339266,2.262499999999996,2.801860091104814,2.745454546485808,0.3844123122750402
0097SAM__Aout,0097SAM,Aout,grain_milling,28,rejetee,1,0.07154702342145387,0.043483895426982055,0.098311208181251,-1.7193891535451562,-15.533767481842746,0.04706533349472397,0.011491487478036078,0.04981800937950885,0.13723349041699448,3.0,2.133561213731585,1.98952849686112,0.11984924101624245,0.145118219260116,0.1,0.2,18.00233110291824,20.0,0.1,0.05,0.1,0.3340868372033498,2.0,3.405177302097451,3.341759068351264,0.3583539265845418,0.145118219260116,0.0854759491567217,0.2009051204875579,18.00233110291824,32.07157758791972,0.0494961639952249,0.0485129184166482,0.0943273441750244,0.3340868372033498,2.0,3.405177302097451,3.341759068351264,0.3583539265845418
0097SAM__Avril,0097SAM,Avril,grain_milling,54,rejetee,1,0.07372781277327876,0.048380059730445596,0.12622280582736095,-0.7757113976370461,-16.01686179148799,0.040406756858571785,0.013458471811214623,0.057612083560077736,0.09368856160851025,3.0,2.1061291714980164,1.6880826904884096,0.13888738986519394,0.1,0.1,0.2,11.609366333609326,20.0,0.1,0.05,0.108761603122725,0.25,2.0,3.3229344172375,3.2448846786084955,0.2321054239294373,0.0945717614307253,0.0563594998557116,0.2413143428826288,11.609366333609326,29.73711842080145,0.0544802796756981,0.0403627901034838,0.108761603122725,0.2327817074887387,2.512499999999996,3.3229344172375,3.2448846786084955,0.2321054239294373
0097SAM__Decembre,0097SAM,Decembre,grain_milling,10,rejetee,4,0.1037551368244903,0.07084130888880111,0.12660733864135262,-3.303052035513941,-43.59898774828078,0.11525511285088666,0.03257125804906158,0.09682069556599918,0.18225130454940278,2.0,4.056519484964515,2.859494203343763,0.11624981281397077,0.1194266430932958,0.1,0.2,18.25585341024772,11.506750022651085,0.1,0.1,0.1505586634158027,0.25,1.0,3.704625296798585,3.783471895125527,0.2713599710066141,0.1194266430932958,0.079706357897035,0.3303858498665641,18.25585341024772,11.506750022651085,0.031880636455999,0.100438334612652,0.1505586634158027,0.2457741477272728,0.25,3.704625296798585,3.783471895125527,0.2713599710066141
0097SAM__Fevrier,0097SAM,Fevrier,grain_milling,40,rejetee,1,0.06525565497868864,0.05203210027236883,0.14407170909870132,-2.4631344099417114,-2.8452718329626574,0.0009017037717719001,0.009523273357788131,0.04831746609519556,0.07079562357021961,3.0,1.855359765051395,1.2147691053502794,0.08194606175558297,0.1263608529369443,0.1,0.2,15.377905156715622,20.0,0.1,0.0729434654333774,0.1261157246749822,0.3043624938944125,2.0,3.331563312391064,3.165694301523269,0.3322426578560939,0.1263608529369443,0.0819383016727088,0.2571242275775184,15.377905156715622,35.18968044561707,0.0724015228102664,0.0729434654333774,0.1261157246749822,0.3043624938944125,2.0,3.331563312391064,3.165694301523269,0.3322426578560939
0097SAM__Janvier,0097SAM,Janvier,grain_milling,30,rejetee,1,0.05673498602309897,0.034113264089404564,0.13269320654815658,-0.9432421341666885,-4.023634541046077,0.006083771638483282,0.011693372969577398,0.06167923077046725,0.046617995673744035,3.0,2.726180825967512,2.475143278357931,0.09335982865901893,0.1215622628404516,0.1,0.2,20.0,20.0,0.1,0.0527077228746183,0.1226742617855526,0.25,2.0,3.2655128633458355,3.079244377067534,0.3027147392171264,0.1215622628404516,0.084694302869691,0.246517677489167,22.2675789106417,29.449837338650436,0.0427999252725697,0.0527077228746183,0.1226742617855526,0.2419081696150766,2.25,3.2655128633458355,3.079244377067534,0.3027147392171264
0097SAM__Juillet,0097SAM,Juillet,grain_milling,32,rejetee,1,0.078013220480818,0.03013517865863871,0.18851754385018268,-1.3142510232160463,-9.16773660494113,0.02749932454863574,0.006757870447547054,0.03693704182234341,0.10452779458991722,3.0,1.9331282899222728,1.7172620823889768,0.11088572802319804,0.1618209150183857,0.1035514669285249,0.2,19.130172398355576,20.0,0.1012445310094861,0.0757130129607912,0.1339222956258268,0.4185080071319908,2.0,3.344778887591587,3.4738350590023783,0.4405880928575889,0.1618209150183857,0.1035514669285249,0.2554440799961333,19.130172398355576,42.94210460538649,0.1012445310094861,0.0757130129607912,0.1339222956258268,0.4185080071319908,2.75,3.344778887591587,3.4738350590023783,0.4405880928575889
0097SAM__Juin,0097SAM,Juin,grain_milling,40,rejetee,1,0.06277277960678421,0.041227080773542805,0.10690607981603845,-0.09109864690431702,-11.271979690357098,0.029664956160887074,0.008224114638056945,0.05340954542883665,0.10213248291506713,2.25,2.8086851281352527,2.4413003248750162,0.11157413493125701,0.104024119013586,0.1,0.2,16.89441881135125,20.0,0.1,0.05,0.1052020804387364,0.25,2.0,3.244174935129721,3.289478161565228,0.2517287602047876,0.104024119013586,0.0611180093881087,0.2131911665430107,16.89441881135125,22.687260735205957,0.0559339209151124,0.0335201674017479,0.1052020804387364,0.2213566328447951,2.25,3.244174935129721,3.289478161565228,0.2517287602047876
0097SAM__Mai,0097SAM,Mai,grain_milling,40,rejetee,2,0.06801457672743054,0.04399838410425064,0.2073425818704667,-0.4827293410918032,-8.142091862532505,0.016392579439508503,0.01770923936905955,0.07243320779377203,0.13691807652659993,1.5,3.2409797988075963,1.925085411625331,0.1226445132555519,0.1,0.1,0.2,15.181791833587145,20.0,0.1,0.05,0.1008013938949996,0.25,1.0,3.3244540113917727,3.297166604343238,0.2208499535971158,0.0949258999546557,0.0586577199804303,0.2149174999093556,15.181791833587145,25.629272036121524,0.0364519476668568,0.0417653728860587,0.1008013938949996,0.1950016892330881,0.5,3.3244540113917727,3.297166604343238,0.2208499535971158
0097SAM__Mars,0097SAM,Mars,grain_milling,54,rejetee,2,0.06149405500793122,0.024834644661852055,0.26670191503147206,-0.007092381967746795,0.01477360600413449,-5.9638690985797105e-05,0.009835029688563979,0.052275528258837495,0.08323942615360672,3.0,2.4778306742630716,1.4949634951023356,0.1232158606420322,0.1208214315172463,0.1,0.2,10.0,20.0,0.1,0.05,0.1127650140229317,0.25,2.0,3.112756941441429,3.0866909263417117,0.3212925130970295,0.1208214315172463,0.0663693458430734,0.2303377434242683,9.882976774921088,33.18728055509112,0.0720814789045613,0.0488976225292955,0.1127650140229317,0.1858512223719821,2.25,3.112756941441429,3.0866909263417117,0.3212925130970295
0097SAM__Novembre,0097SAM,Novembre,grain_milling,24,rejetee,2,0.09021088292564736,0.047786953304301445,0.2198303723496033,-2.981143792441263,-16.141351908051295,0.030675602054954954,0.022992607886848315,0.09782633566630085,0.1248139652355162,3.0,3.496786870870365,3.051652537511408,0.12450580764683758,0.1430355259097391,0.1,0.2,10.0,20.0,0.1,0.0853156928917386,0.1664494867007064,0.3625393890323428,1.5,3.508487939805202,3.3815493257378746,0.3804503820980655,0.1430355259097391,0.0621511673288795,0.2669128197454803,7.546272931869332,31.637354199422266,0.0481342757254666,0.0853156928917386,0.1664494867007064,0.3625393890323428,1.5,3.508487939805202,3.3815493257378746,0.3804503820980655
0097SAM__Octobre,0097SAM,Octobre,grain_milling,24,rejetee,3,0.08401417160271657,0.0544201329356094,0.2426506592381486,0.3576988019083529,-23.65010044815199,0.07054441663016064,0.018802460199752957,0.07696086621816138,0.13277985395189557,1.25,4.18204544451042,2.0412169960896502,0.11611591827274764,0.1476379373915635,0.1,0.2,10.100998414007783,20.0,0.1,0.0789168122875101,0.1379707323515446,0.3348304916732751,1.25,3.2258419030153687,3.155672581884644,0.3308687661434532,0.1476379373915635,0.0633208152178234,0.2608210715115915,10.100998414007783,31.01215312272335,0.0520930845211954,0.0789168122875101,0.1379707323515446,0.3348304916732751,1.25,3.2258419030153687,3.155672581884644,0.3308687661434532
0097SAM__Septembre,0097SAM,Septembre,grain_milling,23,rejetee,2,0.08542760195762215,0.05044674998337425,0.2270692508450634,0.6652498838707579,7.083401656143035,-0.014657556272768296,0.024730600915564893,0.08454999833393169,0.12819094362655986,3.0,2.5849767025593122,1.6681367793165653,0.1283006213996566,0.1812184807025947,0.1191238954124658,0.2,14.39489271924563,20.0,0.1,0.1,0.1861842217624075,0.4571341856878806,1.7624999999999955,3.223792939329181,3.090312387775664,0.4528868394815552,0.1812184807025947,0.1191238954124658,0.2894529262918167,14.39489271924563,44.21116650049849,0.0566047951544443,0.1512277049075795,0.1861842217624075,0.4571341856878806,1.7624999999999955,3.223792939329181,3.090312387775664,0.4528868394815552
0151GBO__Avril_avant_2025-09-17,0151GBO,Avril | avant 2025-09-17,cold_chain,23,non verifiable,5,0.1385502086641127,0.046194186770985614,0.2428255088894213,2.13149940641497,-3.282008020344338,0.03940549711316388,0.09276939518442584,0.047359986787698476,0.37255529921181607,3.0,3.1898468070626134,2.7417401807051247,0.3573765316884678,0.2,0.2,0.1846602553094575,20.0,17.373826291079823,0.1,0.0548157955638606,0.1,0.2683789192795196,2.0,3.1735644099150915,3.1080156243546977,0.4133852389078497,0.231769527917405,0.2166475760418546,0.1846602553094575,20.463307472224976,17.373826291079823,0.0381184140087752,0.0548157955638606,0.0417337030562531,0.2683789192795196,3.0,3.1735644099150915,3.1080156243546977,0.4133852389078497
0151GBO__Avril_depuis_2025-09-17,0151GBO,Avril | depuis 2025-09-17,cold_chain,20,non verifiable,2,0.0946376850153932,0.0444341956027778,0.3106544382042679,0.22948410845326062,-3.936257049569417,0.02325692883034247,0.03912244863962566,0.05520745975669726,0.20418399844013804,3.0,2.68586304936298,1.9944391740962635,0.19693925526579517,0.2,0.1136672547161447,0.2,11.450604472578233,16.752003561887793,0.1,0.1,0.1249272810972358,0.2769660730534252,1.5,3.930821423542513,3.5044992007222966,0.570210631895687,0.2165997661231607,0.1136672547161447,0.2753517084552731,11.450604472578233,16.752003561887793,0.0612323045916252,0.1996726896490766,0.1249272810972358,0.2769660730534252,1.5,3.930821423542513,3.5044992007222966,0.570210631895687
0151GBO__Decembre_depuis_2025-09-17,0151GBO,Decembre | depuis 2025-09-17,cold_chain,11,non verifiable,2,0.1653450083418972,0.08514412291877084,0.23586546605682995,0.8415203954820204,14.787160165485602,-0.06182636545965964,0.07525163879728503,0.10358323785707577,0.24124605371052477,3.0,2.3058252427184467,1.6902285451047612,0.27125134000809675,0.2,0.2,0.2,20.0,20.0,0.1320771767784862,0.1,0.2,0.5,1.0,2.633327020747348,2.4789407123247456,0.7019417475728155,0.4391338958527562,0.4150016414953523,0.3235672433342871,68.96367415619125,66.34429400386847,0.1320771767784862,0.2638291574137615,0.2218575184087127,0.7114391143911438,0.5,2.633327020747348,2.4789407123247456,0.7019417475728155
0151GBO__Fevrier_depuis_2025-09-17,0151GBO,Fevrier | depuis 2025-09-17,cold_chain,19,rejetee,4,0.10603954149192031,0.05881477178819414,0.2553754559021232,0.5249910127144438,-1.9980803494756938,0.019146276389730876,0.06648365581134819,0.03632305682600178,0.2664665576494549,3.0,3.7168718636085005,3.43985700939135,0.24625733427425125,0.1823053343844926,0.161938414521768,0.1981051797728769,10.0,10.0,0.1,0.0726661646456258,0.1,0.4080451821115721,1.0,3.62231547990668,3.3680478184095897,0.5612111205794629,0.1823053343844926,0.161938414521768,0.1981051797728769,9.136567529301738,1.2704791344667703,0.071673184965729,0.0726661646456258,0.059965492181119,0.4080451821115721,0.5,3.62231547990668,3.3680478184095897,0.5612111205794629
0151GBO__Janvier_depuis_2025-09-17,0151GBO,Janvier | depuis 2025-09-17,cold_chain,16,rejetee,3,0.07127145190634747,0.04273460069180697,0.2419984447570102,-0.42382694495260465,-3.274039404998278,0.01897230856853893,0.015428493585185943,0.03400730176356292,0.02089994399750081,3.0,3.400771979503234,2.7085761598311273,0.1281059403783917,0.1122345143398599,0.1,0.2,10.0,10.0,0.1,0.05,0.1,0.25,1.0,2.9752494567015555,3.052597610355408,0.2917382374906647,0.1122345143398599,0.0805926366089168,0.2055997809858037,7.058994133732608,2.861179795125397,0.050854623630899,0.0362259601325615,0.0603208924773554,0.0915479305999806,0.75,2.9752494567015555,3.052597610355408,0.2917382374906647
0151GBO__Juillet_avant_2025-09-17,0151GBO,Juillet | avant 2025-09-17,cold_chain,21,non verifiable,0,0.05606619340768737,0.03364838001858596,0.13759782697343775,-0.8266609864445974,3.03789250261935,-0.015991302677527963,0.013247871321067861,0.03990393856590395,0.016961769192849245,1.0,1.3714733542319748,0.942684505739522,0.0946010155433872,0.2,0.2,0.2,20.0,20.0,0.1806166432090077,0.1,0.2,0.5,2.0,2.5899374625599,2.5875336854871973,0.9952978056426331,0.4991661182571662,0.4991661182571662,1.2790100707183003,100.0,100.0,0.1806166432090077,1.2428212065464832,0.7898788570096156,1.0,3.0,2.5899374625599,2.5875336854871973,0.9952978056426331
0151GBO__Juillet_depuis_2025-09-17,0151GBO,Juillet | depuis 2025-09-17,cold_chain,23,non verifiable,2,0.07268330087294649,0.038616190848125655,0.3424489973178057,1.9814625286957355,-7.92271516745183,0.05392081751494293,0.014886586557220083,0.042845508553487226,0.14781944815232725,3.0,2.738870106624807,0.9347345132743362,0.14354619246251732,0.2,0.2,0.2,20.0,20.0,0.2,0.1,0.2,0.5,2.0,3.2516701463651674,3.014767345337319,0.7126769911504425,0.3947951592452369,0.318126658917654,0.2842406694838665,52.48557987693606,38.26125330979698,0.2174521473258947,0.5606344147591998,0.2711058160800276,0.719031798766018,3.0,3.2516701463651674,3.014767345337319,0.7126769911504425
0151GBO__Juin_avant_2025-09-17,0151GBO,Juin | avant 2025-09-17,cold_chain,26,non verifiable,1,0.07044447087222147,0.04124107014563556,0.22548495788333126,-1.501729543824708,-10.244725311179113,0.03342592941286676,0.021309106321072635,0.05719990678540431,0.08103639013420554,0.0,1.6097891102175221,1.536716171617162,0.13236393759167608,0.2,0.2,0.2,20.0,20.0,0.2,0.1,0.2,0.5,2.0,2.153477816020103,2.0460544652325034,0.7531971947194719,0.3877499657345927,0.3852731163349709,0.2450411759031746,95.7974094818964,77.42998352553542,0.2456303720492488,0.2829731913859749,0.5636886093215724,0.7736976942783945,3.0,2.153477816020103,2.0460544652325034,0.7531971947194719
0151GBO__Juin_depuis_2025-09-17,0151GBO,Juin | depuis 2025-09-17,cold_chain,29,non verifiable,1,0.061954500093902895,0.04584828986491108,0.11298033389196549,-0.5130613123793202,-7.562774746097501,0.02133000709966626,0.03508345531047852,0.07434130106547068,0.0436403342603614,0.25,2.956735133437619,1.9531452941315892,0.09554723051763232,0.2,0.2,0.2,20.0,20.0,0.1569870241474845,0.1,0.2,0.470773381294964,1.0,2.8326295068645786,2.767739736007059,0.5065102389078497,0.2614775207736073,0.2323850552731357,0.3564893318613097,71.51131181484445,42.916098226466566,0.1569870241474845,0.3537360346346269,0.4644736143971209,0.470773381294964,0.5,2.8326295068645786,2.767739736007059,0.5065102389078497
0151GBO__Mai_avant_2025-09-17,0151GBO,Mai | avant 2025-09-17,cold_chain,28,rejetee,1,0.08303820795214846,0.04928421106425104,0.2513056907701788,-0.0013558318119245324,-1.619324181625973,0.01085921191036332,0.025900631902600835,0.03586479841256733,0.11878797707859991,0.75,2.9941576090687634,1.6548400401155887,0.20090874634043876,0.1650246695302762,0.1233687169942468,0.1942589365673433,10.0,10.778775079197471,0.1,0.0914889764769156,0.1,0.269631852092118,1.0,3.333370572879995,3.241642090907806,0.3321871079046424,0.1650246695302762,0.1233687169942468,0.1942589365673433,9.99248276867334,10.778775079197471,0.0748039714197222,0.0914889764769156,0.0796892589369719,0.269631852092118,1.0,3.333370572879995,3.241642090907806,0.3321871079046424
0151GBO__Mai_depuis_2025-09-17,0151GBO,Mai | depuis 2025-09-17,cold_chain,20,non verifiable,0,0.08352384345852415,0.04661553303333205,0.19985040725233613,-0.7575810847236871,-7.414955357143091,0.03296979698127528,0.03431272806352059,0.061803279889580814,0.11904178119273702,0.25,2.1622587562544675,2.6152190909639863,0.12171050998728822,0.2,0.2,0.2,20.0,20.0,0.1,0.1,0.1422628660799748,0.4145614692653672,1.0,2.967668514684096,3.0303472783080205,0.491449249463902,0.2478736365961361,0.2163622551685988,0.3278925307066355,38.29856631696804,29.596428571428547,0.0859812264767843,0.2158806815760026,0.1422628660799748,0.4145614692653672,0.75,2.967668514684096,3.0303472783080205,0.491449249463902
0151GBO__Mars_avant_2025-09-17,0151GBO,Mars | avant 2025-09-17,cold_chain,10,non verifiable,5,0.14344480249367322,0.09822869658311031,0.8184870986247685,-1.629923151162928,-17.028326235643316,0.12963376682469596,0.1418647096492942,0.032384642384382115,0.32778881472062427,3.0,3.5359368402670683,2.4334709633800755,0.24741449402857113,0.2,0.1912089369616062,0.2,10.318518775114311,20.0,0.1,0.1,0.1,0.4856961220597587,2.0,3.2575873541860334,3.4547078947729286,0.3814779270633397,0.2363176777405468,0.1912089369616062,0.717946026588636,10.318518775114311,20.55749128919861,0.0653186019039677,0.6912909188189732,0.0780052754914338,0.4856961220597587,3.0,3.2575873541860334,3.4547078947729286,0.3814779270633397
0151GBO__Mars_depuis_2025-09-17,0151GBO,Mars | depuis 2025-09-17,cold_chain,22,rejetee,1,0.10207409812094985,0.06726488986022865,0.168545388755291,2.830027116400149,-0.3775948613222585,0.025027384666674757,0.041468163162410754,0.021222907368515384,0.0935336967610303,3.0,3.31265113433591,3.0809788643826614,0.20196699011883396,0.160434491763874,0.1048036029154049,0.2,10.0,10.0,0.1,0.1,0.1,0.2956110454197678,2.0,3.541859930494916,3.327680166473669,0.3896667527770601,0.160434491763874,0.1048036029154049,0.2572633599696524,5.650874437035681,2.452317972991785,0.0452224288053283,0.1176160917070029,0.0385052967743911,0.2956110454197678,2.75,3.541859930494916,3.327680166473669,0.3896667527770601
0151GBO__Novembre_depuis_2025-09-17,0151GBO,Novembre | depuis 2025-09-17,cold_chain,30,non verifiable,2,0.07081383834562908,0.04287962701506824,0.2651217676985527,-1.6269796388263755,-0.07702727952165188,-0.00835490216678747,0.016286276856316007,0.035956050012601055,0.09663180794431067,3.0,0.9981071392740817,0.7378995494021441,0.1381730580249198,0.2,0.2,0.2,20.0,20.0,0.1600664420564949,0.1,0.1541541588806528,0.5,2.0,3.2001187986206694,3.1169948893445683,0.5402984397677792,0.2851297335935718,0.2481779098296784,0.2344113614320059,32.36211003445801,34.82511210762332,0.1600664420564949,0.2118288261645303,0.1541541588806528,0.5072383292383292,3.0,3.2001187986206694,3.1169948893445683,0.5402984397677792
0151GBO__Octobre_depuis_2025-09-17,0151GBO,Octobre | depuis 2025-09-17,cold_chain,30,rejetee,2,0.08069668925779297,0.05067091721034798,0.22235476323557873,0.5554289586533792,-12.912870868179747,0.07878814655313016,0.028069828518682005,0.05273482223001389,0.14965134297520696,3.0,2.1614507053746483,1.5672041433763102,0.1479667530902997,0.158251307896898,0.1351116833291615,0.2,20.0,20.0,0.1,0.0658665458626266,0.1,0.25,2.0,3.2870524075253487,3.1447638472790933,0.3235975801382778,0.158251307896898,0.1351116833291615,0.2307475528571343,20.837310639025542,22.284946236559147,0.0612928553650313,0.0658665458626266,0.0846940455831903,0.2318098338759494,3.0,3.2870524075253487,3.1447638472790933,0.3235975801382778
0151GBO__Septembre_avant_2025-09-17,0151GBO,Septembre | avant 2025-09-17,cold_chain,11,non verifiable,0,0.06997334678310237,0.04457861088805148,0.06958725582206336,-0.1790657490461694,-2.3980543043045053,0.010049543474574929,0.007326850780053795,0.03610202604349884,0.08349061625984969,0.75,2.5204853290790616,1.2602426645395308,0.0990912787787762,0.2,0.2,0.2,20.0,20.0,0.2,0.1,0.2,0.2528604118993135,1.0,2.593193828095518,2.605878844523321,0.93018018018018,0.5411642910942074,0.5040590208764568,0.3097414909175399,90.56313359163528,60.36036036036036,0.3673949162230412,1.0800723741136349,0.6266314528850117,0.2528604118993135,0.75,2.593193828095518,2.605878844523321,0.93018018018018
0152GBO__Avril_active,0152GBO,Avril | active,poultry_incubation,24,rejetee,1,0.08601400364656578,0.0415594326598977,0.12114239952209338,-1.1869017274244147,-6.2049211356474405,0.03793332405458161,0.036416228111802895,0.02377147622747132,0.21860024709662423,3.0,2.7335518460546187,2.3675377342416963,0.20033405797102308,0.1957629272248253,0.1687486416865216,0.1964717428332765,12.110147654490332,18.99999999999998,0.1,0.0850652133745331,0.1,0.3144551519644179,2.0,3.282219741055814,3.1899326045636758,0.3381317934782608,0.1957629272248253,0.1687486416865216,0.1964717428332765,12.110147654490332,18.99999999999998,0.0870903781645155,0.0850652133745331,0.0430586277686364,0.3144551519644179,3.0,3.282219741055814,3.1899326045636758,0.3381317934782608
0152GBO__Fevrier_active,0152GBO,Fevrier | active,poultry_incubation,14,non verifiable,2,0.1024167574350312,0.04084546746552751,0.28398304656531226,-0.7699784019550496,-7.593560119812624,0.05171211901089079,0.05112791015335616,0.024901868952670318,0.20051935651266303,3.0,0.7800425324772238,0.6324350415609423,0.19878477124186292,0.2,0.2,0.1880352419145224,20.0,20.0,0.1593712113107972,0.1,0.1,0.5,2.0,3.382140766760975,3.1261009304591374,0.912941176470588,0.6695747726261668,0.6605049786802999,0.1880352419145224,51.21536728342021,40.5648267008986,0.1593712113107972,0.1886666246449997,0.0860565431005934,0.8375713544369487,2.25,3.382140766760975,3.1261009304591374,0.912941176470588
0152GBO__Janvier_active,0152GBO,Janvier | active,poultry_incubation,22,validee,0,0.06562738866852369,0.037238641476195856,0.19392808521270083,-0.5496317665102987,-2.8678220191591146,0.014156904038070461,0.01841477512407097,0.031068356937272182,0.12477022262310532,0.0,2.361165828674282,2.1116107128300223,0.13110319459660405,0.1113230116193679,0.1,0.2,10.240602480532472,10.796344647519588,0.1,0.05,0.1,0.25,1.0,3.2574131467478398,3.048774967036332,0.2114320920043811,0.1113230116193679,0.0853291484454283,0.2051700649450217,10.240602480532472,10.796344647519588,0.0399312128273491,0.0323132382616889,0.051407272748801,0.1543221867628694,1.0,3.2574131467478398,3.048774967036332,0.2114320920043811
0152GBO__Juin_active,0152GBO,Juin | active,poultry_incubation,11,non verifiable,2,0.0910779767869394,0.05528559750506324,0.2834208267484146,0.09454146024836652,-1.1163609364056564,0.01014149699945821,0.02737864399730383,0.011447167478186422,0.18350314228254286,3.0,2.0372910117808765,0.8515165682983413,0.15966218285213346,0.2,0.2,0.2,12.549318197549674,11.635220125786162,0.1249375745154993,0.1,0.1,0.5,2.0,3.705562138383816,3.6643829417090776,0.7121062992125984,0.4806377211566083,0.2804880111339392,0.2284268317170099,12.549318197549674,11.635220125786162,0.1249375745154993,0.9601261204164848,0.0951589267561757,0.735294117647059,3.0,3.705562138383816,3.6643829417090776,0.7121062992125984
0152GBO__Mai_active,0152GBO,Mai | active,poultry_incubation,25,non verifiable,0,0.09532638094467233,0.04169565882345161,0.12490065146259521,-0.1317611531427655,-1.1326585580205488,0.008009166883525154,0.030061091036047483,0.017666128426296494,0.1720968026850582,1.5,1.7059944739698225,1.4978566781983145,0.17025477349632637,0.2,0.2,0.1646012371479288,10.0,10.92625669813728,0.1,0.0873518808311704,0.1,0.3022098569157389,1.5749999999999744,2.723928191346135,2.6582287664056823,0.4438859540087011,0.2459946261774237,0.2143898560074999,0.1646012371479288,9.461353160151054,10.92625669813728,0.0508217278748437,0.0873518808311704,0.0365629353890946,0.3022098569157389,1.5749999999999744,2.723928191346135,2.6582287664056823,0.4438859540087011
0152GBO__Mars_active,0152GBO,Mars | active,poultry_incubation,15,validee,0,0.08623095581915512,0.0386321239234602,0.1819513888283611,-0.41289497439389516,-8.18395618556557,0.060973175795663415,0.034827509970640325,0.02126944821753212,0.212770463023806,0.75,2.851433273240547,2.412334274420341,0.20070846173603726,0.1527280683834846,0.131335870405165,0.2,10.0,10.0,0.1,0.081434685353119,0.1,0.3009874917709018,1.75,3.843878749603208,3.889802395677196,0.3435381355932203,0.1527280683834846,0.131335870405165,0.2386324744073002,9.56686873454987,9.029209621993123,0.0337674638051625,0.081434685353119,0.0375998926854316,0.3009874917709018,1.75,3.843878749603208,3.889802395677196,0.3435381355932203
0154GBO__Aout,0154GBO,Aout,grain_milling,21,rejetee,2,0.10167752176393426,0.06137425855400379,0.09905641506822382,-5.458733601297474,-8.540075295639053,0.005884504289746323,0.03553059163278793,0.11522010913518568,0.17719030233957378,2.5,3.35665482828719,2.976855081022705,0.17883997078252703,0.151415778456555,0.1,0.2,10.0,20.0,0.1,0.0731349715091164,0.168874508752876,0.25,2.0,3.264209775225562,3.4310682043393657,0.3040950665188469,0.151415778456555,0.0777339407531454,0.3295246221841615,8.957452904519723,39.89098300073909,0.0463778059017593,0.0731349715091164,0.168874508752876,0.1571201342618103,2.262499999999996,3.264209775225562,3.4310682043393657,0.3040950665188469
0154GBO__Avril,0154GBO,Avril,grain_milling,46,rejetee,2,0.07718582581697767,0.061357231470788635,0.22166928264558805,-0.3406627229975051,-9.57502650141316,0.02354601571277315,0.026103852951580908,0.07716250179687795,0.16010673012321666,3.0,2.6017208583486893,2.0737985932559013,0.15337598699201987,0.1085631409209746,0.1,0.1759131462402679,18.35678117673597,16.61371336860251,0.1,0.05,0.1087990984390373,0.25,2.0,3.127571869901544,3.1056506131842245,0.2421079028710693,0.1085631409209746,0.0664984400692374,0.1759131462402679,18.35678117673597,16.61371336860251,0.0425751424888502,0.0426826593592338,0.1087990984390373,0.2282703661381706,2.25,3.127571869901544,3.1056506131842245,0.2421079028710693
0154GBO__Fevrier,0154GBO,Fevrier,grain_milling,38,rejetee,1,0.08885590754085196,0.0615136260200646,0.1559871216708683,0.908612556299285,1.7732373350592652,-0.0020126861524764894,0.017332571991742873,0.06370501024945709,0.15466713457387468,3.0,2.820453396343435,2.1698196717811777,0.14781672014885072,0.1404740260609989,0.1,0.2,15.964451537326962,20.0,0.1,0.0635303379485444,0.1232415838267289,0.25,2.0,3.091913781228209,2.8980739411949976,0.3315479721712868,0.1404740260609989,0.0853420901552956,0.2197187143599875,15.964451537326962,49.48845863445151,0.0804183029268341,0.0635303379485444,0.1232415838267289,0.2490357349434981,3.0,3.091913781228209,2.8980739411949976,0.3315479721712868
0154GBO__Janvier,0154GBO,Janvier,grain_milling,21,rejetee,1,0.09353876933180025,0.03701099550999396,0.11462959912550884,-0.36486971556374165,4.958115776082192,-0.011545507288303836,0.01513869807202295,0.06467825084077386,0.16838184098301537,2.75,1.824525400974287,1.5333432294294576,0.15673221692111156,0.1707110104781442,0.1017580293307012,0.2,15.43296580470141,20.0,0.1,0.0939028740308257,0.2,0.4091563926628579,2.0,3.741171321597583,3.983605477087458,0.4007900763358777,0.1707110104781442,0.1017580293307012,0.306922646912823,15.43296580470141,53.272264631043264,0.0882574170892488,0.0939028740308257,0.2003276022489814,0.4091563926628579,3.0,3.741171321597583,3.983605477087458,0.4007900763358777
0154GBO__Juillet,0154GBO,Juillet,grain_milling,44,validee,0,0.0816775821986412,0.043566182250075705,0.09991871023023219,-2.477432344804614,3.5282271522546207,-0.014331455741181859,0.01168546446066443,0.07933833505081687,0.10075610446237482,1.25,1.8843010142248442,2.0510315390696174,0.09420190641248546,0.1448194750292016,0.1,0.2,20.0,20.0,0.1,0.0854361943862666,0.1611599134383058,0.25,1.25,3.3288068291861324,3.187628871139166,0.4205886358009404,0.1448194750292016,0.0929206067574752,0.2582945059763623,23.973396659837302,32.14170020614505,0.064708228616959,0.0854361943862666,0.1611599134383058,0.2023719732813804,1.25,3.3288068291861324,3.187628871139166,0.4205886358009404
0154GBO__Juin,0154GBO,Juin,grain_milling,49,validee,0,0.05989912743583395,0.03245022910518394,0.09510696884862484,-1.82206908800215,-13.341448883673312,0.02706362942599741,0.007283425802208865,0.05277189413636582,0.12232002146830599,1.0,1.8207894927695008,1.4585675085956094,0.11145000633650208,0.1338603352677591,0.111807328396549,0.2,20.0,20.0,0.1,0.05,0.1046572903620119,0.3494725145137879,1.0124999999999955,3.009720482793745,2.948027721856453,0.3685206459931233,0.1338603352677591,0.111807328396549,0.2604327571246127,33.403330500124746,37.12956228510975,0.0340960303992737,0.0342164033173728,0.1046572903620119,0.3494725145137879,1.0124999999999955,3.009720482793745,2.948027721856453,0.3685206459931233
0154GBO__Mai,0154GBO,Mai,grain_milling,36,rejetee,2,0.07286442868940037,0.03915689218567168,0.10594971232624231,0.940752424900256,-20.17889600063438,0.06283014256172781,0.010151455674578092,0.04391468046859117,0.11902354964375567,3.0,1.463146953453957,1.646717549933666,0.10859341456627188,0.1517089547895312,0.102465368217287,0.1959160190408476,19.5305322744347,20.0,0.1,0.0646969059297527,0.1260897132864403,0.372693878028521,2.0,3.381825405116838,2.845399711596234,0.3710677228273829,0.1517089547895312,0.102465368217287,0.1959160190408476,19.5305322744347,37.306392621451856,0.0472339257918023,0.0646969059297527,0.1260897132864403,0.372693878028521,3.0,3.381825405116838,2.845399711596234,0.3710677228273829
0154GBO__Mars,0154GBO,Mars,grain_milling,41,rejetee,1,0.0847643188629005,0.053788696218044725,0.19152536000380468,-1.1280438483753112,-6.477699475592259,0.015775953799594067,0.018123072251928662,0.060582837349243544,0.1534308625608145,3.0,2.7352097996922202,1.582484142153406,0.1478969107546116,0.1724696644325806,0.1015358449054286,0.2,18.7250018005906,20.0,0.1108350098772017,0.0922624153637696,0.1429679766055615,0.3523169073099695,2.0,3.3003055192622086,3.3004695713082346,0.3934633007274523,0.1724696644325806,0.1015358449054286,0.2808045660692216,18.7250018005906,52.07429903241752,0.1108350098772017,0.0922624153637696,0.1429679766055615,0.3523169073099695,3.0,3.3003055192622086,3.3004695713082346,0.3934633007274523
0154GBO__Novembre,0154GBO,Novembre,grain_milling,30,rejetee,1,0.06112359574376994,0.032950484121167356,0.070555900065031,-0.13832015755188293,-17.517752100839687,0.029781741143674434,0.008809529535747762,0.05117365042372579,0.1297591522766942,2.25,1.833015680846567,0.8523704210558337,0.10782276785714463,0.119687270932961,0.1,0.2,20.0,20.0,0.1,0.0796878105368385,0.2,0.25,2.0,3.599814012555122,3.771813853723855,0.3592762605042016,0.119687270932961,0.0641067123261915,0.2285381954362859,25.94806791333401,23.05252100840334,0.0412899484514606,0.0796878105368385,0.2035904797639766,0.24184006270068,2.5,3.599814012555122,3.771813853723855,0.3592762605042016
0154GBO__Octobre,0154GBO,Octobre,grain_milling,29,validee,0,0.05862839479863838,0.023193426405701614,0.10292917639597707,-3.2234134040476836,-1.4869968138864482,-0.0031207736336185954,0.00855734400606556,0.06792155239647635,0.08326319257289391,0.25,2.5710418039991096,2.0136111155507392,0.08475612296747968,0.1247368560421745,0.1,0.2,11.846942930830544,20.0,0.1,0.0597222811751993,0.1934591427983254,0.25,1.0,3.2144651346099566,3.011617379859994,0.3546654581410679,0.1247368560421745,0.0957296271250198,0.2265762268354468,11.846942930830544,39.15985497692812,0.0551720870618038,0.0597222811751993,0.1934591427983254,0.2335201413553694,0.5,3.2144651346099566,3.011617379859994,0.3546654581410679
0154GBO__Septembre,0154GBO,Septembre,grain_milling,22,rejetee,2,0.07735907980609394,0.062475161755463644,0.2001973388586516,0.7804664711965467,-13.851979945412898,0.027669037692769127,0.005110426249577138,0.04452613655598901,0.08419303032627337,3.0,3.0806672351385336,1.262622682560773,0.09442793402159302,0.1300887547202362,0.1,0.2,10.724178435818295,20.0,0.1,0.0564775826445056,0.1467853043110083,0.25,2.0,3.7347200483763583,3.61469292999765,0.3634745461018156,0.1300887547202362,0.0881663777106887,0.2422647664354839,10.724178435818295,51.09611961552154,0.0531594532789241,0.0564775826445056,0.1467853043110083,0.2028791744192737,2.5,3.7347200483763583,3.61469292999765,0.3634745461018156
