client,famille,saison,nom,n_fenetres,etendue_h,debut_h,fin_h,func_cycle,L_etoile,part_ft,var_w,continu,occ,t1_haut,p2_sur_plaque,d_moy,heures_eq,kWh_j,marche_sur_plaque,jours,verdict,n_manques,NRMSE,FFT,E
0016GBO,grain_milling,Avril,0016GBO__Avril,2,12.25,7.75,21.0,15,15,1.0,0.0,0,0.423,4,0.0013333333333333333,0.02666666666666666,0.16989081944444462,1.2741811458333345,0.48,26,non verifiable,2,0.1343988531703002,0.08235857835543049,3.7834334502888467
0016GBO,grain_milling,Decembre,0016GBO__Decembre,1,9.5,8.5,18.0,15,15,0.9736842105263158,0.0,0,1.0,3,0.0013333333333333333,0.051366666666666665,0.3258543912037038,2.4439079340277785,0.48,23,non verifiable,2,0.14049068221610866,0.13451515295258096,-1.1355410072219736
0016GBO,grain_milling,Fevrier,0016GBO__Fevrier,2,9.0,9.5,18.75,15,60,0.7925925925925926,0.1,0,1.0,4,0.0013333333333333333,0.03203333333333333,0.2784965300925933,2.0887239756944496,0.48,17,non verifiable,0,0.11531305837627187,0.10278902071073447,-0.9047440541250557
0016GBO,grain_milling,Janvier,0016GBO__Janvier,2,8.75,8.75,18.0,15,15,0.7504761904761905,0.1,0,0.714,3,0.0013333333333333333,0.05983333333333333,0.1934310532407407,1.4507328993055553,0.48,21,rejetee,1,0.11208315936071395,0.07588761949454101,-0.254097877036773
0016GBO,grain_milling,Juin,0016GBO__Juin,3,7.0,11.0,20.0,15,60,0.669047619047619,0.0,0,0.192,4,0.0,0.028866666666666665,0.04605555555555556,0.3454166666666667,0.48,26,non verifiable,2,0.11355847545166384,0.18120885558050706,-1.8327230329197883
0016GBO,grain_milling,Mai,0016GBO__Mai,2,6.0,11.25,19.0,15,15,1.0,0.1,0,0.172,4,0.0013333333333333333,0.13516666666666668,0.03884610879629631,0.29134581597222237,0.48,29,non verifiable,2,0.11277503632058303,0.159770550489202,-1.4115675239854406
0016GBO,grain_milling,Mars,0016GBO__Mars,3,8.25,10.75,20.25,15,15,0.7272727272727273,0.1,0,1.0,3,0.0013333333333333333,0.023999999999999997,0.17154562037037036,1.2865921527777777,0.48,19,non verifiable,0,0.08195048957732394,0.17205731571141145,-2.927624728371772
0017SAM,cold_chain,Aout,0017SAM__Aout_avant_2025-09-25,1,24.0,0.0,24.0,15,15,1.0,0.0,1,0.28,8,0.0,0.1651,0.8570190972222186,0.23653727083333234,0.5,25,non verifiable,2,0.09661478627426016,0.2815464257579696,3.1427509847522606
0017SAM,cold_chain,Avril,0017SAM__Avril_avant_2025-09-25,1,24.0,0.0,24.0,15,15,1.0,0.1,1,1.0,8,0.0,0.07746666666666667,1.7754513888887398,0.4900245833332922,0.5,29,non verifiable,3,0.08967911670767317,0.35091757043905547,4.126857788352978
0017SAM,cold_chain,Avril,0017SAM__Avril_depuis_2025-09-25,3,16.75,0.0,24.0,15,30,1.0,0.0,1,0.577,10,0.014492753623188406,0.1236,0.9935182291666624,0.5484220624999977,0.64,26,non verifiable,3,0.1018032934619846,0.29353238963695233,-1.6995372444938952
0017SAM,cold_chain,Decembre,0017SAM__Decembre_avant_2025-09-25,2,20.0,0.0,24.0,15,30,0.9875,0.0,1,0.633,8,0.020543478260869566,0.07540000000000001,1.6639621056008775,0.45925354114584216,0.5,30,non verifiable,1,0.06850093891468338,0.09119186984327149,3.3695182081649437
0017SAM,cold_chain,Decembre,0017SAM__Decembre_depuis_2025-09-25,3,14.75,0.0,24.0,15,15,1.0,0.1,1,1.0,10,0.014492753623188406,0.21636666666666668,3.1460570903784357,1.7366235138888966,0.64,10,non verifiable,0,0.046883875024868106,0.07445146912191872,-2.2831693737960475
0017SAM,cold_chain,Fevrier,0017SAM__Fevrier_depuis_2025-09-25,3,16.5,0.0,24.0,15,30,1.0,0.1,1,1.0,10,0.014492753623188406,0.16553333333333334,1.920131818639326,1.0599127638889079,0.64,20,non verifiable,3,0.10491384723946023,0.22829263870372998,-2.0368072564436592
0017SAM,cold_chain,Janvier,0017SAM__Janvier_depuis_2025-09-25,1,24.0,0.0,24.0,15,15,1.0,0.0,1,1.0,11,0.014492753623188406,0.3731333333333334,3.590961893619169,1.9822109652777813,0.64,30,non verifiable,2,0.0987979320457311,0.21736644888589432,0.8947029273205208
0017SAM,cold_chain,Juillet,0017SAM__Juillet_avant_2025-09-25,2,19.75,0.0,24.0,15,30,1.0,0.0,1,1.0,8,0.004528985507246377,0.023033333333333336,0.6372896298812835,0.17589193784723423,0.5,24,non verifiable,3,0.10693321413211375,0.20048315614386342,-3.6538512305461244
0017SAM,cold_chain,Juin,0017SAM__Juin_avant_2025-09-25,3,19.0,0.0,24.0,30,30,1.0,0.1,1,1.0,8,0.028985507246376812,0.026966666666666667,0.8758278985507282,0.24172850000000096,0.5,30,non verifiable,1,0.07876303231882352,0.11433303578892548,0.06008968609906124
0017SAM,cold_chain,Mai,0017SAM__Mai_avant_2025-09-25,2,18.75,0.5,23.75,30,15,0.9733333333333334,0.1,1,0.355,8,0.028985507246376812,0.19123333333333334,0.8532518115942148,0.2354975000000033,0.5,31,non verifiable,0,0.1202976544872837,0.09850629277574485,-5.3644553909958645
0017SAM,cold_chain,Mars,0017SAM__Mars_avant_2025-09-25,1,24.0,0.0,24.0,15,30,1.0,0.0,1,1.0,8,0.028985507246376812,0.14006666666666667,4.24177956421087,1.1707311597222,0.5,12,non verifiable,1,0.11264723059707694,0.1744981161629857,0.24456039577866795
0017SAM,cold_chain,Mars,0017SAM__Mars_depuis_2025-09-25,1,13.25,5.5,18.75,15,30,0.9245283018867925,0.1,1,0.654,10,0.014492753623188406,0.247,1.3307377214170923,0.7345672222222349,0.64,26,non verifiable,2,0.06871590784316568,0.2878778906249326,-4.292114717790512
0017SAM,cold_chain,Novembre,0017SAM__Novembre_depuis_2025-09-25,1,24.0,0.0,24.0,15,15,1.0,0.0,1,1.0,10,0.011576086956521738,0.2149,3.5528216611312753,1.961157556944464,0.64,23,non verifiable,1,0.08984549171850932,0.15710237178492603,3.0767050227607764
0017SAM,cold_chain,Octobre,0017SAM__Octobre_depuis_2025-09-25,2,18.5,0.0,24.0,15,30,0.9864864864864865,0.1,1,1.0,10,0.014492753623188406,0.09959999999999998,1.7680324199879633,0.9759538958333558,0.64,26,non verifiable,5,0.07626034193778473,0.2192214583724565,-3.293565716424971
0018SAM,cold_chain,Avril,0018SAM__Avril_avant_2025-10-02,2,21.25,0.0,24.0,30,30,0.9647058823529412,0.1,1,0.172,10,0.013369565217391305,0.1451,0.6518486249496721,0.1799102204861095,0.68,29,non verifiable,4,0.10834879286061476,0.4387783187355975,-1.7393211714831258
0018SAM,cold_chain,Avril,0018SAM__Avril_depuis_2025-10-02,2,19.25,0.0,24.0,30,15,0.7203463203463204,0.1,1,1.0,12,0.01473790322580645,0.24786666666666665,0.5119593025453811,0.25393181406250903,0.73,27,non verifiable,3,0.05445031360965523,0.09866209937037296,0.060697310095506114
0018SAM,cold_chain,Decembre,0018SAM__Decembre_depuis_2025-10-02,3,21.25,0.0,24.0,30,15,0.9882352941176471,0.1,1,0.6,12,0.016129032258064516,0.20516666666666664,1.8313816381748278,0.9083652925347147,0.73,10,non verifiable,2,0.15628232698024652,0.47469752069048143,-3.4526978227438376
0018SAM,cold_chain,Fevrier,0018SAM__Fevrier_avant_2025-10-02,1,24.0,0.0,24.0,15,15,1.0,0.0,1,1.0,11,0.036231884057971016,0.12953333333333333,3.2535476298310333,0.8979791458333652,0.68,33,non verifiable,2,0.10355501977465616,0.26869970969593415,2.1988112482037887
0018SAM,cold_chain,Fevrier,0018SAM__Fevrier_depuis_2025-10-02,1,23.75,0.25,24.0,15,30,1.0,0.0,1,0.35,12,0.016129032258064516,0.4549,1.804682898955541,0.8951227178819483,0.73,20,non verifiable,2,0.07522303984439976,0.08846450272439718,-0.7789483032812315
0018SAM,cold_chain,Janvier,0018SAM__Janvier_avant_2025-10-02,3,19.0,0.0,24.0,30,15,0.9868421052631579,0.1,1,1.0,9,0.030289855072463765,0.058100000000000006,1.1037642738525566,0.3046389395833056,0.68,14,non verifiable,2,0.0792959129400838,0.17593347733683354,-2.71566710387139
0018SAM,cold_chain,Janvier,0018SAM__Janvier_depuis_2025-10-02,2,23.0,0.0,24.0,30,30,0.9891304347826086,0.0,1,0.667,12,0.016129032258064516,0.31553333333333333,2.0979509041078894,1.040583648437513,0.73,30,non verifiable,4,0.10877274818914386,0.20738940438251996,1.8117195653427574
0018SAM,cold_chain,Mars,0018SAM__Mars_avant_2025-10-02,2,23.0,0.0,24.0,30,30,0.9891304347826086,0.1,1,0.4,11,0.036231884057971016,0.2964,1.5828416616344614,0.4368642986111113,0.68,30,non verifiable,1,0.08541772591231066,0.1884344360769546,1.9698427055170276
0018SAM,cold_chain,Mars,0018SAM__Mars_depuis_2025-10-02,2,23.75,0.0,24.0,15,15,0.9894736842105263,0.0,1,0.269,12,0.016129032258064516,0.2701,0.8127724906894107,0.4031351553819477,0.73,26,non verifiable,3,0.11543793921495321,0.18797434135577581,0.10041103935286766
0018SAM,cold_chain,Novembre,0018SAM__Novembre_depuis_2025-10-02,2,19.5,0.0,24.0,30,30,1.0,0.0,1,0.25,11,0.016129032258064516,0.38589999999999997,0.8302133404037799,0.4117858168402748,0.73,24,non verifiable,3,0.0724919894670612,0.29304044233923227,0.8660910815125128
0018SAM,cold_chain,Octobre,0018SAM__Octobre_depuis_2025-10-02,3,21.25,0.0,24.0,30,30,0.9882352941176471,0.1,1,0.308,12,0.011350806451612903,0.12873333333333334,0.80494498207886,0.39925271111111454,0.73,26,non verifiable,3,0.11147273400408148,0.3455731335543947,-1.5499763952107577
0035SAM,cold_chain,Avril,0035SAM__Avril,2,19.5,0.0,24.0,15,15,1.0,0.1,1,0.63,3,0.028985507246376812,0.09123333333333333,0.8627754881240148,0.2381260347222281,0.2,54,non verifiable,2,0.0784563098641585,0.2248877861025796,-2.4795261930469032
0035SAM,cold_chain,Decembre,0035SAM__Decembre,1,24.0,0.0,24.0,15,15,0.75,0.0,1,0.333,3,0.018695652173913044,0.08209999999999999,0.49302055907809894,0.1360736743055553,0.2,18,non verifiable,3,0.08771365043214346,0.295262158506677,-0.15994548048525092
0035SAM,cold_chain,Fevrier,0035SAM__Fevrier,2,22.0,0.0,24.0,15,30,0.7666666666666667,0.1,1,0.56,3,0.013405797101449277,0.055933333333333335,0.6107674906904184,0.16857182743055546,0.2,25,non verifiable,2,0.0961999151809158,0.21410114817716286,3.342218876014869
0035SAM,cold_chain,Janvier,0035SAM__Janvier,3,19.5,0.0,24.0,15,30,1.0,0.0,1,1.0,3,0.011268115942028985,0.015266666666666666,0.5347972612218168,0.14760404409722144,0.2,31,non verifiable,4,0.16863363138590914,0.21395883901117188,5.803234106338287
0035SAM,cold_chain,Juillet,0035SAM__Juillet,2,14.5,0.0,24.0,15,30,1.0,0.0,1,1.0,2,0.0064130434782608695,0.034466666666666666,0.5712215353261306,0.15765714375001205,0.2,26,rejetee,2,0.100560647147412,0.1654844216842345,1.7458451753102904
0035SAM,cold_chain,Juin,0035SAM__Juin,1,24.0,0.0,24.0,60,30,1.0,0.1,1,1.0,3,0.006956521739130434,0.07376666666666666,0.6138748760819096,0.16942946579860704,0.2,27,rejetee,4,0.10126476461128787,0.26347623738283377,4.9399684937177435
0035SAM,cold_chain,Mai,0035SAM__Mai,1,24.0,0.0,24.0,60,15,0.75,0.1,1,1.0,3,0.004782608695652174,0.10010000000000001,0.5842155268719768,0.16124348541666558,0.2,31,rejetee,3,0.0758325955681498,0.19812020417920537,1.0215854469812566
0035SAM,cold_chain,Mars,0035SAM__Mars,2,23.5,0.0,24.0,15,15,0.7418439716312056,0.1,1,1.0,3,0.013442028985507247,0.06783333333333333,0.7412847649959737,0.20459459513888872,0.2,56,rejetee,2,0.05381856017115404,0.11109514635144319,3.2444734306046104
0035SAM,cold_chain,Novembre,0035SAM__Novembre,2,19.75,0.0,24.0,15,30,0.9873417721518988,0.1,1,0.52,3,0.01619565217391304,0.048499999999999995,0.43046464560688463,0.11880824218750016,0.2,25,non verifiable,5,0.15263124850948714,0.3147361139577753,2.5800744150407207
0035SAM,cold_chain,Octobre,0035SAM__Octobre,1,24.0,0.0,24.0,15,30,1.0,0.0,1,0.367,3,0.0,0.07856666666666666,0.3586527777777752,0.09898816666666596,0.2,30,non verifiable,3,0.10663798767392187,0.1823189400823276,5.371950678611867
0043SAM,grain_milling,Aout,0043SAM__Aout,1,13.5,7.25,20.75,15,15,0.7358024691358025,0.1,0,0.444,12,0.0008,0.44393333333333335,2.0494703972221906,15.371027979166431,0.56,27,non verifiable,1,0.08046076559244243,0.20893924177850454,0.32483439556115
0043SAM,grain_milling,Avril,0043SAM__Avril,1,13.75,7.0,20.75,15,15,0.9818181818181818,0.1,0,1.0,11,0.0008,0.26863333333333334,2.997400797222253,22.480505979166896,0.56,26,rejetee,1,0.06180682923571035,0.14191993651185192,-1.6066491691658535
0043SAM,grain_milling,Decembre,0043SAM__Decembre,3,11.0,7.75,20.25,15,60,1.0,0.1,0,1.0,11,0.0008,0.12713333333333332,0.9341710277777718,7.006282708333289,0.56,10,non verifiable,1,0.06921131584844473,0.14403168113975856,0.9685398750307324
0043SAM,grain_milling,Fevrier,0043SAM__Fevrier,1,14.0,6.75,20.75,15,15,0.75,0.1,0,0.318,11,0.0008,0.17143333333333333,0.7074323416666665,5.305742562499999,0.56,22,non verifiable,4,0.11910427170898354,0.24968291512130708,0.7173185857888441
0043SAM,grain_milling,Janvier,0043SAM__Janvier,2,12.5,7.75,21.25,15,30,0.96,0.1,1,1.0,10,0.0008,0.08466666666666667,0.6710443666666754,5.032832750000066,0.56,30,non verifiable,1,0.09514349349780739,0.12825890705359447,-4.690524285816737
0043SAM,grain_milling,Juillet,0043SAM__Juillet,1,14.75,7.0,21.75,15,15,1.0,0.0,0,0.65,13,0.0008,0.30763333333333337,2.7700930416666747,20.77569781250006,0.56,20,non verifiable,1,0.07485928965681472,0.11453652181076,-3.3044211433894386
0043SAM,grain_milling,Juin,0043SAM__Juin,1,14.0,7.0,21.0,15,60,1.0,0.0,0,1.0,11,0.0008,0.10196666666666669,1.965397501388865,14.740481260416487,0.56,27,non verifiable,1,0.09849713522219823,0.08447404019343331,-0.5083428144772477
0043SAM,grain_milling,Mai,0043SAM__Mai,2,12.5,7.25,20.5,15,30,0.98,0.0,1,1.0,10,0.0008,0.16433333333333333,0.9853227194444512,7.389920395833384,0.56,33,non verifiable,1,0.0938746458383242,0.1487706827839349,-3.1706530651336275
0043SAM,grain_milling,Mars,0043SAM__Mars,1,14.0,7.0,21.0,15,30,1.0,0.1,1,1.0,11,0.0,0.18159999999999998,2.334237847222222,17.506783854166663,0.56,51,non verifiable,1,0.05922793967671145,0.1356413037657657,0.5648571138538585
0043SAM,grain_milling,Novembre,0043SAM__Novembre,2,14.25,7.25,21.75,15,15,0.7368421052631579,0.0,0,0.625,11,0.0008,0.2525,1.6788469611111196,12.591352208333397,0.56,24,non verifiable,2,0.08882582925894095,0.10589432070801914,-4.0391559871038565
0043SAM,grain_milling,Septembre,0043SAM__Septembre,1,13.75,7.0,20.75,15,15,0.7369696969696969,0.0,0,0.917,12,0.0008,0.32813333333333333,3.720374322222176,27.90280741666632,0.56,24,rejetee,1,0.06929371214225034,0.055917694931677774,-1.286510366380688
0097SAM,grain_milling,Aout,0097SAM__Aout,2,14.25,6.75,21.5,15,15,0.7368421052631579,0.0,0,1.0,12,0.0021768707482993197,0.28073333333333333,2.656033508125442,19.521846284722,0.48,28,rejetee,1,0.07154702342145387,0.098311208181251,-1.7193891535451562
0097SAM,grain_milling,Avril,0097SAM__Avril,2,15.0,6.25,22.5,15,15,0.7377777777777778,0.1,0,1.0,10,0.0021768707482993197,0.15563333333333332,1.3995237159863674,10.2864993124998,0.48,54,rejetee,1,0.07372781277327876,0.12622280582736095,-0.7757113976370461
0097SAM,grain_milling,Decembre,0097SAM__Decembre,3,13.25,6.75,20.5,15,15,0.6792452830188679,0.0,0,1.0,10,0.0021768707482993197,0.1173,1.124355273998486,8.264011263888872,0.48,10,rejetee,4,0.1037551368244903,0.12660733864135262,-3.303052035513941
0097SAM,grain_milling,Fevrier,0097SAM__Fevrier,1,14.5,7.0,21.5,15,15,0.7367816091954023,0.0,0,1.0,10,0.0021768707482993197,0.2632666666666667,1.2452388973922865,9.152505895833306,0.48,40,rejetee,1,0.06525565497868864,0.14407170909870132,-2.4631344099417114
0097SAM,grain_milling,Janvier,0097SAM__Janvier,2,13.5,7.25,21.0,15,15,0.9814814814814815,0.1,1,1.0,10,0.0021768707482993197,0.31443333333333334,1.557956152210881,11.450977718749975,0.48,30,rejetee,1,0.05673498602309897,0.13269320654815658,-0.9432421341666885
0097SAM,grain_milling,Juillet,0097SAM__Juillet,2,15.25,6.75,22.5,15,30,0.7256830601092896,0.1,1,1.0,10,0.0021768707482993197,0.22326666666666664,2.0501681131897276,15.068735631944499,0.48,32,rejetee,1,0.078013220480818,0.18851754385018268,-1.3142510232160463
0097SAM,grain_milling,Juin,0097SAM__Juin,1,15.75,6.75,22.5,15,15,0.9841269841269841,0.0,0,1.0,10,0.0021768707482993197,0.17600000000000002,1.6650829393423754,12.238359604166458,0.48,40,rejetee,1,0.06277277960678421,0.10690607981603845,-0.09109864690431702
0097SAM,grain_milling,Mai,0097SAM__Mai,2,13.5,6.5,21.5,10,15,0.6938271604938272,0.1,0,1.0,11,0.0021768707482993197,0.2902666666666667,1.789812189153401,13.155119590277495,0.48,40,rejetee,2,0.06801457672743054,0.2073425818704667,-0.4827293410918032
0097SAM,grain_milling,Mars,0097SAM__Mars,1,15.0,7.0,22.0,15,60,1.0,0.1,0,1.0,11,0.0021768707482993197,0.1469,1.578397116402124,11.601218805555611,0.48,54,rejetee,2,0.06149405500793122,0.26670191503147206,-0.007092381967746795
0097SAM,grain_milling,Novembre,0097SAM__Novembre,2,11.25,6.25,20.75,15,60,1.0,0.1,0,1.0,11,0.0021768707482993197,0.15233333333333332,1.4112971116780095,10.37303377083337,0.48,24,rejetee,2,0.09021088292564736,0.2198303723496033,-2.981143792441263
0097SAM,grain_milling,Octobre,0097SAM__Octobre,3,14.0,6.25,21.5,15,30,1.0,0.1,1,1.0,12,0.0021768707482993197,0.17183333333333337,1.8500791010015125,13.598081392361117,0.48,24,rejetee,3,0.08401417160271657,0.2426506592381486,0.3576988019083529
0097SAM,grain_milling,Septembre,0097SAM__Septembre,2,13.75,6.25,21.0,15,15,0.9272727272727272,0.1,1,1.0,9,0.0021768707482993197,0.3138,1.752751413454185,12.88272288888826,0.48,23,rejetee,2,0.08542760195762215,0.2270692508450634,0.6652498838707579
0151GBO,cold_chain,Avril,0151GBO__Avril_avant_2025-09-17,1,24.0,0.0,24.0,5,15,1.0,0.0,1,1.0,12,0.045454545454545456,0.4181333333333333,11.622655460858587,2.556984201388889,0.65,23,non verifiable,5,0.1385502086641127,0.2428255088894213,2.13149940641497
0151GBO,cold_chain,Avril,0151GBO__Avril_depuis_2025-09-17,2,23.75,0.0,24.0,15,30,0.9894736842105263,0.1,1,1.0,12,0.022727272727272728,0.4487666666666666,6.585418797348476,2.8975842708333293,0.76,20,non verifiable,2,0.0946376850153932,0.3106544382042679,0.22948410845326062
0151GBO,cold_chain,Decembre,0151GBO__Decembre_depuis_2025-09-17,2,18.25,0.0,24.0,15,30,0.7497716894977169,0.0,1,1.0,12,0.022727272727272728,0.22443333333333335,2.63120320391414,1.1577294097222215,0.76,11,non verifiable,2,0.1653450083418972,0.23586546605682995,0.8415203954820204
0151GBO,cold_chain,Fevrier,0151GBO__Fevrier_depuis_2025-09-17,1,24.0,0.0,24.0,15,15,1.0,0.0,1,1.0,14,0.022727272727272728,0.6659,13.885856100063107,6.109776684027767,0.76,19,rejetee,4,0.10603954149192031,0.2553754559021232,0.5249910127144438
0151GBO,cold_chain,Janvier,0151GBO__Janvier_depuis_2025-09-17,2,23.25,0.0,24.0,15,30,0.989247311827957,0.1,1,1.0,13,0.022727272727272728,0.48913333333333336,12.375133009785431,5.44505852430559,0.76,16,rejetee,3,0.07127145190634747,0.2419984447570102,-0.42382694495260465
0151GBO,cold_chain,Juillet,0151GBO__Juillet_avant_2025-09-17,2,21.25,0.0,24.0,15,30,0.7592156862745097,0.0,1,1.0,9,0.04409090909090909,0.11296666666666667,1.4014137310605985,0.3083110208333317,0.65,21,non verifiable,0,0.05606619340768737,0.13759782697343775,-0.8266609864445974
0151GBO,cold_chain,Juillet,0151GBO__Juillet_depuis_2025-09-17,2,20.0,0.0,24.0,15,30,1.0,0.0,1,1.0,12,0.006886363636363636,0.11623333333333334,2.7472768051610035,1.2088017942708416,0.76,23,non verifiable,2,0.07268330087294649,0.3424489973178057,1.9814625286957355
0151GBO,cold_chain,Juin,0151GBO__Juin_avant_2025-09-17,2,21.25,0.0,24.0,15,30,0.7325490196078431,0.0,1,1.0,9,0.03931818181818182,0.2217,1.72165333570077,0.3787637338541694,0.65,26,non verifiable,1,0.07044447087222147,0.22548495788333126,-1.501729543824708
0151GBO,cold_chain,Juin,0151GBO__Juin_depuis_2025-09-17,2,18.75,0.0,24.0,15,15,0.96,0.1,1,0.759,11,0.022727272727272728,0.22033333333333335,1.5344651791351023,0.6751646788194451,0.76,29,non verifiable,1,0.061954500093902895,0.11298033389196549,-0.5130613123793202
0151GBO,cold_chain,Mai,0151GBO__Mai_avant_2025-09-17,2,22.75,0.0,24.0,10,30,1.0,0.1,1,1.0,11,0.045454545454545456,0.5371333333333334,9.744794823232336,2.143854861111114,0.65,28,rejetee,1,0.08303820795214846,0.2513056907701788,-0.0013558318119245324
0151GBO,cold_chain,Mai,0151GBO__Mai_depuis_2025-09-17,2,20.25,0.0,24.0,15,30,0.7226337448559671,0.0,1,1.0,11,0.022727272727272728,0.36613333333333337,3.474866161616162,1.5289411111111113,0.76,20,non verifiable,0,0.08352384345852415,0.19985040725233613,-0.7575810847236871
0151GBO,cold_chain,Mars,0151GBO__Mars_avant_2025-09-17,1,24.0,0.0,24.0,5,15,1.0,0.0,1,1.0,15,0.045454545454545456,0.6322,12.907942629419221,2.8397473784722287,0.65,10,non verifiable,5,0.14344480249367322,0.8184870986247685,-1.629923151162928
0151GBO,cold_chain,Mars,0151GBO__Mars_depuis_2025-09-17,1,24.0,0.0,24.0,15,30,1.0,0.0,1,1.0,12,0.022727272727272728,0.5870666666666667,14.234788273358655,6.263306840277808,0.76,22,rejetee,1,0.10207409812094985,0.168545388755291,2.830027116400149
0151GBO,cold_chain,Novembre,0151GBO__Novembre_depuis_2025-09-17,1,24.0,0.0,24.0,15,15,1.0,0.1,1,1.0,12,0.022727272727272728,0.4555666666666667,6.445072383996225,2.835831848958339,0.76,30,non verifiable,2,0.07081383834562908,0.2651217676985527,-1.6269796388263755
0151GBO,cold_chain,Octobre,0151GBO__Octobre_depuis_2025-09-17,2,22.75,0.0,24.0,15,30,1.0,0.0,1,1.0,12,0.022727272727272728,0.3541,6.236779079861114,2.74418279513889,0.76,30,rejetee,2,0.08069668925779297,0.22235476323557873,0.5554289586533792
0151GBO,cold_chain,Septembre,0151GBO__Septembre_avant_2025-09-17,3,16.75,0.0,24.0,15,15,0.9850746268656716,0.0,1,1.0,14,0.045454545454545456,0.06843333333333333,1.942898989898989,0.4274377777777776,0.65,11,non verifiable,0,0.06997334678310237,0.06958725582206336,-0.1790657490461694
0152GBO,poultry_incubation,Avril,0152GBO__Avril_active,1,24.0,0.0,24.0,15,30,1.0,0.0,1,1.0,14,0.12,0.5126666666666667,11.104842430555584,2.2209684861111167,0.67,24,rejetee,1,0.08601400364656578,0.12114239952209338,-1.1869017274244147
0152GBO,poultry_incubation,Fevrier,0152GBO__Fevrier_active,1,24.0,0.0,24.0,15,15,1.0,0.0,1,1.0,15,0.12,0.39623333333333327,9.279956180555736,1.8559912361111472,0.67,14,non verifiable,2,0.1024167574350312,0.28398304656531226,-0.7699784019550496
0152GBO,poultry_incubation,Janvier,0152GBO__Janvier_active,1,24.0,0.0,24.0,15,15,1.0,0.0,1,1.0,10,0.08105000000000001,0.3003666666666666,7.394304395833084,1.4788608791666167,0.67,22,validee,0,0.06562738866852369,0.19392808521270083,-0.5496317665102987
0152GBO,poultry_incubation,Juin,0152GBO__Juin_active,1,24.0,0.0,24.0,15,30,1.0,0.0,1,1.0,12,0.12,0.43083333333333335,11.502796458333476,2.300559291666695,0.67,11,non verifiable,2,0.0910779767869394,0.2834208267484146,0.09454146024836652
0152GBO,poultry_incubation,Mai,0152GBO__Mai_active,1,24.0,0.0,24.0,5,30,1.0,0.0,1,1.0,13,0.12,0.6775666666666668,14.862591041666988,2.9725182083333976,0.67,25,non verifiable,0,0.09532638094467233,0.12490065146259521,-0.1317611531427655
0152GBO,poultry_incubation,Mars,0152GBO__Mars_active,1,24.0,0.0,24.0,15,15,1.0,0.0,1,1.0,14,0.12,0.6502333333333333,13.361435902777195,2.6722871805554393,0.67,15,validee,0,0.08623095581915512,0.1819513888283611,-0.41289497439389516
0154GBO,grain_milling,Aout,0154GBO__Aout,3,11.5,7.5,20.0,15,30,0.9782608695652174,0.0,1,1.0,6,0.0016,0.2647333333333333,0.5447167638888799,4.085375729166599,0.29,21,rejetee,2,0.10167752176393426,0.09905641506822382,-5.458733601297474
0154GBO,grain_milling,Avril,0154GBO__Avril,1,14.75,7.25,22.0,15,30,0.9661016949152542,0.0,1,1.0,7,0.0016,0.1458,1.0756535583333375,8.06740168750003,0.29,46,rejetee,2,0.07718582581697767,0.22166928264558805,-0.3406627229975051
0154GBO,grain_milling,Fevrier,0154GBO__Fevrier,1,12.5,7.25,19.75,30,60,0.7493333333333333,0.1,0,1.0,6,0.0016,0.1485,0.7465573222222236,5.599179916666677,0.29,38,rejetee,1,0.08885590754085196,0.1559871216708683,0.908612556299285
0154GBO,grain_milling,Janvier,0154GBO__Janvier,3,15.5,5.75,21.75,30,30,0.7010752688172043,0.0,1,1.0,6,0.0016,0.10516666666666667,0.6791715638888846,5.093786729166634,0.29,21,rejetee,1,0.09353876933180025,0.11462959912550884,-0.36486971556374165
0154GBO,grain_milling,Juillet,0154GBO__Juillet,1,15.0,7.25,22.25,15,15,0.9833333333333333,0.0,0,1.0,5,0.0016,0.08236666666666667,0.71399818055556,5.3549863541667,0.29,44,validee,0,0.0816775821986412,0.09991871023023219,-2.477432344804614
0154GBO,grain_milling,Juin,0154GBO__Juin,1,14.0,6.25,20.25,15,30,0.7238095238095238,0.0,1,1.0,6,0.0016,0.14173333333333335,0.7897012000000055,5.922759000000042,0.29,49,validee,0,0.05989912743583395,0.09510696884862484,-1.82206908800215
0154GBO,grain_milling,Mai,0154GBO__Mai,1,13.25,7.25,20.5,15,30,0.9433962264150944,0.1,1,1.0,7,0.0016,0.07626666666666666,1.0718898500000158,8.039173875000118,0.29,36,rejetee,2,0.07286442868940037,0.10594971232624231,0.940752424900256
0154GBO,grain_milling,Mars,0154GBO__Mars,2,14.0,7.25,21.75,15,15,0.9821428571428571,0.0,1,1.0,6,0.0016,0.08786666666666666,0.8035733833333899,6.026800375000424,0.29,41,rejetee,1,0.0847643188629005,0.19152536000380468,-1.1280438483753112
0154GBO,grain_milling,Novembre,0154GBO__Novembre,3,10.75,6.75,19.5,30,15,0.9534883720930233,0.1,0,0.867,5,0.0016,0.0699,0.35832700833333375,2.6874525625000034,0.29,30,rejetee,1,0.06112359574376994,0.070555900065031,-0.13832015755188293
0154GBO,grain_milling,Octobre,0154GBO__Octobre,2,12.0,7.5,20.5,15,60,0.9791666666666666,0.1,0,1.0,6,0.0016,0.07833333333333334,0.5736404361111109,4.302303270833332,0.29,29,validee,0,0.05862839479863838,0.10292917639597707,-3.2234134040476836
0154GBO,grain_milling,Septembre,0154GBO__Septembre,1,13.25,7.75,21.0,15,15,1.0,0.1,1,1.0,7,0.0016,0.1977,0.6707764611111076,5.030823458333307,0.29,22,rejetee,2,0.07735907980609394,0.2001973388586516,0.7804664711965467
